tile,scene_id,hab_label,p_tab
S2A_MSIL2A_20170606T065621_R063_T39QXG_20210209T205041_0000.jpg,S2A_MSIL2A_20170606T065621_R063_T39QXG_20210209T205041,1,0.6015805631360138
S2A_MSIL2A_20170626T065621_R063_T39QXG_20210210T014612_0000.jpg,S2A_MSIL2A_20170626T065621_R063_T39QXG_20210210T014612,0,0.5135175559588143
S2A_MSIL2A_20170805T065621_R063_T39QXG_20210210T194556_0000.jpg,S2A_MSIL2A_20170805T065621_R063_T39QXG_20210210T194556,0,0.5442691163963258
S2A_MSIL2A_20170825T065621_R063_T39QXG_20210201T094547_0000.jpg,S2A_MSIL2A_20170825T065621_R063_T39QXG_20210201T094547,1,0.4408036266384656
S2A_MSIL2A_20180112T070231_R063_T39QXG_20201014T050638_0000.jpg,S2A_MSIL2A_20180112T070231_R063_T39QXG_20201014T050638,0,0.5900006422740217
S2A_MSIL2A_20180201T070111_R063_T39QXG_20201013T174623_0000.jpg,S2A_MSIL2A_20180201T070111_R063_T39QXG_20201013T174623,1,0.773275989927013
S2A_MSIL2A_20180211T070021_R063_T39QXG_20201026T022414_0000.jpg,S2A_MSIL2A_20180211T070021_R063_T39QXG_20201026T022414,0,0.4637850629675346
S2A_MSIL2A_20180221T065911_R063_T39QXG_20201013T234500_0000.jpg,S2A_MSIL2A_20180221T065911_R063_T39QXG_20201013T234500,1,0.9887899189704688
S2A_MSIL2A_20180303T065801_R063_T39QXG_20201013T055226_0000.jpg,S2A_MSIL2A_20180303T065801_R063_T39QXG_20201013T055226,1,1.0
S2A_MSIL2A_20180313T065651_R063_T39QXG_20201013T082101_0000.jpg,S2A_MSIL2A_20180313T065651_R063_T39QXG_20201013T082101,0,0.5068803804747041
S2A_MSIL2A_20180323T065621_R063_T39QXG_20201013T125706_0000.jpg,S2A_MSIL2A_20180323T065621_R063_T39QXG_20201013T125706,0,0.38704440198134865
S2A_MSIL2A_20180701T065621_R063_T39QXG_20201011T104015_0000.jpg,S2A_MSIL2A_20180701T065621_R063_T39QXG_20201011T104015,1,0.7375502234065345
S2A_MSIL2A_20180820T065621_R063_T39QXG_20201011T042051_0000.jpg,S2A_MSIL2A_20180820T065621_R063_T39QXG_20201011T042051,0,0.3336786933737917
S2A_MSIL2A_20180830T065621_R063_T39QXG_20201103T141110_0000.jpg,S2A_MSIL2A_20180830T065621_R063_T39QXG_20201103T141110,1,0.3216479542178775
S2A_MSIL2A_20180909T065621_R063_T39QXG_20201008T231028_0000.jpg,S2A_MSIL2A_20180909T065621_R063_T39QXG_20201008T231028,1,0.7347060429343389
S2A_MSIL2A_20180919T065621_R063_T39QXG_20201009T024121_0000.jpg,S2A_MSIL2A_20180919T065621_R063_T39QXG_20201009T024121,0,0.9126875156118606
S2A_MSIL2A_20180929T065651_R063_T39QXG_20201009T060705_0000.jpg,S2A_MSIL2A_20180929T065651_R063_T39QXG_20201009T060705,0,0.8979712205229256
S2A_MSIL2A_20190107T070251_R063_T39QXG_20201007T232849_0000.jpg,S2A_MSIL2A_20190107T070251_R063_T39QXG_20201007T232849,0,0.2031055896836477
S2A_MSIL2A_20190117T070221_R063_T39QXG_20201008T021414_0000.jpg,S2A_MSIL2A_20190117T070221_R063_T39QXG_20201008T021414,1,0.5845414710534684
S2A_MSIL2A_20190127T070141_R063_T39QXG_20201008T050026_0000.jpg,S2A_MSIL2A_20190127T070141_R063_T39QXG_20201008T050026,0,0.9278518736664727
S2A_MSIL2A_20190206T070051_R063_T39QXG_20201007T142408_0000.jpg,S2A_MSIL2A_20190206T070051_R063_T39QXG_20201007T142408,1,0.153981909012709
S2A_MSIL2A_20190226T065841_R063_T39QXG_20201007T204648_0000.jpg,S2A_MSIL2A_20190226T065841_R063_T39QXG_20201007T204648,1,0.052459006619508766
S2A_MSIL2A_20190308T065721_R063_T39QXG_20201007T042258_0000.jpg,S2A_MSIL2A_20190308T065721_R063_T39QXG_20201007T042258,0,0.024770626834590803
S2A_MSIL2A_20190318T065621_R063_T39QXG_20201007T074707_0000.jpg,S2A_MSIL2A_20190318T065621_R063_T39QXG_20201007T074707,1,0.0359233691162801
S2A_MSIL2A_20190815T065631_R063_T39QXG_20201005T003451_0000.jpg,S2A_MSIL2A_20190815T065631_R063_T39QXG_20201005T003451,1,0.5417458535331011
S2A_MSIL2A_20190825T065621_R063_T39QXG_20201005T043538_0000.jpg,S2A_MSIL2A_20190825T065621_R063_T39QXG_20201005T043538,1,0.8820164177382595
S2A_MSIL2A_20190904T065621_R063_T39QXG_20201004T090539_0000.jpg,S2A_MSIL2A_20190904T065621_R063_T39QXG_20201004T090539,1,0.6935512879458815
S2A_MSIL2A_20200102T070301_R063_T39QXG_20201002T215142_0000.jpg,S2A_MSIL2A_20200102T070301_R063_T39QXG_20201002T215142,1,0.7507824179922349
S2A_MSIL2A_20200112T070241_R063_T39QXG_20201002T173508_0000.jpg,S2A_MSIL2A_20200112T070241_R063_T39QXG_20201002T173508,0,0.08754988719920125
S2A_MSIL2A_20200122T070201_R063_T39QXG_20201002T050518_0000.jpg,S2A_MSIL2A_20200122T070201_R063_T39QXG_20201002T050518,1,0.7139781071870673
S2A_MSIL2A_20200201T070111_R063_T39QXG_20200930T073942_0000.jpg,S2A_MSIL2A_20200201T070111_R063_T39QXG_20200930T073942,0,0.4019416052205373
S2A_MSIL2A_20200221T065911_R063_T39QXG_20200927T132322_0000.jpg,S2A_MSIL2A_20200221T065911_R063_T39QXG_20200927T132322,0,0.5669928519136431
S2A_MSIL2A_20200302T065801_R063_T39QXG_20200926T020245_0000.jpg,S2A_MSIL2A_20200302T065801_R063_T39QXG_20200926T020245,1,0.11674778644496454
S2A_MSIL2A_20200312T065651_R063_T39QXG_20201006T204613_0000.jpg,S2A_MSIL2A_20200312T065651_R063_T39QXG_20201006T204613,0,0.06357848533249479
S2A_MSIL2A_20200322T065621_R063_T39QXG_20201014T192405_0000.jpg,S2A_MSIL2A_20200322T065621_R063_T39QXG_20201014T192405,0,0.15233772600769022
S2A_MSIL2A_20200630T065631_R063_T39QXG_20200824T160716_0000.jpg,S2A_MSIL2A_20200630T065631_R063_T39QXG_20200824T160716,1,0.5256058607245001
S2A_MSIL2A_20200710T065631_R063_T39QXG_20200912T162127_0000.jpg,S2A_MSIL2A_20200710T065631_R063_T39QXG_20200912T162127,0,0.7365681401598259
S2A_MSIL2A_20200730T065631_R063_T39QXG_20200818T030617_0000.jpg,S2A_MSIL2A_20200730T065631_R063_T39QXG_20200818T030617,1,0.42942676890888337
S2A_MSIL2A_20200908T065631_R063_T39QXG_20201027T154720_0000.jpg,S2A_MSIL2A_20200908T065631_R063_T39QXG_20201027T154720,0,0.4471378020522395
S2A_MSIL2A_20200918T065631_R063_T39QXG_20200921T101042_0000.jpg,S2A_MSIL2A_20200918T065631_R063_T39QXG_20200921T101042,1,0.5997558994648701
S2A_MSIL2A_20200928T065651_R063_T39QXG_20201001T020408_0000.jpg,S2A_MSIL2A_20200928T065651_R063_T39QXG_20201001T020408,1,0.4841311762480428
S2A_MSIL2A_20210116T070231_R063_T39QXG_20210116T213026_0000.jpg,S2A_MSIL2A_20210116T070231_R063_T39QXG_20210116T213026,0,0.3292201137297914
S2A_MSIL2A_20210126T070151_R063_T39QXG_20210201T045017_0000.jpg,S2A_MSIL2A_20210126T070151_R063_T39QXG_20210201T045017,1,0.8206460769733477
S2A_MSIL2A_20210205T070051_R063_T39QXG_20210210T170018_0000.jpg,S2A_MSIL2A_20210205T070051_R063_T39QXG_20210210T170018,0,0.3487270574111825
S2A_MSIL2A_20210215T065951_R063_T39QXG_20210215T202348_0000.jpg,S2A_MSIL2A_20210215T065951_R063_T39QXG_20210215T202348,0,0.3083954470775246
S2A_MSIL2A_20210225T065851_R063_T39QXG_20210225T181931_0000.jpg,S2A_MSIL2A_20210225T065851_R063_T39QXG_20210225T181931,1,0.5916060307050693
S2A_MSIL2A_20210307T065731_R063_T39QXG_20210307T203727_0000.jpg,S2A_MSIL2A_20210307T065731_R063_T39QXG_20210307T203727,0,0.7252664044854839
S2A_MSIL2A_20210317T065621_R063_T39QXG_20210317T221928_0000.jpg,S2A_MSIL2A_20210317T065621_R063_T39QXG_20210317T221928,0,0.5163304903722611
S2A_MSIL2A_20210327T065621_R063_T39QXG_20210327T193611_0000.jpg,S2A_MSIL2A_20210327T065621_R063_T39QXG_20210327T193611,0,0.4248041867586317
S2A_MSIL2A_20210725T065631_R063_T39QXG_20210726T051413_0000.jpg,S2A_MSIL2A_20210725T065631_R063_T39QXG_20210726T051413,0,0.6562812851875031
S2A_MSIL2A_20210804T065631_R063_T39QXG_20210804T174443_0000.jpg,S2A_MSIL2A_20210804T065631_R063_T39QXG_20210804T174443,1,0.45358038495865927
S2A_MSIL2A_20210814T065631_R063_T39QXG_20210814T183828_0000.jpg,S2A_MSIL2A_20210814T065631_R063_T39QXG_20210814T183828,0,0.5979511097707445
S2A_MSIL2A_20210824T065621_R063_T39QXG_20210824T155101_0000.jpg,S2A_MSIL2A_20210824T065621_R063_T39QXG_20210824T155101,0,0.32008769187670566
S2A_MSIL2A_20210903T065621_R063_T39QXG_20210903T164501_0000.jpg,S2A_MSIL2A_20210903T065621_R063_T39QXG_20210903T164501,0,0.45442070817683217
S2A_MSIL2A_20210913T065621_R063_T39QXG_20210913T211924_0000.jpg,S2A_MSIL2A_20210913T065621_R063_T39QXG_20210913T211924,0,0.5162913797142425
S2A_MSIL2A_20210923T065631_R063_T39QXG_20210924T013326_0000.jpg,S2A_MSIL2A_20210923T065631_R063_T39QXG_20210924T013326,1,0.5178555784195491
S2A_MSIL2A_20220210T070031_R063_T39QXG_20220221T065843_0000.jpg,S2A_MSIL2A_20220210T070031_R063_T39QXG_20220221T065843,1,0.23740590874163275
S2A_MSIL2A_20220302T065811_R063_T39QXG_20220304T043204_0000.jpg,S2A_MSIL2A_20220302T065811_R063_T39QXG_20220304T043204,1,0.15750228380155437
S2A_MSIL2A_20220302T065811_R063_T39QXG_20240528T164922_0000.jpg,S2A_MSIL2A_20220302T065811_R063_T39QXG_20240528T164922,1,0.10913079731755064
S2A_MSIL2A_20220312T065701_R063_T39QXG_20220312T225303_0000.jpg,S2A_MSIL2A_20220312T065701_R063_T39QXG_20220312T225303,1,0.07701839520257361
S2A_MSIL2A_20220312T065701_R063_T39QXG_20240523T070747_0000.jpg,S2A_MSIL2A_20220312T065701_R063_T39QXG_20240523T070747,1,0.05234200235372652
S2A_MSIL2A_20220322T065631_R063_T39QXG_20220322T215023_0000.jpg,S2A_MSIL2A_20220322T065631_R063_T39QXG_20220322T215023,0,0.07087444159595112
S2A_MSIL2A_20220322T065631_R063_T39QXG_20240522T141858_0000.jpg,S2A_MSIL2A_20220322T065631_R063_T39QXG_20240522T141858,0,0.06605230192134035
S2A_MSIL2A_20220819T065641_R063_T39QXG_20220819T215726_0000.jpg,S2A_MSIL2A_20220819T065641_R063_T39QXG_20220819T215726,1,0.2167891939368157
S2A_MSIL2A_20220819T065641_R063_T39QXG_20240720T015827_0000.jpg,S2A_MSIL2A_20220819T065641_R063_T39QXG_20240720T015827,1,0.1981292388057278
S2A_MSIL2A_20220829T065641_R063_T39QXG_20220830T225205_0000.jpg,S2A_MSIL2A_20220829T065641_R063_T39QXG_20220830T225205,0,0.24587540831911994
S2A_MSIL2A_20220829T065641_R063_T39QXG_20240718T033121_0000.jpg,S2A_MSIL2A_20220829T065641_R063_T39QXG_20240718T033121,0,0.15041848505034666
S2A_MSIL2A_20220908T065631_R063_T39QXG_20220911T052036_0000.jpg,S2A_MSIL2A_20220908T065631_R063_T39QXG_20220911T052036,0,0.13853159911202406
S2A_MSIL2A_20220918T065631_R063_T39QXG_20220919T032927_0000.jpg,S2A_MSIL2A_20220918T065631_R063_T39QXG_20220919T032927,0,0.36300577874933077
S2A_MSIL2A_20220918T065631_R063_T39QXG_20240729T142658_0000.jpg,S2A_MSIL2A_20220918T065631_R063_T39QXG_20240729T142658,0,0.2031558184813316
S2A_MSIL2A_20220928T065651_R063_T39QXG_20220928T234907_0000.jpg,S2A_MSIL2A_20220928T065651_R063_T39QXG_20220928T234907,1,0.4126303772941545
S2A_MSIL2A_20220928T065651_R063_T39QXG_20240730T192859_0000.jpg,S2A_MSIL2A_20220928T065651_R063_T39QXG_20240730T192859,1,0.27330534718481003
S2A_MSIL2A_20230205T070101_R063_T39QXG_20230206T042309_0000.jpg,S2A_MSIL2A_20230205T070101_R063_T39QXG_20230206T042309,1,0.9516745621649703
S2A_MSIL2A_20230205T070101_R063_T39QXG_20240817T062535_0000.jpg,S2A_MSIL2A_20230205T070101_R063_T39QXG_20240817T062535,1,0.8488306456941596
S2A_MSIL2A_20230225T065851_R063_T39QXG_20230227T033301_0000.jpg,S2A_MSIL2A_20230225T065851_R063_T39QXG_20230227T033301,0,0.3881927110550502
S2A_MSIL2A_20230307T065731_R063_T39QXG_20230307T123902_0000.jpg,S2A_MSIL2A_20230307T065731_R063_T39QXG_20230307T123902,1,0.20843029683918188
S2A_MSIL2A_20230307T065731_R063_T39QXG_20240821T003413_0000.jpg,S2A_MSIL2A_20230307T065731_R063_T39QXG_20240821T003413,1,0.17499744430841324
S2A_MSIL2A_20230317T065621_R063_T39QXG_20230317T125717_0000.jpg,S2A_MSIL2A_20230317T065621_R063_T39QXG_20230317T125717,0,0.006364607667261935
S2A_MSIL2A_20230824T065631_R063_T39QXG_20230824T150407_0000.jpg,S2A_MSIL2A_20230824T065631_R063_T39QXG_20230824T150407,1,0.18610174383779368
S2A_MSIL2A_20230824T065631_R063_T39QXG_20241025T152112_0000.jpg,S2A_MSIL2A_20230824T065631_R063_T39QXG_20241025T152112,1,0.20431622196414098
S2A_MSIL2A_20230903T065631_R063_T39QXG_20230903T134044_0000.jpg,S2A_MSIL2A_20230903T065631_R063_T39QXG_20230903T134044,0,0.12230649486282934
S2A_MSIL2A_20230903T065631_R063_T39QXG_20241030T165920_0000.jpg,S2A_MSIL2A_20230903T065631_R063_T39QXG_20241030T165920,0,0.08340283515277494
S2A_MSIL2A_20230913T065631_R063_T39QXG_20230913T132300_0000.jpg,S2A_MSIL2A_20230913T065631_R063_T39QXG_20230913T132300,1,0.16700122915807297
S2A_MSIL2A_20230913T065631_R063_T39QXG_20241027T165012_0000.jpg,S2A_MSIL2A_20230913T065631_R063_T39QXG_20241027T165012,1,0.11660752253578523
S2A_MSIL2A_20230923T065621_R063_T39QXG_20230923T121348_0000.jpg,S2A_MSIL2A_20230923T065621_R063_T39QXG_20230923T121348,1,0.2213964164632707
S2A_MSIL2A_20230923T065621_R063_T39QXG_20241028T071613_0000.jpg,S2A_MSIL2A_20230923T065621_R063_T39QXG_20241028T071613,1,0.08066951959912826
S2A_MSIL2A_20240101T070301_R063_T39QXG_20240101T114458_0000.jpg,S2A_MSIL2A_20240101T070301_R063_T39QXG_20240101T114458,0,0.35268288833408373
S2A_MSIL2A_20240111T070241_R063_T39QXG_20240111T113149_0000.jpg,S2A_MSIL2A_20240111T070241_R063_T39QXG_20240111T113149,1,0.603715859499791
S2A_MSIL2A_20240121T070211_R063_T39QXG_20240121T131026_0000.jpg,S2A_MSIL2A_20240121T070211_R063_T39QXG_20240121T131026,1,0.4907288158823705
S2A_MSIL2A_20240210T070031_R063_T39QXG_20240210T111914_0000.jpg,S2A_MSIL2A_20240210T070031_R063_T39QXG_20240210T111914,1,0.298830652413555
S2A_MSIL2A_20240220T065921_R063_T39QXG_20240220T112915_0000.jpg,S2A_MSIL2A_20240220T065921_R063_T39QXG_20240220T112915,0,0.4200063354418787
S2A_MSIL2A_20240301T065821_R063_T39QXG_20240301T115335_0000.jpg,S2A_MSIL2A_20240301T065821_R063_T39QXG_20240301T115335,0,0.25083757136893575
S2A_MSIL2A_20240311T065701_R063_T39QXG_20240311T150535_0000.jpg,S2A_MSIL2A_20240311T065701_R063_T39QXG_20240311T150535,1,0.36163741226004725
S2A_MSIL2A_20240321T065621_R063_T39QXG_20240321T122014_0000.jpg,S2A_MSIL2A_20240321T065621_R063_T39QXG_20240321T122014,0,0.23800783304794407
S2A_MSIL2A_20240619T065631_R063_T39QXG_20240619T131334_0000.jpg,S2A_MSIL2A_20240619T065631_R063_T39QXG_20240619T131334,1,0.5278596665366981
S2A_MSIL2A_20240719T065621_R063_T39QXG_20240719T132007_0000.jpg,S2A_MSIL2A_20240719T065621_R063_T39QXG_20240719T132007,1,0.5705375383068949
S2A_MSIL2A_20240808T065621_R063_T39QXG_20240808T130850_0000.jpg,S2A_MSIL2A_20240808T065621_R063_T39QXG_20240808T130850,1,0.7700135338110845
S2A_MSIL2A_20240828T065621_R063_T39QXG_20240828T121854_0000.jpg,S2A_MSIL2A_20240828T065621_R063_T39QXG_20240828T121854,0,0.4619036331883095
S2A_MSIL2A_20240907T065621_R063_T39QXG_20240907T115459_0000.jpg,S2A_MSIL2A_20240907T065621_R063_T39QXG_20240907T115459,0,0.49344459283170394
S2A_MSIL2A_20240927T065641_R063_T39QXG_20240927T112652_0000.jpg,S2A_MSIL2A_20240927T065641_R063_T39QXG_20240927T112652,1,0.6739470190554717
S2A_MSIL2A_20241226T070311_R063_T39QXG_20241226T100152_0000.jpg,S2A_MSIL2A_20241226T070311_R063_T39QXG_20241226T100152,1,0.458075863784161
S2A_MSIL2A_20250105T070301_R063_T39QXG_20250105T101308_0000.jpg,S2A_MSIL2A_20250105T070301_R063_T39QXG_20250105T101308,1,0.6116775088906317
S2A_MSIL2A_20250115T070231_R063_T39QXG_20250115T101359_0000.jpg,S2A_MSIL2A_20250115T070231_R063_T39QXG_20250115T101359,1,0.5424023876515323
S2B_MSIL2A_20170731T065619_R063_T39QXG_20210210T172720_0000.jpg,S2B_MSIL2A_20170731T065619_R063_T39QXG_20210210T172720,1,0.5322869837248926
S2B_MSIL2A_20170820T065619_R063_T39QXG_20201015T042237_0000.jpg,S2B_MSIL2A_20170820T065619_R063_T39QXG_20201015T042237,0,0.2826611014143743
S2B_MSIL2A_20170909T065619_R063_T39QXG_20210201T223815_0000.jpg,S2B_MSIL2A_20170909T065619_R063_T39QXG_20210201T223815,1,0.5782007868421454
S2B_MSIL2A_20171228T070259_R063_T39QXG_20201014T170056_0000.jpg,S2B_MSIL2A_20171228T070259_R063_T39QXG_20201014T170056,1,0.6794932946382808
S2B_MSIL2A_20180107T070249_R063_T39QXG_20201014T040002_0000.jpg,S2B_MSIL2A_20180107T070249_R063_T39QXG_20201014T040002,0,0.6330107780165305
S2B_MSIL2A_20180117T070219_R063_T39QXG_20201014T062903_0000.jpg,S2B_MSIL2A_20180117T070219_R063_T39QXG_20201014T062903,0,0.607981669955984
S2B_MSIL2A_20180127T070139_R063_T39QXG_20201014T091640_0000.jpg,S2B_MSIL2A_20180127T070139_R063_T39QXG_20201014T091640,1,0.734491454598759
S2B_MSIL2A_20180216T065929_R063_T39QXG_20201013T220228_0000.jpg,S2B_MSIL2A_20180216T065929_R063_T39QXG_20201013T220228,0,0.5202705649588416
S2B_MSIL2A_20180226T065829_R063_T39QXG_20201104T154320_0000.jpg,S2B_MSIL2A_20180226T065829_R063_T39QXG_20201104T154320,1,1.0
S2B_MSIL2A_20180308T065719_R063_T39QXG_20201013T080744_0000.jpg,S2B_MSIL2A_20180308T065719_R063_T39QXG_20201013T080744,0,0.3382901117634197
S2B_MSIL2A_20180318T065619_R063_T39QXG_20201013T105007_0000.jpg,S2B_MSIL2A_20180318T065619_R063_T39QXG_20201013T105007,0,0.30979871579612517
S2B_MSIL2A_20180328T065919_R063_T39QXG_20201013T154107_0000.jpg,S2B_MSIL2A_20180328T065919_R063_T39QXG_20201013T154107,0,0.39420622955628
S2B_MSIL2A_20180706T065619_R063_T39QXG_20201011T124309_0000.jpg,S2B_MSIL2A_20180706T065619_R063_T39QXG_20201011T124309,0,0.4264767620697204
S2B_MSIL2A_20180716T065619_R063_T39QXG_20201011T163441_0000.jpg,S2B_MSIL2A_20180716T065619_R063_T39QXG_20201011T163441,0,0.5050227211208245
S2B_MSIL2A_20180815T065729_R063_T39QXG_20201011T021229_0000.jpg,S2B_MSIL2A_20180815T065729_R063_T39QXG_20201011T021229,0,0.36320556626112077
S2B_MSIL2A_20180904T065619_R063_T39QXG_20201011T083613_0000.jpg,S2B_MSIL2A_20180904T065619_R063_T39QXG_20201011T083613,0,0.9235271401582282
S2B_MSIL2A_20180914T065619_R063_T39QXG_20201009T011434_0000.jpg,S2B_MSIL2A_20180914T065619_R063_T39QXG_20201009T011434,0,0.22298486778677712
S2B_MSIL2A_20180924T065619_R063_T39QXG_20201009T042750_0000.jpg,S2B_MSIL2A_20180924T065619_R063_T39QXG_20201009T042750,0,0.7664914463640404
S2B_MSIL2A_20190112T070239_R063_T39QXG_20201008T005855_0000.jpg,S2B_MSIL2A_20190112T070239_R063_T39QXG_20201008T005855,0,0.955260314027267
S2B_MSIL2A_20190122T070209_R063_T39QXG_20201008T034450_0000.jpg,S2B_MSIL2A_20190122T070209_R063_T39QXG_20201008T034450,1,0.38334495395080725
S2B_MSIL2A_20190201T070119_R063_T39QXG_20201029T235440_0000.jpg,S2B_MSIL2A_20190201T070119_R063_T39QXG_20201029T235440,0,0.4528602902209721
S2B_MSIL2A_20190211T070019_R063_T39QXG_20201007T155653_0000.jpg,S2B_MSIL2A_20190211T070019_R063_T39QXG_20201007T155653,0,0.4229391844159141
S2B_MSIL2A_20190221T065919_R063_T39QXG_20201007T191341_0000.jpg,S2B_MSIL2A_20190221T065919_R063_T39QXG_20201007T191341,0,0.1794334476352005
S2B_MSIL2A_20190303T065809_R063_T39QXG_20201030T112946_0000.jpg,S2B_MSIL2A_20190303T065809_R063_T39QXG_20201030T112946,1,0.09108962218826691
S2B_MSIL2A_20190313T065649_R063_T39QXG_20201007T061904_0000.jpg,S2B_MSIL2A_20190313T065649_R063_T39QXG_20201007T061904,0,0.026732481445039803
S2B_MSIL2A_20190313T065649_R063_T39QXG_20221118T122016_0000.jpg,S2B_MSIL2A_20190313T065649_R063_T39QXG_20221118T122016,0,0.045589825924866614
S2B_MSIL2A_20190701T065629_R063_T39QXG_20201005T075203_0000.jpg,S2B_MSIL2A_20190701T065629_R063_T39QXG_20201005T075203,1,0.3347046071953128
S2B_MSIL2A_20200107T070249_R063_T39QXG_20201029T121541_0000.jpg,S2B_MSIL2A_20200107T070249_R063_T39QXG_20201029T121541,1,0.6399384770460138
S2B_MSIL2A_20200117T070219_R063_T39QXG_20201002T195630_0000.jpg,S2B_MSIL2A_20200117T070219_R063_T39QXG_20201002T195630,1,0.3497372690586475
S2B_MSIL2A_20200127T070139_R063_T39QXG_20201002T124936_0000.jpg,S2B_MSIL2A_20200127T070139_R063_T39QXG_20201002T124936,0,0.7159752569076063
S2B_MSIL2A_20200206T070049_R063_T39QXG_20201001T025510_0000.jpg,S2B_MSIL2A_20200206T070049_R063_T39QXG_20201001T025510,1,0.8378554566016342
S2B_MSIL2A_20200216T065939_R063_T39QXG_20200929T114644_0000.jpg,S2B_MSIL2A_20200216T065939_R063_T39QXG_20200929T114644,0,0.1582755076301065
S2B_MSIL2A_20200307T065729_R063_T39QXG_20201003T195728_0000.jpg,S2B_MSIL2A_20200307T065729_R063_T39QXG_20201003T195728,0,0.026060932126824005
S2B_MSIL2A_20200317T065619_R063_T39QXG_20201010T111701_0000.jpg,S2B_MSIL2A_20200317T065619_R063_T39QXG_20201010T111701,1,0.09570116947714595
S2B_MSIL2A_20200327T065619_R063_T39QXG_20201027T114721_0000.jpg,S2B_MSIL2A_20200327T065619_R063_T39QXG_20201027T114721,0,0.015871832400271506
S2B_MSIL2A_20200715T065629_R063_T39QXG_20200919T085206_0000.jpg,S2B_MSIL2A_20200715T065629_R063_T39QXG_20200919T085206,0,0.5678534228835579
S2B_MSIL2A_20200725T065629_R063_T39QXG_20200817T124238_0000.jpg,S2B_MSIL2A_20200725T065629_R063_T39QXG_20200817T124238,0,0.6014077586408051
S2B_MSIL2A_20200804T065629_R063_T39QXG_20200816T035441_0000.jpg,S2B_MSIL2A_20200804T065629_R063_T39QXG_20200816T035441,1,0.308025903008918
S2B_MSIL2A_20200913T065629_R063_T39QXG_20201027T093056_0000.jpg,S2B_MSIL2A_20200913T065629_R063_T39QXG_20201027T093056,1,0.43187720541773045
S2B_MSIL2A_20200923T065629_R063_T39QXG_20201028T044418_0000.jpg,S2B_MSIL2A_20200923T065629_R063_T39QXG_20201028T044418,1,0.4895135927342595
S2B_MSIL2A_20210111T070249_R063_T39QXG_20210111T183409_0000.jpg,S2B_MSIL2A_20210111T070249_R063_T39QXG_20210111T183409,0,0.6611890195127653
S2B_MSIL2A_20210121T070209_R063_T39QXG_20210122T122053_0000.jpg,S2B_MSIL2A_20210121T070209_R063_T39QXG_20210122T122053,0,0.6833032747183575
S2B_MSIL2A_20210131T070119_R063_T39QXG_20210201T152028_0000.jpg,S2B_MSIL2A_20210131T070119_R063_T39QXG_20210201T152028,1,0.6281073813482405
S2B_MSIL2A_20210302T065809_R063_T39QXG_20210302T153932_0000.jpg,S2B_MSIL2A_20210302T065809_R063_T39QXG_20210302T153932,1,0.5411369673708384
S2B_MSIL2A_20210312T065659_R063_T39QXG_20210312T174530_0000.jpg,S2B_MSIL2A_20210312T065659_R063_T39QXG_20210312T174530,0,0.2068857571106456
S2B_MSIL2A_20210322T065619_R063_T39QXG_20210323T015515_0000.jpg,S2B_MSIL2A_20210322T065619_R063_T39QXG_20210323T015515,0,0.1933131759346007
S2B_MSIL2A_20210630T065629_R063_T39QXG_20210701T040612_0000.jpg,S2B_MSIL2A_20210630T065629_R063_T39QXG_20210701T040612,1,0.3195653318707554
S2B_MSIL2A_20210720T065629_R063_T39QXG_20210720T171952_0000.jpg,S2B_MSIL2A_20210720T065629_R063_T39QXG_20210720T171952,0,0.8154438241311708
S2B_MSIL2A_20210730T065629_R063_T39QXG_20210730T184548_0000.jpg,S2B_MSIL2A_20210730T065629_R063_T39QXG_20210730T184548,1,0.24899324420963517
S2B_MSIL2A_20210819T065619_R063_T39QXG_20210819T181500_0000.jpg,S2B_MSIL2A_20210819T065619_R063_T39QXG_20210819T181500,0,0.5386635451477529
S2B_MSIL2A_20210829T065619_R063_T39QXG_20210829T203957_0000.jpg,S2B_MSIL2A_20210829T065619_R063_T39QXG_20210829T203957,0,0.4145521040797672
S2B_MSIL2A_20210908T065619_R063_T39QXG_20210908T213712_0000.jpg,S2B_MSIL2A_20210908T065619_R063_T39QXG_20210908T213712,0,0.6057683448450663
S2B_MSIL2A_20210918T065619_R063_T39QXG_20210918T182437_0000.jpg,S2B_MSIL2A_20210918T065619_R063_T39QXG_20210918T182437,1,0.7510280545425938
S2B_MSIL2A_20210928T065649_R063_T39QXG_20210929T000956_0000.jpg,S2B_MSIL2A_20210928T065649_R063_T39QXG_20210929T000956,1,0.694442952741295
S2B_MSIL2A_20220215T065949_R063_T39QXG_20220223T132730_0000.jpg,S2B_MSIL2A_20220215T065949_R063_T39QXG_20220223T132730,1,0.1775558845071312
S2B_MSIL2A_20220307T065729_R063_T39QXG_20220307T200029_0000.jpg,S2B_MSIL2A_20220307T065729_R063_T39QXG_20220307T200029,1,0.15721149740312365
S2B_MSIL2A_20220307T065729_R063_T39QXG_20240524T222725_0000.jpg,S2B_MSIL2A_20220307T065729_R063_T39QXG_20240524T222725,1,0.09489559467829077
S2B_MSIL2A_20220317T065619_R063_T39QXG_20220317T172218_0000.jpg,S2B_MSIL2A_20220317T065619_R063_T39QXG_20220317T172218,0,0.0861664398191736
S2B_MSIL2A_20220317T065619_R063_T39QXG_20240523T103231_0000.jpg,S2B_MSIL2A_20220317T065619_R063_T39QXG_20240523T103231,0,0.06327391846624937
S2B_MSIL2A_20220327T065619_R063_T39QXG_20220327T201724_0000.jpg,S2B_MSIL2A_20220327T065619_R063_T39QXG_20220327T201724,0,0.0900743840730833
S2B_MSIL2A_20220814T065629_R063_T39QXG_20220814T151723_0000.jpg,S2B_MSIL2A_20220814T065629_R063_T39QXG_20220814T151723,1,0.2906645467496039
S2B_MSIL2A_20220814T065629_R063_T39QXG_20240704T011425_0000.jpg,S2B_MSIL2A_20220814T065629_R063_T39QXG_20240704T011425,1,0.21007517748199747
S2B_MSIL2A_20220824T065619_R063_T39QXG_20220825T015302_0000.jpg,S2B_MSIL2A_20220824T065619_R063_T39QXG_20220825T015302,0,0.12061844187321183
S2B_MSIL2A_20220903T065629_R063_T39QXG_20220903T175254_0000.jpg,S2B_MSIL2A_20220903T065629_R063_T39QXG_20220903T175254,0,0.16516990715126345
S2B_MSIL2A_20220913T065629_R063_T39QXG_20220913T171218_0000.jpg,S2B_MSIL2A_20220913T065629_R063_T39QXG_20220913T171218,0,0.23302599046987912
S2B_MSIL2A_20220913T065629_R063_T39QXG_20240726T171436_0000.jpg,S2B_MSIL2A_20220913T065629_R063_T39QXG_20240726T171436,0,0.16430399176989097
S2B_MSIL2A_20220923T065629_R063_T39QXG_20220924T000152_0000.jpg,S2B_MSIL2A_20220923T065629_R063_T39QXG_20220924T000152,1,0.338300155643771
S2B_MSIL2A_20220923T065629_R063_T39QXG_20240725T151945_0000.jpg,S2B_MSIL2A_20220923T065629_R063_T39QXG_20240725T151945,1,0.21743114889391646
S2B_MSIL2A_20230131T070119_R063_T39QXG_20230131T235314_0000.jpg,S2B_MSIL2A_20230131T070119_R063_T39QXG_20230131T235314,1,0.3385105352430686
S2B_MSIL2A_20230210T070029_R063_T39QXG_20230210T205643_0000.jpg,S2B_MSIL2A_20230210T070029_R063_T39QXG_20230210T205643,0,0.3055518344264288
S2B_MSIL2A_20230210T070029_R063_T39QXG_20240813T093046_0000.jpg,S2B_MSIL2A_20230210T070029_R063_T39QXG_20240813T093046,0,0.15733879196654826
S2B_MSIL2A_20230312T065709_R063_T39QXG_20230312T141426_0000.jpg,S2B_MSIL2A_20230312T065709_R063_T39QXG_20230312T141426,1,0.23822823071835206
S2B_MSIL2A_20230312T065709_R063_T39QXG_20240818T170744_0000.jpg,S2B_MSIL2A_20230312T065709_R063_T39QXG_20240818T170744,1,0.09206304456657796
S2B_MSIL2A_20230322T065629_R063_T39QXG_20230322T124101_0000.jpg,S2B_MSIL2A_20230322T065629_R063_T39QXG_20230322T124101,0,0.0894971763171754
S2B_MSIL2A_20230322T065629_R063_T39QXG_20240827T110952_0000.jpg,S2B_MSIL2A_20230322T065629_R063_T39QXG_20240827T110952,0,0.070405458663979
S2B_MSIL2A_20230829T065629_R063_T39QXG_20230829T131134_0000.jpg,S2B_MSIL2A_20230829T065629_R063_T39QXG_20230829T131134,0,0.19527357346158766
S2B_MSIL2A_20230829T065629_R063_T39QXG_20241017T113451_0000.jpg,S2B_MSIL2A_20230829T065629_R063_T39QXG_20241017T113451,0,0.20024444006246478
S2B_MSIL2A_20230908T065629_R063_T39QXG_20230908T143733_0000.jpg,S2B_MSIL2A_20230908T065629_R063_T39QXG_20230908T143733,1,0.24568200793410833
S2B_MSIL2A_20230908T065629_R063_T39QXG_20241023T151834_0000.jpg,S2B_MSIL2A_20230908T065629_R063_T39QXG_20241023T151834,1,0.14175552224269408
S2B_MSIL2A_20230918T065629_R063_T39QXG_20230918T153259_0000.jpg,S2B_MSIL2A_20230918T065629_R063_T39QXG_20230918T153259,0,0.29802960529022837
S2B_MSIL2A_20230918T065629_R063_T39QXG_20241025T081232_0000.jpg,S2B_MSIL2A_20230918T065629_R063_T39QXG_20241025T081232,0,0.060256431810733604
S2B_MSIL2A_20230928T065649_R063_T39QXG_20230928T122354_0000.jpg,S2B_MSIL2A_20230928T065649_R063_T39QXG_20230928T122354,1,0.34733768582240226
S2B_MSIL2A_20230928T065649_R063_T39QXG_20241102T043937_0000.jpg,S2B_MSIL2A_20230928T065649_R063_T39QXG_20241102T043937,1,0.12450469528072433
S2B_MSIL2A_20231227T070309_R063_T39QXG_20231227T102112_0000.jpg,S2B_MSIL2A_20231227T070309_R063_T39QXG_20231227T102112,1,0.4229483680138457
S2B_MSIL2A_20240106T070259_R063_T39QXG_20240106T101530_0000.jpg,S2B_MSIL2A_20240106T070259_R063_T39QXG_20240106T101530,0,0.5624194211996517
S2B_MSIL2A_20240215T065959_R063_T39QXG_20240215T111952_0000.jpg,S2B_MSIL2A_20240215T065959_R063_T39QXG_20240215T111952,1,0.43438959609385225
S2B_MSIL2A_20240306T065739_R063_T39QXG_20240306T111016_0000.jpg,S2B_MSIL2A_20240306T065739_R063_T39QXG_20240306T111016,1,0.4586568742789484
S2B_MSIL2A_20240316T065629_R063_T39QXG_20240316T121959_0000.jpg,S2B_MSIL2A_20240316T065629_R063_T39QXG_20240316T121959,0,0.3267685790295918
S2B_MSIL2A_20240326T065619_R063_T39QXG_20240326T132139_0000.jpg,S2B_MSIL2A_20240326T065619_R063_T39QXG_20240326T132139,0,0.17861878685609714
S2B_MSIL2A_20240624T065629_R063_T39QXG_20240624T103302_0000.jpg,S2B_MSIL2A_20240624T065629_R063_T39QXG_20240624T103302,1,0.6460102860655851
S2B_MSIL2A_20240704T065629_R063_T39QXG_20240705T224349_0000.jpg,S2B_MSIL2A_20240704T065629_R063_T39QXG_20240705T224349,0,0.35163707044350445
S2B_MSIL2A_20240714T065619_R063_T39QXG_20240714T115201_0000.jpg,S2B_MSIL2A_20240714T065619_R063_T39QXG_20240714T115201,1,0.632348313474585
S2B_MSIL2A_20240813T065629_R063_T39QXG_20240813T121221_0000.jpg,S2B_MSIL2A_20240813T065629_R063_T39QXG_20240813T121221,0,0.5232524528141932
S2B_MSIL2A_20240823T065619_R063_T39QXG_20240823T113539_0000.jpg,S2B_MSIL2A_20240823T065619_R063_T39QXG_20240823T113539,1,0.7258650556455433
S2B_MSIL2A_20240902T065629_R063_T39QXG_20240902T111143_0000.jpg,S2B_MSIL2A_20240902T065629_R063_T39QXG_20240902T111143,0,0.49752850728733483
S2B_MSIL2A_20240912T065619_R063_T39QXG_20240912T130211_0000.jpg,S2B_MSIL2A_20240912T065619_R063_T39QXG_20240912T130211,0,0.5054328095990442
S2B_MSIL2A_20240922T065619_R063_T39QXG_20240922T102739_0000.jpg,S2B_MSIL2A_20240922T065619_R063_T39QXG_20240922T102739,1,0.6699081563554193
S2B_MSIL2A_20250110T070149_R063_T39QXG_20250110T091744_0000.jpg,S2B_MSIL2A_20250110T070149_R063_T39QXG_20250110T091744,1,0.4543481462836794
S2C_MSIL2A_20250125T070221_R063_T39QXG_20250125T110112_0000.jpg,S2C_MSIL2A_20250125T070221_R063_T39QXG_20250125T110112,1,0.311222434180041
