chip_id,model,score_max,xmin,ymin,xmax,ymax,score,label,image_path
S2A_MSIL2A_20250829T064321_R120_T40QFM_20250829T092116_0000,p_frcnn_r50_med,0.9465787410736084,0.0,193.23379516601562,603.9638671875,633.0108642578125,0.9465787410736084,1,deployment/outputs/by_plant/osm_way_386838289/2025-08/chips/tiles_png/S2A_MSIL2A_20250829T064321_R120_T40QFM_20250829T092116_0000.jpg
S2A_MSIL2A_20250829T064321_R120_T40QFM_20250829T092116_0000,p_frcnn_r50_med,0.9465787410736084,2.329180955886841,542.7139892578125,114.1635513305664,627.9068603515625,0.8554214835166931,1,deployment/outputs/by_plant/osm_way_386838289/2025-08/chips/tiles_png/S2A_MSIL2A_20250829T064321_R120_T40QFM_20250829T092116_0000.jpg
S2A_MSIL2A_20250829T064321_R120_T40QFM_20250829T092116_0000,p_frcnn_r50_med,0.9465787410736084,0.0,572.5255126953125,176.5219268798828,632.8207397460938,0.7836793065071106,1,deployment/outputs/by_plant/osm_way_386838289/2025-08/chips/tiles_png/S2A_MSIL2A_20250829T064321_R120_T40QFM_20250829T092116_0000.jpg
S2A_MSIL2A_20250829T064321_R120_T40QFM_20250829T092116_0000,p_frcnn_r50_med,0.9465787410736084,197.86045837402344,379.5162048339844,616.3194580078125,633.1173095703125,0.7293278574943542,1,deployment/outputs/by_plant/osm_way_386838289/2025-08/chips/tiles_png/S2A_MSIL2A_20250829T064321_R120_T40QFM_20250829T092116_0000.jpg
S2A_MSIL2A_20250829T064321_R120_T40QFM_20250829T092116_0000,p_frcnn_r50_med,0.9465787410736084,18.12115478515625,465.6659240722656,251.20620727539062,634.0202026367188,0.6955673098564148,1,deployment/outputs/by_plant/osm_way_386838289/2025-08/chips/tiles_png/S2A_MSIL2A_20250829T064321_R120_T40QFM_20250829T092116_0000.jpg
S2A_MSIL2A_20250829T064321_R120_T40QFM_20250829T092116_0000,p_frcnn_r50_med,0.9465787410736084,27.1683349609375,251.31314086914062,284.3929443359375,602.2506713867188,0.6456146240234375,1,deployment/outputs/by_plant/osm_way_386838289/2025-08/chips/tiles_png/S2A_MSIL2A_20250829T064321_R120_T40QFM_20250829T092116_0000.jpg
S2A_MSIL2A_20250829T064321_R120_T40QFM_20250829T092116_0000,p_frcnn_r50_med,0.9465787410736084,249.8444366455078,517.6856079101562,408.8059997558594,625.9752807617188,0.6378812789916992,1,deployment/outputs/by_plant/osm_way_386838289/2025-08/chips/tiles_png/S2A_MSIL2A_20250829T064321_R120_T40QFM_20250829T092116_0000.jpg
S2A_MSIL2A_20250829T064321_R120_T40QFM_20250829T092116_0000,p_frcnn_r50_med,0.9465787410736084,5.740808010101318,471.5707092285156,126.76556396484375,636.8121948242188,0.539628803730011,1,deployment/outputs/by_plant/osm_way_386838289/2025-08/chips/tiles_png/S2A_MSIL2A_20250829T064321_R120_T40QFM_20250829T092116_0000.jpg
S2A_MSIL2A_20250829T064321_R120_T40QFM_20250829T092116_0000,p_frcnn_r50_med,0.9465787410736084,258.0373229980469,281.01025390625,470.1962890625,623.0595703125,0.4758366048336029,1,deployment/outputs/by_plant/osm_way_386838289/2025-08/chips/tiles_png/S2A_MSIL2A_20250829T064321_R120_T40QFM_20250829T092116_0000.jpg
S2A_MSIL2A_20250829T064321_R120_T40QFM_20250829T092116_0000,p_frcnn_r50_med,0.9465787410736084,83.31865692138672,278.6781311035156,434.9123229980469,595.7653198242188,0.4463810324668884,1,deployment/outputs/by_plant/osm_way_386838289/2025-08/chips/tiles_png/S2A_MSIL2A_20250829T064321_R120_T40QFM_20250829T092116_0000.jpg
S2A_MSIL2A_20250829T064321_R120_T40QFM_20250829T092116_0000,p_frcnn_r50_med,0.9465787410736084,260.8739318847656,483.2211608886719,492.921142578125,621.9188232421875,0.4449681341648102,1,deployment/outputs/by_plant/osm_way_386838289/2025-08/chips/tiles_png/S2A_MSIL2A_20250829T064321_R120_T40QFM_20250829T092116_0000.jpg
S2A_MSIL2A_20250829T064321_R120_T40QFM_20250829T092116_0000,p_frcnn_r50_med,0.9465787410736084,350.3810119628906,403.9571228027344,518.0553588867188,554.0746459960938,0.42335838079452515,1,deployment/outputs/by_plant/osm_way_386838289/2025-08/chips/tiles_png/S2A_MSIL2A_20250829T064321_R120_T40QFM_20250829T092116_0000.jpg
S2A_MSIL2A_20250829T064321_R120_T40QFM_20250829T092116_0000,p_frcnn_r50_med,0.9465787410736084,295.0655517578125,388.078857421875,420.6939392089844,533.7695922851562,0.41538769006729126,1,deployment/outputs/by_plant/osm_way_386838289/2025-08/chips/tiles_png/S2A_MSIL2A_20250829T064321_R120_T40QFM_20250829T092116_0000.jpg
S2A_MSIL2A_20250829T064321_R120_T40QFM_20250829T092116_0000,p_frcnn_r50_med,0.9465787410736084,186.718505859375,544.3641357421875,370.90087890625,628.3218383789062,0.27607810497283936,1,deployment/outputs/by_plant/osm_way_386838289/2025-08/chips/tiles_png/S2A_MSIL2A_20250829T064321_R120_T40QFM_20250829T092116_0000.jpg
S2A_MSIL2A_20250829T064321_R120_T40QFM_20250829T092116_0000,p_frcnn_r50_med,0.9465787410736084,75.93115234375,422.8343200683594,176.3730926513672,547.9287719726562,0.2668130397796631,1,deployment/outputs/by_plant/osm_way_386838289/2025-08/chips/tiles_png/S2A_MSIL2A_20250829T064321_R120_T40QFM_20250829T092116_0000.jpg
S2A_MSIL2A_20250829T064321_R120_T40QFM_20250829T092116_0000,p_frcnn_r50_med,0.9465787410736084,153.7876434326172,294.286865234375,218.4684295654297,384.8250427246094,0.2657223343849182,1,deployment/outputs/by_plant/osm_way_386838289/2025-08/chips/tiles_png/S2A_MSIL2A_20250829T064321_R120_T40QFM_20250829T092116_0000.jpg
S2A_MSIL2A_20250829T064321_R120_T40QFM_20250829T092116_0000,p_frcnn_r50_med,0.9465787410736084,524.14013671875,212.18736267089844,639.3264770507812,366.9366149902344,0.2576833963394165,1,deployment/outputs/by_plant/osm_way_386838289/2025-08/chips/tiles_png/S2A_MSIL2A_20250829T064321_R120_T40QFM_20250829T092116_0000.jpg
S2A_MSIL2A_20250829T064321_R120_T40QFM_20250829T092116_0001,p_frcnn_r50_med,0.9321116805076599,30.137451171875,194.71533203125,604.5304565429688,631.6669921875,0.9321116805076599,1,deployment/outputs/by_plant/osm_way_386838289/2025-08/chips/tiles_png/S2A_MSIL2A_20250829T064321_R120_T40QFM_20250829T092116_0001.jpg
S2A_MSIL2A_20250829T064321_R120_T40QFM_20250829T092116_0001,p_frcnn_r50_med,0.9321116805076599,219.79910278320312,519.6893920898438,392.0408935546875,633.2710571289062,0.7411785125732422,1,deployment/outputs/by_plant/osm_way_386838289/2025-08/chips/tiles_png/S2A_MSIL2A_20250829T064321_R120_T40QFM_20250829T092116_0001.jpg
S2A_MSIL2A_20250829T064321_R120_T40QFM_20250829T092116_0001,p_frcnn_r50_med,0.9321116805076599,239.2194366455078,359.8258361816406,408.46759033203125,640.0,0.7087696194648743,1,deployment/outputs/by_plant/osm_way_386838289/2025-08/chips/tiles_png/S2A_MSIL2A_20250829T064321_R120_T40QFM_20250829T092116_0001.jpg
S2A_MSIL2A_20250829T064321_R120_T40QFM_20250829T092116_0001,p_frcnn_r50_med,0.9321116805076599,0.0,568.4050903320312,185.28433227539062,638.7686767578125,0.6534629464149475,1,deployment/outputs/by_plant/osm_way_386838289/2025-08/chips/tiles_png/S2A_MSIL2A_20250829T064321_R120_T40QFM_20250829T092116_0001.jpg
S2A_MSIL2A_20250829T064321_R120_T40QFM_20250829T092116_0001,p_frcnn_r50_med,0.9321116805076599,4.058300971984863,392.01226806640625,557.4924926757812,625.803466796875,0.56993168592453,1,deployment/outputs/by_plant/osm_way_386838289/2025-08/chips/tiles_png/S2A_MSIL2A_20250829T064321_R120_T40QFM_20250829T092116_0001.jpg
S2A_MSIL2A_20250829T064321_R120_T40QFM_20250829T092116_0001,p_frcnn_r50_med,0.9321116805076599,187.3539276123047,525.5254516601562,551.3518676757812,624.0639038085938,0.5646586418151855,1,deployment/outputs/by_plant/osm_way_386838289/2025-08/chips/tiles_png/S2A_MSIL2A_20250829T064321_R120_T40QFM_20250829T092116_0001.jpg
S2A_MSIL2A_20250829T064321_R120_T40QFM_20250829T092116_0001,p_frcnn_r50_med,0.9321116805076599,0.0,260.2667541503906,321.1992492675781,611.8453979492188,0.46987202763557434,1,deployment/outputs/by_plant/osm_way_386838289/2025-08/chips/tiles_png/S2A_MSIL2A_20250829T064321_R120_T40QFM_20250829T092116_0001.jpg
S2A_MSIL2A_20250829T064321_R120_T40QFM_20250829T092116_0001,p_frcnn_r50_med,0.9321116805076599,195.71421813964844,414.4953308105469,477.9582214355469,606.9436645507812,0.41310960054397583,1,deployment/outputs/by_plant/osm_way_386838289/2025-08/chips/tiles_png/S2A_MSIL2A_20250829T064321_R120_T40QFM_20250829T092116_0001.jpg
S2A_MSIL2A_20250829T064321_R120_T40QFM_20250829T092116_0001,p_frcnn_r50_med,0.9321116805076599,147.14773559570312,262.9180603027344,388.3362121582031,612.7816772460938,0.3953428268432617,1,deployment/outputs/by_plant/osm_way_386838289/2025-08/chips/tiles_png/S2A_MSIL2A_20250829T064321_R120_T40QFM_20250829T092116_0001.jpg
S2A_MSIL2A_20250829T064321_R120_T40QFM_20250829T092116_0001,p_frcnn_r50_med,0.9321116805076599,115.54778289794922,284.8320007324219,177.48081970214844,368.4255065917969,0.3912503719329834,1,deployment/outputs/by_plant/osm_way_386838289/2025-08/chips/tiles_png/S2A_MSIL2A_20250829T064321_R120_T40QFM_20250829T092116_0001.jpg
S2A_MSIL2A_20250829T064321_R120_T40QFM_20250829T092116_0001,p_frcnn_r50_med,0.9321116805076599,0.0,456.677978515625,162.0384063720703,640.0,0.348466157913208,1,deployment/outputs/by_plant/osm_way_386838289/2025-08/chips/tiles_png/S2A_MSIL2A_20250829T064321_R120_T40QFM_20250829T092116_0001.jpg
S2A_MSIL2A_20250829T064321_R120_T40QFM_20250829T092116_0001,p_frcnn_r50_med,0.9321116805076599,250.7223358154297,564.6154174804688,300.83905029296875,638.5045166015625,0.32733961939811707,1,deployment/outputs/by_plant/osm_way_386838289/2025-08/chips/tiles_png/S2A_MSIL2A_20250829T064321_R120_T40QFM_20250829T092116_0001.jpg
S2A_MSIL2A_20250829T064321_R120_T40QFM_20250829T092116_0001,p_frcnn_r50_med,0.9321116805076599,227.3236846923828,285.8394470214844,536.35791015625,640.0,0.26768648624420166,1,deployment/outputs/by_plant/osm_way_386838289/2025-08/chips/tiles_png/S2A_MSIL2A_20250829T064321_R120_T40QFM_20250829T092116_0001.jpg
S2A_MSIL2A_20250829T064321_R120_T40QFM_20250829T092116_0001,p_frcnn_r50_med,0.9321116805076599,315.3070983886719,548.3532104492188,506.8143005371094,628.7968139648438,0.2601591646671295,1,deployment/outputs/by_plant/osm_way_386838289/2025-08/chips/tiles_png/S2A_MSIL2A_20250829T064321_R120_T40QFM_20250829T092116_0001.jpg
S2B_MSIL2A_20250802T063629_R120_T40QFM_20250802T085837_0000,p_frcnn_r50_med,0.9552568197250366,0.0,189.6632080078125,602.4566650390625,626.6923828125,0.9552568197250366,1,deployment/outputs/by_plant/osm_way_386838289/2025-08/chips/tiles_png/S2B_MSIL2A_20250802T063629_R120_T40QFM_20250802T085837_0000.jpg
S2B_MSIL2A_20250802T063629_R120_T40QFM_20250802T085837_0000,p_frcnn_r50_med,0.9552568197250366,0.0,234.201171875,293.14111328125,603.2765502929688,0.8756143450737,1,deployment/outputs/by_plant/osm_way_386838289/2025-08/chips/tiles_png/S2B_MSIL2A_20250802T063629_R120_T40QFM_20250802T085837_0000.jpg
S2B_MSIL2A_20250802T063629_R120_T40QFM_20250802T085837_0000,p_frcnn_r50_med,0.9552568197250366,0.0,537.7103271484375,244.04971313476562,635.8224487304688,0.8374888300895691,1,deployment/outputs/by_plant/osm_way_386838289/2025-08/chips/tiles_png/S2B_MSIL2A_20250802T063629_R120_T40QFM_20250802T085837_0000.jpg
S2B_MSIL2A_20250802T063629_R120_T40QFM_20250802T085837_0000,p_frcnn_r50_med,0.9552568197250366,196.99583435058594,366.1927185058594,618.7501831054688,634.8488159179688,0.8104098439216614,1,deployment/outputs/by_plant/osm_way_386838289/2025-08/chips/tiles_png/S2B_MSIL2A_20250802T063629_R120_T40QFM_20250802T085837_0000.jpg
S2B_MSIL2A_20250802T063629_R120_T40QFM_20250802T085837_0000,p_frcnn_r50_med,0.9552568197250366,1.2247742414474487,522.7118530273438,119.68208312988281,630.0424194335938,0.7980419397354126,1,deployment/outputs/by_plant/osm_way_386838289/2025-08/chips/tiles_png/S2B_MSIL2A_20250802T063629_R120_T40QFM_20250802T085837_0000.jpg
S2B_MSIL2A_20250802T063629_R120_T40QFM_20250802T085837_0000,p_frcnn_r50_med,0.9552568197250366,0.0,569.6939086914062,188.9965057373047,632.0822143554688,0.7555335760116577,1,deployment/outputs/by_plant/osm_way_386838289/2025-08/chips/tiles_png/S2B_MSIL2A_20250802T063629_R120_T40QFM_20250802T085837_0000.jpg
S2B_MSIL2A_20250802T063629_R120_T40QFM_20250802T085837_0000,p_frcnn_r50_med,0.9552568197250366,323.04205322265625,392.3981018066406,410.49298095703125,550.3359985351562,0.6609832644462585,1,deployment/outputs/by_plant/osm_way_386838289/2025-08/chips/tiles_png/S2B_MSIL2A_20250802T063629_R120_T40QFM_20250802T085837_0000.jpg
S2B_MSIL2A_20250802T063629_R120_T40QFM_20250802T085837_0000,p_frcnn_r50_med,0.9552568197250366,256.6722717285156,303.1860046386719,471.9976501464844,624.5175170898438,0.6593627333641052,1,deployment/outputs/by_plant/osm_way_386838289/2025-08/chips/tiles_png/S2B_MSIL2A_20250802T063629_R120_T40QFM_20250802T085837_0000.jpg
S2B_MSIL2A_20250802T063629_R120_T40QFM_20250802T085837_0000,p_frcnn_r50_med,0.9552568197250366,0.0,392.4650573730469,270.1503601074219,632.36474609375,0.5582066774368286,1,deployment/outputs/by_plant/osm_way_386838289/2025-08/chips/tiles_png/S2B_MSIL2A_20250802T063629_R120_T40QFM_20250802T085837_0000.jpg
S2B_MSIL2A_20250802T063629_R120_T40QFM_20250802T085837_0000,p_frcnn_r50_med,0.9552568197250366,139.2789764404297,260.812255859375,335.41619873046875,563.509521484375,0.5541810989379883,1,deployment/outputs/by_plant/osm_way_386838289/2025-08/chips/tiles_png/S2B_MSIL2A_20250802T063629_R120_T40QFM_20250802T085837_0000.jpg
S2B_MSIL2A_20250802T063629_R120_T40QFM_20250802T085837_0000,p_frcnn_r50_med,0.9552568197250366,352.894775390625,413.18829345703125,518.631103515625,547.1243286132812,0.5190510749816895,1,deployment/outputs/by_plant/osm_way_386838289/2025-08/chips/tiles_png/S2B_MSIL2A_20250802T063629_R120_T40QFM_20250802T085837_0000.jpg
S2B_MSIL2A_20250802T063629_R120_T40QFM_20250802T085837_0000,p_frcnn_r50_med,0.9552568197250366,245.1370086669922,516.5292358398438,417.0939025878906,623.6038208007812,0.5061220526695251,1,deployment/outputs/by_plant/osm_way_386838289/2025-08/chips/tiles_png/S2B_MSIL2A_20250802T063629_R120_T40QFM_20250802T085837_0000.jpg
S2B_MSIL2A_20250802T063629_R120_T40QFM_20250802T085837_0000,p_frcnn_r50_med,0.9552568197250366,338.79241943359375,345.4874572753906,502.3937072753906,593.414306640625,0.35542798042297363,1,deployment/outputs/by_plant/osm_way_386838289/2025-08/chips/tiles_png/S2B_MSIL2A_20250802T063629_R120_T40QFM_20250802T085837_0000.jpg
S2B_MSIL2A_20250802T063629_R120_T40QFM_20250802T085837_0000,p_frcnn_r50_med,0.9552568197250366,334.05670166015625,430.3876647949219,626.6425170898438,610.8027954101562,0.3181488513946533,1,deployment/outputs/by_plant/osm_way_386838289/2025-08/chips/tiles_png/S2B_MSIL2A_20250802T063629_R120_T40QFM_20250802T085837_0000.jpg
S2B_MSIL2A_20250802T063629_R120_T40QFM_20250802T085837_0000,p_frcnn_r50_med,0.9552568197250366,321.18927001953125,491.452392578125,481.1098327636719,621.6704711914062,0.3029438257217407,1,deployment/outputs/by_plant/osm_way_386838289/2025-08/chips/tiles_png/S2B_MSIL2A_20250802T063629_R120_T40QFM_20250802T085837_0000.jpg
S2B_MSIL2A_20250802T063629_R120_T40QFM_20250802T085837_0000,p_frcnn_r50_med,0.9552568197250366,281.5945739746094,364.8316345214844,420.91900634765625,605.5743408203125,0.29865550994873047,1,deployment/outputs/by_plant/osm_way_386838289/2025-08/chips/tiles_png/S2B_MSIL2A_20250802T063629_R120_T40QFM_20250802T085837_0000.jpg
S2B_MSIL2A_20250802T063629_R120_T40QFM_20250802T085837_0000,p_frcnn_r50_med,0.9552568197250366,26.915552139282227,428.42822265625,446.69317626953125,629.3934936523438,0.26185503602027893,1,deployment/outputs/by_plant/osm_way_386838289/2025-08/chips/tiles_png/S2B_MSIL2A_20250802T063629_R120_T40QFM_20250802T085837_0000.jpg
S2B_MSIL2A_20250802T063629_R120_T40QFM_20250802T085837_0001,p_frcnn_r50_med,0.9161693453788757,74.8361587524414,167.6184539794922,619.01513671875,638.1318969726562,0.9161693453788757,1,deployment/outputs/by_plant/osm_way_386838289/2025-08/chips/tiles_png/S2B_MSIL2A_20250802T063629_R120_T40QFM_20250802T085837_0001.jpg
S2B_MSIL2A_20250802T063629_R120_T40QFM_20250802T085837_0001,p_frcnn_r50_med,0.9161693453788757,236.3317413330078,352.5639343261719,420.18310546875,634.0985717773438,0.6498720645904541,1,deployment/outputs/by_plant/osm_way_386838289/2025-08/chips/tiles_png/S2B_MSIL2A_20250802T063629_R120_T40QFM_20250802T085837_0001.jpg
S2B_MSIL2A_20250802T063629_R120_T40QFM_20250802T085837_0001,p_frcnn_r50_med,0.9161693453788757,0.0,569.7872314453125,191.36244201660156,635.85205078125,0.581552267074585,1,deployment/outputs/by_plant/osm_way_386838289/2025-08/chips/tiles_png/S2B_MSIL2A_20250802T063629_R120_T40QFM_20250802T085837_0001.jpg
S2B_MSIL2A_20250802T063629_R120_T40QFM_20250802T085837_0001,p_frcnn_r50_med,0.9161693453788757,10.754687309265137,382.9888000488281,517.746826171875,619.2360229492188,0.46149247884750366,1,deployment/outputs/by_plant/osm_way_386838289/2025-08/chips/tiles_png/S2B_MSIL2A_20250802T063629_R120_T40QFM_20250802T085837_0001.jpg
S2B_MSIL2A_20250802T063629_R120_T40QFM_20250802T085837_0001,p_frcnn_r50_med,0.9161693453788757,235.21324157714844,541.9188842773438,404.3577575683594,622.9358520507812,0.4098227322101593,1,deployment/outputs/by_plant/osm_way_386838289/2025-08/chips/tiles_png/S2B_MSIL2A_20250802T063629_R120_T40QFM_20250802T085837_0001.jpg
S2B_MSIL2A_20250802T063629_R120_T40QFM_20250802T085837_0001,p_frcnn_r50_med,0.9161693453788757,180.78994750976562,525.2334594726562,533.6732788085938,622.7620849609375,0.4087720811367035,1,deployment/outputs/by_plant/osm_way_386838289/2025-08/chips/tiles_png/S2B_MSIL2A_20250802T063629_R120_T40QFM_20250802T085837_0001.jpg
S2B_MSIL2A_20250802T063629_R120_T40QFM_20250802T085837_0001,p_frcnn_r50_med,0.9161693453788757,0.0,458.3216247558594,146.88743591308594,640.0,0.40378862619400024,1,deployment/outputs/by_plant/osm_way_386838289/2025-08/chips/tiles_png/S2B_MSIL2A_20250802T063629_R120_T40QFM_20250802T085837_0001.jpg
S2B_MSIL2A_20250802T063629_R120_T40QFM_20250802T085837_0001,p_frcnn_r50_med,0.9161693453788757,0.0,253.8562469482422,303.91558837890625,602.6740112304688,0.34998831152915955,1,deployment/outputs/by_plant/osm_way_386838289/2025-08/chips/tiles_png/S2B_MSIL2A_20250802T063629_R120_T40QFM_20250802T085837_0001.jpg
S2B_MSIL2A_20250802T063629_R120_T40QFM_20250802T085837_0001,p_frcnn_r50_med,0.9161693453788757,168.01092529296875,248.32408142089844,357.3710632324219,588.5005493164062,0.3461149036884308,1,deployment/outputs/by_plant/osm_way_386838289/2025-08/chips/tiles_png/S2B_MSIL2A_20250802T063629_R120_T40QFM_20250802T085837_0001.jpg
S2B_MSIL2A_20250802T063629_R120_T40QFM_20250802T085837_0001,p_frcnn_r50_med,0.9161693453788757,248.78555297851562,557.9302978515625,301.76885986328125,637.62060546875,0.3312356173992157,1,deployment/outputs/by_plant/osm_way_386838289/2025-08/chips/tiles_png/S2B_MSIL2A_20250802T063629_R120_T40QFM_20250802T085837_0001.jpg
S2B_MSIL2A_20250802T063629_R120_T40QFM_20250802T085837_0001,p_frcnn_r50_med,0.9161693453788757,223.138671875,500.6983337402344,345.2951354980469,638.8558959960938,0.3265276253223419,1,deployment/outputs/by_plant/osm_way_386838289/2025-08/chips/tiles_png/S2B_MSIL2A_20250802T063629_R120_T40QFM_20250802T085837_0001.jpg
S2B_MSIL2A_20250802T063629_R120_T40QFM_20250802T085837_0001,p_frcnn_r50_med,0.9161693453788757,211.8917694091797,319.8219909667969,586.2327270507812,640.0,0.3188459277153015,1,deployment/outputs/by_plant/osm_way_386838289/2025-08/chips/tiles_png/S2B_MSIL2A_20250802T063629_R120_T40QFM_20250802T085837_0001.jpg
S2B_MSIL2A_20250802T063629_R120_T40QFM_20250802T085837_0001,p_frcnn_r50_med,0.9161693453788757,113.7243881225586,289.7238464355469,186.4934844970703,375.9787292480469,0.28842175006866455,1,deployment/outputs/by_plant/osm_way_386838289/2025-08/chips/tiles_png/S2B_MSIL2A_20250802T063629_R120_T40QFM_20250802T085837_0001.jpg
S2B_MSIL2A_20250802T063629_R120_T40QFM_20250802T085837_0001,p_frcnn_r50_med,0.9161693453788757,0.0,520.0140380859375,267.5716247558594,635.7545776367188,0.2875780165195465,1,deployment/outputs/by_plant/osm_way_386838289/2025-08/chips/tiles_png/S2B_MSIL2A_20250802T063629_R120_T40QFM_20250802T085837_0001.jpg
S2B_MSIL2A_20250812T063629_R120_T40QFM_20250812T103027_0000,p_frcnn_r50_med,0.909626841545105,6.368310451507568,183.7618865966797,608.0182495117188,607.9481811523438,0.909626841545105,1,deployment/outputs/by_plant/osm_way_386838289/2025-08/chips/tiles_png/S2B_MSIL2A_20250812T063629_R120_T40QFM_20250812T103027_0000.jpg
S2B_MSIL2A_20250812T063629_R120_T40QFM_20250812T103027_0000,p_frcnn_r50_med,0.909626841545105,0.03416137769818306,554.6256713867188,125.1694564819336,629.4449462890625,0.8466013669967651,1,deployment/outputs/by_plant/osm_way_386838289/2025-08/chips/tiles_png/S2B_MSIL2A_20250812T063629_R120_T40QFM_20250812T103027_0000.jpg
S2B_MSIL2A_20250812T063629_R120_T40QFM_20250812T103027_0000,p_frcnn_r50_med,0.909626841545105,0.0,535.8919067382812,231.10484313964844,633.4109497070312,0.8448451161384583,1,deployment/outputs/by_plant/osm_way_386838289/2025-08/chips/tiles_png/S2B_MSIL2A_20250812T063629_R120_T40QFM_20250812T103027_0000.jpg
S2B_MSIL2A_20250812T063629_R120_T40QFM_20250812T103027_0000,p_frcnn_r50_med,0.909626841545105,205.6954345703125,376.8320617675781,619.9454956054688,635.1825561523438,0.8105713129043579,1,deployment/outputs/by_plant/osm_way_386838289/2025-08/chips/tiles_png/S2B_MSIL2A_20250812T063629_R120_T40QFM_20250812T103027_0000.jpg
S2B_MSIL2A_20250812T063629_R120_T40QFM_20250812T103027_0000,p_frcnn_r50_med,0.909626841545105,5.815783977508545,286.1628112792969,252.4299774169922,620.2233276367188,0.7610504627227783,1,deployment/outputs/by_plant/osm_way_386838289/2025-08/chips/tiles_png/S2B_MSIL2A_20250812T063629_R120_T40QFM_20250812T103027_0000.jpg
S2B_MSIL2A_20250812T063629_R120_T40QFM_20250812T103027_0000,p_frcnn_r50_med,0.909626841545105,0.91015625,437.209228515625,240.38169860839844,635.9899291992188,0.7303767204284668,1,deployment/outputs/by_plant/osm_way_386838289/2025-08/chips/tiles_png/S2B_MSIL2A_20250812T063629_R120_T40QFM_20250812T103027_0000.jpg
S2B_MSIL2A_20250812T063629_R120_T40QFM_20250812T103027_0000,p_frcnn_r50_med,0.909626841545105,251.1243133544922,520.5294799804688,415.0646057128906,626.042236328125,0.6583833694458008,1,deployment/outputs/by_plant/osm_way_386838289/2025-08/chips/tiles_png/S2B_MSIL2A_20250812T063629_R120_T40QFM_20250812T103027_0000.jpg
S2B_MSIL2A_20250812T063629_R120_T40QFM_20250812T103027_0000,p_frcnn_r50_med,0.909626841545105,253.63623046875,484.77392578125,498.6396484375,625.3222045898438,0.6116783022880554,1,deployment/outputs/by_plant/osm_way_386838289/2025-08/chips/tiles_png/S2B_MSIL2A_20250812T063629_R120_T40QFM_20250812T103027_0000.jpg
S2B_MSIL2A_20250812T063629_R120_T40QFM_20250812T103027_0000,p_frcnn_r50_med,0.909626841545105,2.492419481277466,485.1690368652344,118.86724853515625,637.79296875,0.5928536057472229,1,deployment/outputs/by_plant/osm_way_386838289/2025-08/chips/tiles_png/S2B_MSIL2A_20250812T063629_R120_T40QFM_20250812T103027_0000.jpg
S2B_MSIL2A_20250812T063629_R120_T40QFM_20250812T103027_0000,p_frcnn_r50_med,0.909626841545105,99.67818450927734,242.6908721923828,306.8121643066406,542.1383666992188,0.49422863125801086,1,deployment/outputs/by_plant/osm_way_386838289/2025-08/chips/tiles_png/S2B_MSIL2A_20250812T063629_R120_T40QFM_20250812T103027_0000.jpg
S2B_MSIL2A_20250812T063629_R120_T40QFM_20250812T103027_0000,p_frcnn_r50_med,0.909626841545105,336.9873962402344,433.3482971191406,626.22509765625,608.954345703125,0.4295855462551117,1,deployment/outputs/by_plant/osm_way_386838289/2025-08/chips/tiles_png/S2B_MSIL2A_20250812T063629_R120_T40QFM_20250812T103027_0000.jpg
S2B_MSIL2A_20250812T063629_R120_T40QFM_20250812T103027_0000,p_frcnn_r50_med,0.909626841545105,251.4127197265625,294.11114501953125,472.05743408203125,633.7703247070312,0.4116213619709015,1,deployment/outputs/by_plant/osm_way_386838289/2025-08/chips/tiles_png/S2B_MSIL2A_20250812T063629_R120_T40QFM_20250812T103027_0000.jpg
S2B_MSIL2A_20250812T063629_R120_T40QFM_20250812T103027_0000,p_frcnn_r50_med,0.909626841545105,368.22247314453125,366.3090515136719,500.3681640625,543.7982177734375,0.41007789969444275,1,deployment/outputs/by_plant/osm_way_386838289/2025-08/chips/tiles_png/S2B_MSIL2A_20250812T063629_R120_T40QFM_20250812T103027_0000.jpg
S2B_MSIL2A_20250812T063629_R120_T40QFM_20250812T103027_0000,p_frcnn_r50_med,0.909626841545105,232.6559295654297,564.3438720703125,477.5936584472656,623.7532348632812,0.406076043844223,1,deployment/outputs/by_plant/osm_way_386838289/2025-08/chips/tiles_png/S2B_MSIL2A_20250812T063629_R120_T40QFM_20250812T103027_0000.jpg
S2B_MSIL2A_20250812T063629_R120_T40QFM_20250812T103027_0000,p_frcnn_r50_med,0.909626841545105,484.9043884277344,391.4270935058594,631.7394409179688,577.170166015625,0.3823172152042389,1,deployment/outputs/by_plant/osm_way_386838289/2025-08/chips/tiles_png/S2B_MSIL2A_20250812T063629_R120_T40QFM_20250812T103027_0000.jpg
S2B_MSIL2A_20250812T063629_R120_T40QFM_20250812T103027_0000,p_frcnn_r50_med,0.909626841545105,5.151532173156738,372.8354187011719,90.94469451904297,525.9906005859375,0.3343680202960968,1,deployment/outputs/by_plant/osm_way_386838289/2025-08/chips/tiles_png/S2B_MSIL2A_20250812T063629_R120_T40QFM_20250812T103027_0000.jpg
S2B_MSIL2A_20250812T063629_R120_T40QFM_20250812T103027_0000,p_frcnn_r50_med,0.909626841545105,324.9352722167969,387.5781555175781,417.505615234375,599.9205322265625,0.31599533557891846,1,deployment/outputs/by_plant/osm_way_386838289/2025-08/chips/tiles_png/S2B_MSIL2A_20250812T063629_R120_T40QFM_20250812T103027_0000.jpg
S2B_MSIL2A_20250812T063629_R120_T40QFM_20250812T103027_0000,p_frcnn_r50_med,0.909626841545105,342.5883483886719,564.7039184570312,640.0,621.9232788085938,0.31175628304481506,1,deployment/outputs/by_plant/osm_way_386838289/2025-08/chips/tiles_png/S2B_MSIL2A_20250812T063629_R120_T40QFM_20250812T103027_0000.jpg
S2B_MSIL2A_20250812T063629_R120_T40QFM_20250812T103027_0000,p_frcnn_r50_med,0.909626841545105,440.19146728515625,386.6769714355469,592.2176513671875,507.0722351074219,0.3075648546218872,1,deployment/outputs/by_plant/osm_way_386838289/2025-08/chips/tiles_png/S2B_MSIL2A_20250812T063629_R120_T40QFM_20250812T103027_0000.jpg
S2B_MSIL2A_20250812T063629_R120_T40QFM_20250812T103027_0000,p_frcnn_r50_med,0.909626841545105,358.9895324707031,440.0760803222656,509.6670837402344,529.8449096679688,0.2746984660625458,1,deployment/outputs/by_plant/osm_way_386838289/2025-08/chips/tiles_png/S2B_MSIL2A_20250812T063629_R120_T40QFM_20250812T103027_0000.jpg
S2B_MSIL2A_20250812T063629_R120_T40QFM_20250812T103027_0000,p_frcnn_r50_med,0.909626841545105,327.8421936035156,413.5218811035156,519.7599487304688,574.7089233398438,0.25252506136894226,1,deployment/outputs/by_plant/osm_way_386838289/2025-08/chips/tiles_png/S2B_MSIL2A_20250812T063629_R120_T40QFM_20250812T103027_0000.jpg
S2B_MSIL2A_20250812T063629_R120_T40QFM_20250812T103027_0001,p_frcnn_r50_med,0.9387229084968567,10.009716987609863,183.4862518310547,604.2728271484375,635.27587890625,0.9387229084968567,1,deployment/outputs/by_plant/osm_way_386838289/2025-08/chips/tiles_png/S2B_MSIL2A_20250812T063629_R120_T40QFM_20250812T103027_0001.jpg
S2B_MSIL2A_20250812T063629_R120_T40QFM_20250812T103027_0001,p_frcnn_r50_med,0.9387229084968567,235.39114379882812,519.0476684570312,385.7089538574219,633.4816284179688,0.7768449783325195,1,deployment/outputs/by_plant/osm_way_386838289/2025-08/chips/tiles_png/S2B_MSIL2A_20250812T063629_R120_T40QFM_20250812T103027_0001.jpg
S2B_MSIL2A_20250812T063629_R120_T40QFM_20250812T103027_0001,p_frcnn_r50_med,0.9387229084968567,239.4111328125,356.127685546875,419.36456298828125,637.4634399414062,0.7731161117553711,1,deployment/outputs/by_plant/osm_way_386838289/2025-08/chips/tiles_png/S2B_MSIL2A_20250812T063629_R120_T40QFM_20250812T103027_0001.jpg
S2B_MSIL2A_20250812T063629_R120_T40QFM_20250812T103027_0001,p_frcnn_r50_med,0.9387229084968567,178.98985290527344,342.8562927246094,600.9747314453125,629.4218139648438,0.6664722561836243,1,deployment/outputs/by_plant/osm_way_386838289/2025-08/chips/tiles_png/S2B_MSIL2A_20250812T063629_R120_T40QFM_20250812T103027_0001.jpg
S2B_MSIL2A_20250812T063629_R120_T40QFM_20250812T103027_0001,p_frcnn_r50_med,0.9387229084968567,0.0,549.9520874023438,182.86965942382812,636.50390625,0.5635237693786621,1,deployment/outputs/by_plant/osm_way_386838289/2025-08/chips/tiles_png/S2B_MSIL2A_20250812T063629_R120_T40QFM_20250812T103027_0001.jpg
S2B_MSIL2A_20250812T063629_R120_T40QFM_20250812T103027_0001,p_frcnn_r50_med,0.9387229084968567,326.8800964355469,158.06431579589844,463.0455627441406,240.82302856445312,0.5371673107147217,1,deployment/outputs/by_plant/osm_way_386838289/2025-08/chips/tiles_png/S2B_MSIL2A_20250812T063629_R120_T40QFM_20250812T103027_0001.jpg
S2B_MSIL2A_20250812T063629_R120_T40QFM_20250812T103027_0001,p_frcnn_r50_med,0.9387229084968567,199.0699462890625,501.5450744628906,553.6690673828125,622.5993041992188,0.5248615741729736,1,deployment/outputs/by_plant/osm_way_386838289/2025-08/chips/tiles_png/S2B_MSIL2A_20250812T063629_R120_T40QFM_20250812T103027_0001.jpg
S2B_MSIL2A_20250812T063629_R120_T40QFM_20250812T103027_0001,p_frcnn_r50_med,0.9387229084968567,59.404701232910156,312.5292053222656,363.442626953125,580.1287231445312,0.45688778162002563,1,deployment/outputs/by_plant/osm_way_386838289/2025-08/chips/tiles_png/S2B_MSIL2A_20250812T063629_R120_T40QFM_20250812T103027_0001.jpg
S2B_MSIL2A_20250812T063629_R120_T40QFM_20250812T103027_0001,p_frcnn_r50_med,0.9387229084968567,0.0,514.1790771484375,257.7652282714844,629.7925415039062,0.3694474697113037,1,deployment/outputs/by_plant/osm_way_386838289/2025-08/chips/tiles_png/S2B_MSIL2A_20250812T063629_R120_T40QFM_20250812T103027_0001.jpg
S2B_MSIL2A_20250812T063629_R120_T40QFM_20250812T103027_0001,p_frcnn_r50_med,0.9387229084968567,0.0,482.2692565917969,113.54874420166016,640.0,0.3414972424507141,1,deployment/outputs/by_plant/osm_way_386838289/2025-08/chips/tiles_png/S2B_MSIL2A_20250812T063629_R120_T40QFM_20250812T103027_0001.jpg
S2B_MSIL2A_20250812T063629_R120_T40QFM_20250812T103027_0001,p_frcnn_r50_med,0.9387229084968567,317.9330139160156,551.2775268554688,502.5953063964844,628.768798828125,0.3347035348415375,1,deployment/outputs/by_plant/osm_way_386838289/2025-08/chips/tiles_png/S2B_MSIL2A_20250812T063629_R120_T40QFM_20250812T103027_0001.jpg
S2B_MSIL2A_20250812T063629_R120_T40QFM_20250812T103027_0001,p_frcnn_r50_med,0.9387229084968567,0.817822277545929,396.30975341796875,430.2831726074219,625.2376098632812,0.32365870475769043,1,deployment/outputs/by_plant/osm_way_386838289/2025-08/chips/tiles_png/S2B_MSIL2A_20250812T063629_R120_T40QFM_20250812T103027_0001.jpg
S2B_MSIL2A_20250812T063629_R120_T40QFM_20250812T103027_0001,p_frcnn_r50_med,0.9387229084968567,457.2663269042969,451.0114440917969,632.5119018554688,621.9535522460938,0.2579347789287567,1,deployment/outputs/by_plant/osm_way_386838289/2025-08/chips/tiles_png/S2B_MSIL2A_20250812T063629_R120_T40QFM_20250812T103027_0001.jpg
S2B_MSIL2A_20250812T063629_R120_T40QFM_20250812T103027_0001,p_frcnn_r50_med,0.9387229084968567,34.6400146484375,257.1387939453125,213.4416046142578,572.0607299804688,0.2525756061077118,1,deployment/outputs/by_plant/osm_way_386838289/2025-08/chips/tiles_png/S2B_MSIL2A_20250812T063629_R120_T40QFM_20250812T103027_0001.jpg
S2B_MSIL2A_20250822T063629_R120_T40QFM_20250822T090714_0000,p_frcnn_r50_med,0.8770403861999512,25.82929801940918,7.256421089172363,593.6303100585938,574.5966186523438,0.8770403861999512,1,deployment/outputs/by_plant/osm_way_386838289/2025-08/chips/tiles_png/S2B_MSIL2A_20250822T063629_R120_T40QFM_20250822T090714_0000.jpg
S2B_MSIL2A_20250822T063629_R120_T40QFM_20250822T090714_0000,p_frcnn_r50_med,0.8770403861999512,353.4588623046875,6.699426174163818,636.4005126953125,336.1564636230469,0.8659435510635376,1,deployment/outputs/by_plant/osm_way_386838289/2025-08/chips/tiles_png/S2B_MSIL2A_20250822T063629_R120_T40QFM_20250822T090714_0000.jpg
S2B_MSIL2A_20250822T063629_R120_T40QFM_20250822T090714_0000,p_frcnn_r50_med,0.8770403861999512,0.0,559.4586791992188,197.8478240966797,629.56591796875,0.8173614740371704,1,deployment/outputs/by_plant/osm_way_386838289/2025-08/chips/tiles_png/S2B_MSIL2A_20250822T063629_R120_T40QFM_20250822T090714_0000.jpg
S2B_MSIL2A_20250822T063629_R120_T40QFM_20250822T090714_0000,p_frcnn_r50_med,0.8770403861999512,0.6468872427940369,38.97285079956055,211.19664001464844,492.0158386230469,0.7800832390785217,1,deployment/outputs/by_plant/osm_way_386838289/2025-08/chips/tiles_png/S2B_MSIL2A_20250822T063629_R120_T40QFM_20250822T090714_0000.jpg
S2B_MSIL2A_20250822T063629_R120_T40QFM_20250822T090714_0000,p_frcnn_r50_med,0.8770403861999512,1.787237524986267,515.8224487304688,133.5386199951172,627.0560913085938,0.7772845029830933,1,deployment/outputs/by_plant/osm_way_386838289/2025-08/chips/tiles_png/S2B_MSIL2A_20250822T063629_R120_T40QFM_20250822T090714_0000.jpg
S2B_MSIL2A_20250822T063629_R120_T40QFM_20250822T090714_0000,p_frcnn_r50_med,0.8770403861999512,0.0,96.55133056640625,145.01206970214844,277.03765869140625,0.7471134066581726,1,deployment/outputs/by_plant/osm_way_386838289/2025-08/chips/tiles_png/S2B_MSIL2A_20250822T063629_R120_T40QFM_20250822T090714_0000.jpg
S2B_MSIL2A_20250822T063629_R120_T40QFM_20250822T090714_0000,p_frcnn_r50_med,0.8770403861999512,75.68106842041016,130.9214324951172,188.53317260742188,267.4295349121094,0.7067059874534607,1,deployment/outputs/by_plant/osm_way_386838289/2025-08/chips/tiles_png/S2B_MSIL2A_20250822T063629_R120_T40QFM_20250822T090714_0000.jpg
S2B_MSIL2A_20250822T063629_R120_T40QFM_20250822T090714_0000,p_frcnn_r50_med,0.8770403861999512,452.28936767578125,57.14934158325195,625.0439453125,277.5142517089844,0.6869893074035645,1,deployment/outputs/by_plant/osm_way_386838289/2025-08/chips/tiles_png/S2B_MSIL2A_20250822T063629_R120_T40QFM_20250822T090714_0000.jpg
S2B_MSIL2A_20250822T063629_R120_T40QFM_20250822T090714_0000,p_frcnn_r50_med,0.8770403861999512,7.393517971038818,103.72224426269531,359.01416015625,299.6919860839844,0.672985315322876,1,deployment/outputs/by_plant/osm_way_386838289/2025-08/chips/tiles_png/S2B_MSIL2A_20250822T063629_R120_T40QFM_20250822T090714_0000.jpg
S2B_MSIL2A_20250822T063629_R120_T40QFM_20250822T090714_0000,p_frcnn_r50_med,0.8770403861999512,0.0,226.7055206298828,284.5238342285156,625.578857421875,0.5810458660125732,1,deployment/outputs/by_plant/osm_way_386838289/2025-08/chips/tiles_png/S2B_MSIL2A_20250822T063629_R120_T40QFM_20250822T090714_0000.jpg
S2B_MSIL2A_20250822T063629_R120_T40QFM_20250822T090714_0000,p_frcnn_r50_med,0.8770403861999512,422.489501953125,36.74689483642578,576.6543579101562,167.777587890625,0.5770241618156433,1,deployment/outputs/by_plant/osm_way_386838289/2025-08/chips/tiles_png/S2B_MSIL2A_20250822T063629_R120_T40QFM_20250822T090714_0000.jpg
S2B_MSIL2A_20250822T063629_R120_T40QFM_20250822T090714_0000,p_frcnn_r50_med,0.8770403861999512,239.2866973876953,137.4712371826172,342.3017272949219,218.1802978515625,0.5557296276092529,1,deployment/outputs/by_plant/osm_way_386838289/2025-08/chips/tiles_png/S2B_MSIL2A_20250822T063629_R120_T40QFM_20250822T090714_0000.jpg
S2B_MSIL2A_20250822T063629_R120_T40QFM_20250822T090714_0000,p_frcnn_r50_med,0.8770403861999512,50.048805236816406,128.7368621826172,431.4161071777344,490.750732421875,0.45418915152549744,1,deployment/outputs/by_plant/osm_way_386838289/2025-08/chips/tiles_png/S2B_MSIL2A_20250822T063629_R120_T40QFM_20250822T090714_0000.jpg
S2B_MSIL2A_20250822T063629_R120_T40QFM_20250822T090714_0000,p_frcnn_r50_med,0.8770403861999512,0.0,421.529296875,250.9792938232422,636.2777709960938,0.4342203736305237,1,deployment/outputs/by_plant/osm_way_386838289/2025-08/chips/tiles_png/S2B_MSIL2A_20250822T063629_R120_T40QFM_20250822T090714_0000.jpg
S2B_MSIL2A_20250822T063629_R120_T40QFM_20250822T090714_0000,p_frcnn_r50_med,0.8770403861999512,27.861499786376953,51.839149475097656,541.0451049804688,301.5834045410156,0.4223451018333435,1,deployment/outputs/by_plant/osm_way_386838289/2025-08/chips/tiles_png/S2B_MSIL2A_20250822T063629_R120_T40QFM_20250822T090714_0000.jpg
S2B_MSIL2A_20250822T063629_R120_T40QFM_20250822T090714_0000,p_frcnn_r50_med,0.8770403861999512,277.3675842285156,0.05454101786017418,506.84796142578125,291.6346435546875,0.4012867510318756,1,deployment/outputs/by_plant/osm_way_386838289/2025-08/chips/tiles_png/S2B_MSIL2A_20250822T063629_R120_T40QFM_20250822T090714_0000.jpg
S2B_MSIL2A_20250822T063629_R120_T40QFM_20250822T090714_0000,p_frcnn_r50_med,0.8770403861999512,147.02593994140625,71.58525848388672,479.72802734375,424.6523132324219,0.38836196064949036,1,deployment/outputs/by_plant/osm_way_386838289/2025-08/chips/tiles_png/S2B_MSIL2A_20250822T063629_R120_T40QFM_20250822T090714_0000.jpg
S2B_MSIL2A_20250822T063629_R120_T40QFM_20250822T090714_0000,p_frcnn_r50_med,0.8770403861999512,0.0,275.8681335449219,210.4828643798828,544.9125366210938,0.37408730387687683,1,deployment/outputs/by_plant/osm_way_386838289/2025-08/chips/tiles_png/S2B_MSIL2A_20250822T063629_R120_T40QFM_20250822T090714_0000.jpg
S2B_MSIL2A_20250822T063629_R120_T40QFM_20250822T090714_0000,p_frcnn_r50_med,0.8770403861999512,234.08154296875,191.2700958251953,479.9046936035156,424.9935607910156,0.35201555490493774,1,deployment/outputs/by_plant/osm_way_386838289/2025-08/chips/tiles_png/S2B_MSIL2A_20250822T063629_R120_T40QFM_20250822T090714_0000.jpg
S2B_MSIL2A_20250822T063629_R120_T40QFM_20250822T090714_0000,p_frcnn_r50_med,0.8770403861999512,30.127344131469727,426.0497131347656,440.3678894042969,635.46533203125,0.3438751995563507,1,deployment/outputs/by_plant/osm_way_386838289/2025-08/chips/tiles_png/S2B_MSIL2A_20250822T063629_R120_T40QFM_20250822T090714_0000.jpg
S2B_MSIL2A_20250822T063629_R120_T40QFM_20250822T090714_0000,p_frcnn_r50_med,0.8770403861999512,148.00889587402344,25.708837509155273,395.2835388183594,259.1139831542969,0.33840876817703247,1,deployment/outputs/by_plant/osm_way_386838289/2025-08/chips/tiles_png/S2B_MSIL2A_20250822T063629_R120_T40QFM_20250822T090714_0000.jpg
S2B_MSIL2A_20250822T063629_R120_T40QFM_20250822T090714_0000,p_frcnn_r50_med,0.8770403861999512,101.42213439941406,159.3146209716797,233.66831970214844,281.9762878417969,0.33406490087509155,1,deployment/outputs/by_plant/osm_way_386838289/2025-08/chips/tiles_png/S2B_MSIL2A_20250822T063629_R120_T40QFM_20250822T090714_0000.jpg
S2B_MSIL2A_20250822T063629_R120_T40QFM_20250822T090714_0000,p_frcnn_r50_med,0.8770403861999512,81.38856506347656,16.128076553344727,308.2265319824219,304.3218994140625,0.331570565700531,1,deployment/outputs/by_plant/osm_way_386838289/2025-08/chips/tiles_png/S2B_MSIL2A_20250822T063629_R120_T40QFM_20250822T090714_0000.jpg
S2B_MSIL2A_20250822T063629_R120_T40QFM_20250822T090714_0000,p_frcnn_r50_med,0.8770403861999512,291.95068359375,2.5150513648986816,480.6726989746094,153.9530792236328,0.3283630311489105,1,deployment/outputs/by_plant/osm_way_386838289/2025-08/chips/tiles_png/S2B_MSIL2A_20250822T063629_R120_T40QFM_20250822T090714_0000.jpg
S2B_MSIL2A_20250822T063629_R120_T40QFM_20250822T090714_0000,p_frcnn_r50_med,0.8770403861999512,121.7876205444336,354.6943054199219,233.4468231201172,456.64453125,0.29728472232818604,1,deployment/outputs/by_plant/osm_way_386838289/2025-08/chips/tiles_png/S2B_MSIL2A_20250822T063629_R120_T40QFM_20250822T090714_0000.jpg
S2B_MSIL2A_20250822T063629_R120_T40QFM_20250822T090714_0000,p_frcnn_r50_med,0.8770403861999512,378.0663146972656,71.2045669555664,526.27490234375,191.938232421875,0.2814541459083557,1,deployment/outputs/by_plant/osm_way_386838289/2025-08/chips/tiles_png/S2B_MSIL2A_20250822T063629_R120_T40QFM_20250822T090714_0000.jpg
S2B_MSIL2A_20250822T063629_R120_T40QFM_20250822T090714_0000,p_frcnn_r50_med,0.8770403861999512,81.24559020996094,102.10413360595703,207.06187438964844,224.74217224121094,0.2667474150657654,1,deployment/outputs/by_plant/osm_way_386838289/2025-08/chips/tiles_png/S2B_MSIL2A_20250822T063629_R120_T40QFM_20250822T090714_0000.jpg
S2B_MSIL2A_20250822T063629_R120_T40QFM_20250822T090714_0000,p_frcnn_r50_med,0.8770403861999512,160.665283203125,75.2488021850586,306.33770751953125,216.00244140625,0.2641085088253021,1,deployment/outputs/by_plant/osm_way_386838289/2025-08/chips/tiles_png/S2B_MSIL2A_20250822T063629_R120_T40QFM_20250822T090714_0000.jpg
S2B_MSIL2A_20250822T063629_R120_T40QFM_20250822T090714_0001,p_frcnn_r50_med,0.9220975041389465,6.295263767242432,0.0,609.8239135742188,595.6692504882812,0.9220975041389465,1,deployment/outputs/by_plant/osm_way_386838289/2025-08/chips/tiles_png/S2B_MSIL2A_20250822T063629_R120_T40QFM_20250822T090714_0001.jpg
S2B_MSIL2A_20250822T063629_R120_T40QFM_20250822T090714_0001,p_frcnn_r50_med,0.9220975041389465,286.79931640625,0.0,629.2979736328125,272.7217712402344,0.8186137080192566,1,deployment/outputs/by_plant/osm_way_386838289/2025-08/chips/tiles_png/S2B_MSIL2A_20250822T063629_R120_T40QFM_20250822T090714_0001.jpg
S2B_MSIL2A_20250822T063629_R120_T40QFM_20250822T090714_0001,p_frcnn_r50_med,0.9220975041389465,0.0,0.0,192.2451934814453,460.11553955078125,0.7650778889656067,1,deployment/outputs/by_plant/osm_way_386838289/2025-08/chips/tiles_png/S2B_MSIL2A_20250822T063629_R120_T40QFM_20250822T090714_0001.jpg
S2B_MSIL2A_20250822T063629_R120_T40QFM_20250822T090714_0001,p_frcnn_r50_med,0.9220975041389465,358.6853942871094,0.0,640.0,115.83879852294922,0.7285531759262085,1,deployment/outputs/by_plant/osm_way_386838289/2025-08/chips/tiles_png/S2B_MSIL2A_20250822T063629_R120_T40QFM_20250822T090714_0001.jpg
S2B_MSIL2A_20250822T063629_R120_T40QFM_20250822T090714_0001,p_frcnn_r50_med,0.9220975041389465,1.369439721107483,172.86279296875,182.7188262939453,591.0592651367188,0.6855261921882629,1,deployment/outputs/by_plant/osm_way_386838289/2025-08/chips/tiles_png/S2B_MSIL2A_20250822T063629_R120_T40QFM_20250822T090714_0001.jpg
S2B_MSIL2A_20250822T063629_R120_T40QFM_20250822T090714_0001,p_frcnn_r50_med,0.9220975041389465,2.706738233566284,224.73526000976562,118.57073211669922,478.16552734375,0.6718778610229492,1,deployment/outputs/by_plant/osm_way_386838289/2025-08/chips/tiles_png/S2B_MSIL2A_20250822T063629_R120_T40QFM_20250822T090714_0001.jpg
S2B_MSIL2A_20250822T063629_R120_T40QFM_20250822T090714_0001,p_frcnn_r50_med,0.9220975041389465,43.37553787231445,10.23801326751709,424.831787109375,453.41650390625,0.6513961553573608,1,deployment/outputs/by_plant/osm_way_386838289/2025-08/chips/tiles_png/S2B_MSIL2A_20250822T063629_R120_T40QFM_20250822T090714_0001.jpg
S2B_MSIL2A_20250822T063629_R120_T40QFM_20250822T090714_0001,p_frcnn_r50_med,0.9220975041389465,0.0,527.48583984375,176.12332153320312,632.3009033203125,0.633344292640686,1,deployment/outputs/by_plant/osm_way_386838289/2025-08/chips/tiles_png/S2B_MSIL2A_20250822T063629_R120_T40QFM_20250822T090714_0001.jpg
S2B_MSIL2A_20250822T063629_R120_T40QFM_20250822T090714_0001,p_frcnn_r50_med,0.9220975041389465,9.114794731140137,67.5002670288086,306.2433776855469,584.103515625,0.6160892248153687,1,deployment/outputs/by_plant/osm_way_386838289/2025-08/chips/tiles_png/S2B_MSIL2A_20250822T063629_R120_T40QFM_20250822T090714_0001.jpg
S2B_MSIL2A_20250822T063629_R120_T40QFM_20250822T090714_0001,p_frcnn_r50_med,0.9220975041389465,18.578235626220703,44.3271484375,199.84100341796875,286.91015625,0.6153225302696228,1,deployment/outputs/by_plant/osm_way_386838289/2025-08/chips/tiles_png/S2B_MSIL2A_20250822T063629_R120_T40QFM_20250822T090714_0001.jpg
S2B_MSIL2A_20250822T063629_R120_T40QFM_20250822T090714_0001,p_frcnn_r50_med,0.9220975041389465,24.784961700439453,457.1329040527344,290.4864196777344,639.4659423828125,0.5676624774932861,1,deployment/outputs/by_plant/osm_way_386838289/2025-08/chips/tiles_png/S2B_MSIL2A_20250822T063629_R120_T40QFM_20250822T090714_0001.jpg
S2B_MSIL2A_20250822T063629_R120_T40QFM_20250822T090714_0001,p_frcnn_r50_med,0.9220975041389465,0.0,317.4244384765625,256.7964782714844,620.4873046875,0.5560408234596252,1,deployment/outputs/by_plant/osm_way_386838289/2025-08/chips/tiles_png/S2B_MSIL2A_20250822T063629_R120_T40QFM_20250822T090714_0001.jpg
S2B_MSIL2A_20250822T063629_R120_T40QFM_20250822T090714_0001,p_frcnn_r50_med,0.9220975041389465,203.28872680664062,64.680419921875,328.685791015625,185.51065063476562,0.5317980051040649,1,deployment/outputs/by_plant/osm_way_386838289/2025-08/chips/tiles_png/S2B_MSIL2A_20250822T063629_R120_T40QFM_20250822T090714_0001.jpg
S2B_MSIL2A_20250822T063629_R120_T40QFM_20250822T090714_0001,p_frcnn_r50_med,0.9220975041389465,4.073559761047363,75.07494354248047,129.89146423339844,221.889892578125,0.5107078552246094,1,deployment/outputs/by_plant/osm_way_386838289/2025-08/chips/tiles_png/S2B_MSIL2A_20250822T063629_R120_T40QFM_20250822T090714_0001.jpg
S2B_MSIL2A_20250822T063629_R120_T40QFM_20250822T090714_0001,p_frcnn_r50_med,0.9220975041389465,5.222577095031738,471.8773498535156,122.97466278076172,628.7587280273438,0.505078911781311,1,deployment/outputs/by_plant/osm_way_386838289/2025-08/chips/tiles_png/S2B_MSIL2A_20250822T063629_R120_T40QFM_20250822T090714_0001.jpg
S2B_MSIL2A_20250822T063629_R120_T40QFM_20250822T090714_0001,p_frcnn_r50_med,0.9220975041389465,17.788862228393555,392.8363952636719,183.0127716064453,634.322509765625,0.4908381402492523,1,deployment/outputs/by_plant/osm_way_386838289/2025-08/chips/tiles_png/S2B_MSIL2A_20250822T063629_R120_T40QFM_20250822T090714_0001.jpg
S2B_MSIL2A_20250822T063629_R120_T40QFM_20250822T090714_0001,p_frcnn_r50_med,0.9220975041389465,277.9688415527344,0.0,470.1918029785156,308.7743835449219,0.4682442545890808,1,deployment/outputs/by_plant/osm_way_386838289/2025-08/chips/tiles_png/S2B_MSIL2A_20250822T063629_R120_T40QFM_20250822T090714_0001.jpg
S2B_MSIL2A_20250822T063629_R120_T40QFM_20250822T090714_0001,p_frcnn_r50_med,0.9220975041389465,329.8330078125,0.0,530.1139526367188,376.7121276855469,0.4599637985229492,1,deployment/outputs/by_plant/osm_way_386838289/2025-08/chips/tiles_png/S2B_MSIL2A_20250822T063629_R120_T40QFM_20250822T090714_0001.jpg
S2B_MSIL2A_20250822T063629_R120_T40QFM_20250822T090714_0001,p_frcnn_r50_med,0.9220975041389465,438.9185485839844,2.4143433570861816,640.0,222.253173828125,0.42131146788597107,1,deployment/outputs/by_plant/osm_way_386838289/2025-08/chips/tiles_png/S2B_MSIL2A_20250822T063629_R120_T40QFM_20250822T090714_0001.jpg
S2B_MSIL2A_20250822T063629_R120_T40QFM_20250822T090714_0001,p_frcnn_r50_med,0.9220975041389465,421.608642578125,0.0,527.238525390625,97.21637725830078,0.4155375063419342,1,deployment/outputs/by_plant/osm_way_386838289/2025-08/chips/tiles_png/S2B_MSIL2A_20250822T063629_R120_T40QFM_20250822T090714_0001.jpg
S2B_MSIL2A_20250822T063629_R120_T40QFM_20250822T090714_0001,p_frcnn_r50_med,0.9220975041389465,231.9553680419922,91.17432403564453,352.030029296875,198.17198181152344,0.4076370596885681,1,deployment/outputs/by_plant/osm_way_386838289/2025-08/chips/tiles_png/S2B_MSIL2A_20250822T063629_R120_T40QFM_20250822T090714_0001.jpg
S2B_MSIL2A_20250822T063629_R120_T40QFM_20250822T090714_0001,p_frcnn_r50_med,0.9220975041389465,140.00283813476562,17.231231689453125,362.56103515625,174.2627410888672,0.38834458589553833,1,deployment/outputs/by_plant/osm_way_386838289/2025-08/chips/tiles_png/S2B_MSIL2A_20250822T063629_R120_T40QFM_20250822T090714_0001.jpg
S2B_MSIL2A_20250822T063629_R120_T40QFM_20250822T090714_0001,p_frcnn_r50_med,0.9220975041389465,0.0,339.7035217285156,102.37220764160156,512.99755859375,0.38446664810180664,1,deployment/outputs/by_plant/osm_way_386838289/2025-08/chips/tiles_png/S2B_MSIL2A_20250822T063629_R120_T40QFM_20250822T090714_0001.jpg
S2B_MSIL2A_20250822T063629_R120_T40QFM_20250822T090714_0001,p_frcnn_r50_med,0.9220975041389465,133.89120483398438,4.686608791351318,372.9280700683594,342.478271484375,0.38044318556785583,1,deployment/outputs/by_plant/osm_way_386838289/2025-08/chips/tiles_png/S2B_MSIL2A_20250822T063629_R120_T40QFM_20250822T090714_0001.jpg
S2B_MSIL2A_20250822T063629_R120_T40QFM_20250822T090714_0001,p_frcnn_r50_med,0.9220975041389465,75.2683334350586,352.2221374511719,581.0797729492188,640.0,0.35389819741249084,1,deployment/outputs/by_plant/osm_way_386838289/2025-08/chips/tiles_png/S2B_MSIL2A_20250822T063629_R120_T40QFM_20250822T090714_0001.jpg
S2B_MSIL2A_20250822T063629_R120_T40QFM_20250822T090714_0001,p_frcnn_r50_med,0.9220975041389465,60.551063537597656,88.49394989013672,432.2007751464844,308.548095703125,0.34564149379730225,1,deployment/outputs/by_plant/osm_way_386838289/2025-08/chips/tiles_png/S2B_MSIL2A_20250822T063629_R120_T40QFM_20250822T090714_0001.jpg
S2B_MSIL2A_20250822T063629_R120_T40QFM_20250822T090714_0001,p_frcnn_r50_med,0.9220975041389465,389.3037109375,303.92401123046875,618.4542236328125,630.8253173828125,0.3343268930912018,1,deployment/outputs/by_plant/osm_way_386838289/2025-08/chips/tiles_png/S2B_MSIL2A_20250822T063629_R120_T40QFM_20250822T090714_0001.jpg
S2B_MSIL2A_20250822T063629_R120_T40QFM_20250822T090714_0001,p_frcnn_r50_med,0.9220975041389465,50.1214485168457,338.4706115722656,333.13580322265625,568.4385986328125,0.32345858216285706,1,deployment/outputs/by_plant/osm_way_386838289/2025-08/chips/tiles_png/S2B_MSIL2A_20250822T063629_R120_T40QFM_20250822T090714_0001.jpg
S2B_MSIL2A_20250822T063629_R120_T40QFM_20250822T090714_0001,p_frcnn_r50_med,0.9220975041389465,286.35333251953125,211.73281860351562,581.6529541015625,610.3009643554688,0.31911084055900574,1,deployment/outputs/by_plant/osm_way_386838289/2025-08/chips/tiles_png/S2B_MSIL2A_20250822T063629_R120_T40QFM_20250822T090714_0001.jpg
S2B_MSIL2A_20250822T063629_R120_T40QFM_20250822T090714_0001,p_frcnn_r50_med,0.9220975041389465,27.3126163482666,140.3736114501953,163.6206817626953,255.1812744140625,0.31299129128456116,1,deployment/outputs/by_plant/osm_way_386838289/2025-08/chips/tiles_png/S2B_MSIL2A_20250822T063629_R120_T40QFM_20250822T090714_0001.jpg
S2B_MSIL2A_20250822T063629_R120_T40QFM_20250822T090714_0001,p_frcnn_r50_med,0.9220975041389465,114.3876724243164,472.02520751953125,426.0747985839844,635.8392944335938,0.3129625916481018,1,deployment/outputs/by_plant/osm_way_386838289/2025-08/chips/tiles_png/S2B_MSIL2A_20250822T063629_R120_T40QFM_20250822T090714_0001.jpg
S2B_MSIL2A_20250822T063629_R120_T40QFM_20250822T090714_0001,p_frcnn_r50_med,0.9220975041389465,185.64273071289062,122.18404388427734,458.4952697753906,502.2378845214844,0.3083570897579193,1,deployment/outputs/by_plant/osm_way_386838289/2025-08/chips/tiles_png/S2B_MSIL2A_20250822T063629_R120_T40QFM_20250822T090714_0001.jpg
S2B_MSIL2A_20250822T063629_R120_T40QFM_20250822T090714_0001,p_frcnn_r50_med,0.9220975041389465,4.08892822265625,425.1358337402344,98.19234466552734,593.7286376953125,0.29489022493362427,1,deployment/outputs/by_plant/osm_way_386838289/2025-08/chips/tiles_png/S2B_MSIL2A_20250822T063629_R120_T40QFM_20250822T090714_0001.jpg
S2B_MSIL2A_20250822T063629_R120_T40QFM_20250822T090714_0001,p_frcnn_r50_med,0.9220975041389465,124.8223876953125,346.3787536621094,239.94619750976562,456.9861755371094,0.2886641323566437,1,deployment/outputs/by_plant/osm_way_386838289/2025-08/chips/tiles_png/S2B_MSIL2A_20250822T063629_R120_T40QFM_20250822T090714_0001.jpg
S2B_MSIL2A_20250822T063629_R120_T40QFM_20250822T090714_0001,p_frcnn_r50_med,0.9220975041389465,80.13782501220703,370.8331604003906,182.3347625732422,493.939208984375,0.28303050994873047,1,deployment/outputs/by_plant/osm_way_386838289/2025-08/chips/tiles_png/S2B_MSIL2A_20250822T063629_R120_T40QFM_20250822T090714_0001.jpg
S2B_MSIL2A_20250822T063629_R120_T40QFM_20250822T090714_0001,p_frcnn_r50_med,0.9220975041389465,457.5901794433594,343.77392578125,576.2347412109375,445.7646484375,0.2726265490055084,1,deployment/outputs/by_plant/osm_way_386838289/2025-08/chips/tiles_png/S2B_MSIL2A_20250822T063629_R120_T40QFM_20250822T090714_0001.jpg
