chip_id,month_key,p_frcnn_r50,p_frcnn_r50_count
AQUA_MODIS.20150101_20150131.L3m.MO.CHL.x_chlor_a_r000_c000,2015-01,0.963336944580078,3
AQUA_MODIS.20150101_20150131.L3m.MO.CHL.x_chlor_a_r000_c001,2015-01,0.8510580062866211,12
AQUA_MODIS.20150101_20150131.L3m.MO.CHL.x_chlor_a_r000_c002,2015-01,0.8961551189422607,11
AQUA_MODIS.20150201_20150228.L3m.MO.CHL.x_chlor_a_r000_c000,2015-02,0.937169313430786,4
AQUA_MODIS.20150201_20150228.L3m.MO.CHL.x_chlor_a_r000_c001,2015-02,0.9516636729240416,10
AQUA_MODIS.20150201_20150228.L3m.MO.CHL.x_chlor_a_r000_c002,2015-02,0.9715518355369568,8
AQUA_MODIS.20150201_20150228.L3m.MO.CHL.x_chlor_a_r002_c002,2015-02,0.9710979461669922,7
AQUA_MODIS.20150301_20150331.L3m.MO.CHL.x_chlor_a_r000_c000,2015-03,0.936351239681244,2
AQUA_MODIS.20150301_20150331.L3m.MO.CHL.x_chlor_a_r000_c001,2015-03,0.9143293499946594,13
AQUA_MODIS.20150301_20150331.L3m.MO.CHL.x_chlor_a_r000_c002,2015-03,0.9150418639183044,11
AQUA_MODIS.20150301_20150331.L3m.MO.CHL.x_chlor_a_r002_c002,2015-03,0.979695200920105,16
AQUA_MODIS.20150401_20150430.L3m.MO.CHL.x_chlor_a_r000_c002,2015-04,0.7611831426620483,5
AQUA_MODIS.20150501_20150531.L3m.MO.CHL.x_chlor_a_r000_c001,2015-05,0.548915684223175,5
AQUA_MODIS.20150501_20150531.L3m.MO.CHL.x_chlor_a_r000_c002,2015-05,0.7206516265869141,6
AQUA_MODIS.20150501_20150531.L3m.MO.CHL.x_chlor_a_r002_c002,2015-05,0.9783193469047546,6
AQUA_MODIS.20150601_20150630.L3m.MO.CHL.x_chlor_a_r000_c000,2015-06,0.2036722898483276,8
AQUA_MODIS.20150801_20150831.L3m.MO.CHL.x_chlor_a_r000_c000,2015-08,0.9138806462287904,6
AQUA_MODIS.20150901_20150930.L3m.MO.CHL.x_chlor_a_r000_c000,2015-09,0.8929529190063477,3
AQUA_MODIS.20150901_20150930.L3m.MO.CHL.x_chlor_a_r000_c001,2015-09,0.6160810589790344,10
AQUA_MODIS.20150901_20150930.L3m.MO.CHL.x_chlor_a_r000_c002,2015-09,0.6310272216796875,5
AQUA_MODIS.20150901_20150930.L3m.MO.CHL.x_chlor_a_r002_c002,2015-09,0.977042317390442,4
AQUA_MODIS.20151001_20151031.L3m.MO.CHL.x_chlor_a_r000_c000,2015-10,0.926481306552887,3
AQUA_MODIS.20151001_20151031.L3m.MO.CHL.x_chlor_a_r000_c001,2015-10,0.6774470210075378,8
AQUA_MODIS.20151001_20151031.L3m.MO.CHL.x_chlor_a_r000_c002,2015-10,0.4146822690963745,4
AQUA_MODIS.20151001_20151031.L3m.MO.CHL.x_chlor_a_r002_c002,2015-10,0.9878275394439696,7
AQUA_MODIS.20151101_20151130.L3m.MO.CHL.x_chlor_a_r000_c000,2015-11,0.9174566268920898,3
AQUA_MODIS.20151101_20151130.L3m.MO.CHL.x_chlor_a_r000_c001,2015-11,0.6541534066200256,9
AQUA_MODIS.20151101_20151130.L3m.MO.CHL.x_chlor_a_r000_c002,2015-11,0.4475196301937103,4
AQUA_MODIS.20151101_20151130.L3m.MO.CHL.x_chlor_a_r002_c002,2015-11,0.9822673201560974,3
AQUA_MODIS.20151201_20151231.L3m.MO.CHL.x_chlor_a_r000_c000,2015-12,0.94804710149765,3
AQUA_MODIS.20151201_20151231.L3m.MO.CHL.x_chlor_a_r000_c001,2015-12,0.7113972306251526,9
AQUA_MODIS.20151201_20151231.L3m.MO.CHL.x_chlor_a_r000_c002,2015-12,0.6420606374740601,5
AQUA_MODIS.20151201_20151231.L3m.MO.CHL.x_chlor_a_r002_c002,2015-12,0.979357123374939,4
AQUA_MODIS.20160101_20160131.L3m.MO.CHL.x_chlor_a_r000_c000,2016-01,0.9141775369644164,3
AQUA_MODIS.20160101_20160131.L3m.MO.CHL.x_chlor_a_r000_c002,2016-01,0.822283148765564,12
AQUA_MODIS.20160101_20160131.L3m.MO.CHL.x_chlor_a_r002_c002,2016-01,0.9773781299591064,4
AQUA_MODIS.20160201_20160229.L3m.MO.CHL.x_chlor_a_r000_c000,2016-02,0.8863889575004578,2
AQUA_MODIS.20160201_20160229.L3m.MO.CHL.x_chlor_a_r000_c002,2016-02,0.890859067440033,15
AQUA_MODIS.20160201_20160229.L3m.MO.CHL.x_chlor_a_r002_c002,2016-02,0.9578902721405028,9
AQUA_MODIS.20160301_20160331.L3m.MO.CHL.x_chlor_a_r000_c001,2016-03,0.886995255947113,12
AQUA_MODIS.20160301_20160331.L3m.MO.CHL.x_chlor_a_r002_c002,2016-03,0.9869256019592284,5
AQUA_MODIS.20160401_20160430.L3m.MO.CHL.x_chlor_a_r000_c000,2016-04,0.9588730931282043,4
AQUA_MODIS.20160401_20160430.L3m.MO.CHL.x_chlor_a_r000_c002,2016-04,0.6731988191604614,8
AQUA_MODIS.20160401_20160430.L3m.MO.CHL.x_chlor_a_r002_c002,2016-04,0.8671523332595825,7
AQUA_MODIS.20160501_20160531.L3m.MO.CHL.x_chlor_a_r000_c000,2016-05,0.9414466619491576,3
AQUA_MODIS.20160501_20160531.L3m.MO.CHL.x_chlor_a_r000_c001,2016-05,0.3610720634460449,5
AQUA_MODIS.20160501_20160531.L3m.MO.CHL.x_chlor_a_r002_c002,2016-05,0.9898703694343568,5
AQUA_MODIS.20160601_20160630.L3m.MO.CHL.x_chlor_a_r000_c000,2016-06,0.9329181909561156,6
AQUA_MODIS.20160601_20160630.L3m.MO.CHL.x_chlor_a_r000_c002,2016-06,0.4279384016990661,3
AQUA_MODIS.20160601_20160630.L3m.MO.CHL.x_chlor_a_r002_c002,2016-06,0.971062958240509,6
AQUA_MODIS.20160701_20160731.L3m.MO.CHL.x_chlor_a_r000_c000,2016-07,0.7794982194900513,4
AQUA_MODIS.20160801_20160831.L3m.MO.CHL.x_chlor_a_r000_c001,2016-08,0.4547394514083862,8
AQUA_MODIS.20160801_20160831.L3m.MO.CHL.x_chlor_a_r000_c002,2016-08,0.472424179315567,4
AQUA_MODIS.20160901_20160930.L3m.MO.CHL.x_chlor_a_r000_c000,2016-09,0.9257562756538392,3
AQUA_MODIS.20160901_20160930.L3m.MO.CHL.x_chlor_a_r000_c001,2016-09,0.1125530004501342,3
AQUA_MODIS.20160901_20160930.L3m.MO.CHL.x_chlor_a_r000_c002,2016-09,0.6297025680541992,3
AQUA_MODIS.20160901_20160930.L3m.MO.CHL.x_chlor_a_r002_c002,2016-09,0.9847565293312072,9
AQUA_MODIS.20161001_20161031.L3m.MO.CHL.x_chlor_a_r000_c000,2016-10,0.9429033994674684,3
AQUA_MODIS.20161001_20161031.L3m.MO.CHL.x_chlor_a_r000_c002,2016-10,0.8485485315322876,5
AQUA_MODIS.20161001_20161031.L3m.MO.CHL.x_chlor_a_r002_c002,2016-10,0.9817824959754944,4
AQUA_MODIS.20161101_20161130.L3m.MO.CHL.x_chlor_a_r000_c000,2016-11,0.9525973796844482,2
AQUA_MODIS.20161101_20161130.L3m.MO.CHL.x_chlor_a_r000_c001,2016-11,0.6080917716026306,10
AQUA_MODIS.20161101_20161130.L3m.MO.CHL.x_chlor_a_r000_c002,2016-11,0.886760950088501,7
AQUA_MODIS.20161101_20161130.L3m.MO.CHL.x_chlor_a_r002_c002,2016-11,0.9766769409179688,3
AQUA_MODIS.20161201_20161231.L3m.MO.CHL.x_chlor_a_r000_c000,2016-12,0.9370259046554564,6
AQUA_MODIS.20161201_20161231.L3m.MO.CHL.x_chlor_a_r000_c002,2016-12,0.7535964250564575,8
AQUA_MODIS.20170101_20170131.L3m.MO.CHL.x_chlor_a_r000_c000,2017-01,0.9109181761741638,9
AQUA_MODIS.20170101_20170131.L3m.MO.CHL.x_chlor_a_r000_c001,2017-01,0.8790379166603088,6
AQUA_MODIS.20170101_20170131.L3m.MO.CHL.x_chlor_a_r000_c002,2017-01,0.9363345503807068,17
AQUA_MODIS.20170101_20170131.L3m.MO.CHL.x_chlor_a_r002_c002,2017-01,0.9855812191963196,7
AQUA_MODIS.20170201_20170228.L3m.MO.CHL.x_chlor_a_r000_c000,2017-02,0.9084851741790771,9
AQUA_MODIS.20170201_20170228.L3m.MO.CHL.x_chlor_a_r000_c001,2017-02,0.9506603479385376,16
AQUA_MODIS.20170201_20170228.L3m.MO.CHL.x_chlor_a_r000_c002,2017-02,0.9358495473861694,15
AQUA_MODIS.20170201_20170228.L3m.MO.CHL.x_chlor_a_r002_c002,2017-02,0.9742326736450196,11
AQUA_MODIS.20170301_20170331.L3m.MO.CHL.x_chlor_a_r000_c000,2017-03,0.9481870532035828,1
AQUA_MODIS.20170301_20170331.L3m.MO.CHL.x_chlor_a_r000_c001,2017-03,0.9378419518470764,9
AQUA_MODIS.20170301_20170331.L3m.MO.CHL.x_chlor_a_r000_c002,2017-03,0.9688066244125366,8
AQUA_MODIS.20170301_20170331.L3m.MO.CHL.x_chlor_a_r002_c002,2017-03,0.9545859098434448,12
AQUA_MODIS.20170401_20170430.L3m.MO.CHL.x_chlor_a_r000_c000,2017-04,0.9313599467277528,4
AQUA_MODIS.20170401_20170430.L3m.MO.CHL.x_chlor_a_r000_c001,2017-04,0.9205597639083862,12
AQUA_MODIS.20170401_20170430.L3m.MO.CHL.x_chlor_a_r000_c002,2017-04,0.9754384756088256,13
AQUA_MODIS.20170401_20170430.L3m.MO.CHL.x_chlor_a_r002_c002,2017-04,0.979268491268158,5
AQUA_MODIS.20170501_20170531.L3m.MO.CHL.x_chlor_a_r000_c000,2017-05,0.9701341986656188,3
AQUA_MODIS.20170501_20170531.L3m.MO.CHL.x_chlor_a_r000_c001,2017-05,0.567637026309967,6
AQUA_MODIS.20170501_20170531.L3m.MO.CHL.x_chlor_a_r000_c002,2017-05,0.7197723388671875,6
AQUA_MODIS.20170601_20170630.L3m.MO.CHL.x_chlor_a_r000_c000,2017-06,0.9494369626045228,4
AQUA_MODIS.20170601_20170630.L3m.MO.CHL.x_chlor_a_r000_c001,2017-06,0.2116256952285766,2
AQUA_MODIS.20170601_20170630.L3m.MO.CHL.x_chlor_a_r000_c002,2017-06,0.6272761821746826,3
AQUA_MODIS.20170601_20170630.L3m.MO.CHL.x_chlor_a_r002_c002,2017-06,0.962347149848938,5
AQUA_MODIS.20170701_20170731.L3m.MO.CHL.x_chlor_a_r000_c000,2017-07,0.7057780623435974,8
AQUA_MODIS.20170801_20170831.L3m.MO.CHL.x_chlor_a_r000_c000,2017-08,0.6144904494285583,5
AQUA_MODIS.20170801_20170831.L3m.MO.CHL.x_chlor_a_r000_c001,2017-08,0.4004035592079162,5
AQUA_MODIS.20170801_20170831.L3m.MO.CHL.x_chlor_a_r000_c002,2017-08,0.1747731417417526,6
AQUA_MODIS.20170901_20170930.L3m.MO.CHL.x_chlor_a_r002_c002,2017-09,0.9754769206047058,5
AQUA_MODIS.20171001_20171031.L3m.MO.CHL.x_chlor_a_r000_c001,2017-10,0.7735792994499207,11
AQUA_MODIS.20171001_20171031.L3m.MO.CHL.x_chlor_a_r000_c002,2017-10,0.8504784107208252,5
AQUA_MODIS.20171001_20171031.L3m.MO.CHL.x_chlor_a_r002_c002,2017-10,0.9711928963661194,2
AQUA_MODIS.20171101_20171130.L3m.MO.CHL.x_chlor_a_r000_c000,2017-11,0.9507826566696168,1
AQUA_MODIS.20171101_20171130.L3m.MO.CHL.x_chlor_a_r000_c002,2017-11,0.7188055515289307,12
AQUA_MODIS.20171101_20171130.L3m.MO.CHL.x_chlor_a_r002_c002,2017-11,0.9783191084861756,5
AQUA_MODIS.20171201_20171231.L3m.MO.CHL.x_chlor_a_r000_c000,2017-12,0.9277651906013488,3
AQUA_MODIS.20171201_20171231.L3m.MO.CHL.x_chlor_a_r000_c001,2017-12,0.958592653274536,9
AQUA_MODIS.20171201_20171231.L3m.MO.CHL.x_chlor_a_r000_c002,2017-12,0.9030663967132568,14
AQUA_MODIS.20180101_20180131.L3m.MO.CHL.x_chlor_a_r000_c000,2018-01,0.9553364515304564,5
AQUA_MODIS.20180101_20180131.L3m.MO.CHL.x_chlor_a_r000_c001,2018-01,0.9138334393501282,13
AQUA_MODIS.20180101_20180131.L3m.MO.CHL.x_chlor_a_r000_c002,2018-01,0.8832131028175354,19
AQUA_MODIS.20180101_20180131.L3m.MO.CHL.x_chlor_a_r002_c002,2018-01,0.9603615999221802,5
AQUA_MODIS.20180201_20180228.L3m.MO.CHL.x_chlor_a_r000_c000,2018-02,0.9049885869026184,3
AQUA_MODIS.20180201_20180228.L3m.MO.CHL.x_chlor_a_r000_c001,2018-02,0.9397475123405457,9
AQUA_MODIS.20180201_20180228.L3m.MO.CHL.x_chlor_a_r000_c002,2018-02,0.9607910513877868,15
AQUA_MODIS.20180201_20180228.L3m.MO.CHL.x_chlor_a_r002_c002,2018-02,0.9718458652496338,6
AQUA_MODIS.20180301_20180331.L3m.MO.CHL.x_chlor_a_r000_c000,2018-03,0.8779841065406799,2
AQUA_MODIS.20180301_20180331.L3m.MO.CHL.x_chlor_a_r000_c002,2018-03,0.7888997197151184,12
AQUA_MODIS.20180301_20180331.L3m.MO.CHL.x_chlor_a_r002_c002,2018-03,0.9822163581848145,5
AQUA_MODIS.20180401_20180430.L3m.MO.CHL.x_chlor_a_r000_c000,2018-04,0.9780617952346802,4
AQUA_MODIS.20180401_20180430.L3m.MO.CHL.x_chlor_a_r000_c001,2018-04,0.619287371635437,8
AQUA_MODIS.20180401_20180430.L3m.MO.CHL.x_chlor_a_r002_c002,2018-04,0.986522614955902,4
AQUA_MODIS.20180501_20180531.L3m.MO.CHL.x_chlor_a_r000_c001,2018-05,0.644801676273346,4
AQUA_MODIS.20180501_20180531.L3m.MO.CHL.x_chlor_a_r000_c002,2018-05,0.9133718609809875,6
AQUA_MODIS.20180501_20180531.L3m.MO.CHL.x_chlor_a_r002_c002,2018-05,0.9890929460525512,6
AQUA_MODIS.20180601_20180630.L3m.MO.CHL.x_chlor_a_r000_c000,2018-06,0.9212770462036132,3
AQUA_MODIS.20180601_20180630.L3m.MO.CHL.x_chlor_a_r000_c002,2018-06,0.2543618977069855,3
AQUA_MODIS.20180701_20180731.L3m.MO.CHL.x_chlor_a_r000_c000,2018-07,0.4354408979415893,5
AQUA_MODIS.20180801_20180831.L3m.MO.CHL.x_chlor_a_r000_c000,2018-08,0.973641037940979,4
AQUA_MODIS.20180901_20180930.L3m.MO.CHL.x_chlor_a_r002_c002,2018-09,0.9810630679130554,6
AQUA_MODIS.20181001_20181031.L3m.MO.CHL.x_chlor_a_r000_c000,2018-10,0.8979266881942749,6
AQUA_MODIS.20181001_20181031.L3m.MO.CHL.x_chlor_a_r000_c001,2018-10,0.8860959410667419,7
AQUA_MODIS.20181001_20181031.L3m.MO.CHL.x_chlor_a_r000_c002,2018-10,0.8524196147918701,4
AQUA_MODIS.20181001_20181031.L3m.MO.CHL.x_chlor_a_r002_c002,2018-10,0.9845277667045592,5
AQUA_MODIS.20181101_20181130.L3m.MO.CHL.x_chlor_a_r000_c000,2018-11,0.9597190022468568,4
AQUA_MODIS.20181101_20181130.L3m.MO.CHL.x_chlor_a_r000_c001,2018-11,0.8546346426010132,13
AQUA_MODIS.20181101_20181130.L3m.MO.CHL.x_chlor_a_r000_c002,2018-11,0.857378363609314,8
AQUA_MODIS.20181101_20181130.L3m.MO.CHL.x_chlor_a_r002_c002,2018-11,0.9836836457252502,4
AQUA_MODIS.20181201_20181231.L3m.MO.CHL.x_chlor_a_r000_c000,2018-12,0.959503710269928,6
AQUA_MODIS.20181201_20181231.L3m.MO.CHL.x_chlor_a_r000_c001,2018-12,0.9086105823516846,13
AQUA_MODIS.20181201_20181231.L3m.MO.CHL.x_chlor_a_r000_c002,2018-12,0.9027928113937378,12
AQUA_MODIS.20181201_20181231.L3m.MO.CHL.x_chlor_a_r002_c002,2018-12,0.9787847399711608,3
AQUA_MODIS.20190101_20190131.L3m.MO.CHL.x_chlor_a_r000_c000,2019-01,0.9306296110153198,8
AQUA_MODIS.20190101_20190131.L3m.MO.CHL.x_chlor_a_r000_c001,2019-01,0.8730902075767517,14
AQUA_MODIS.20190101_20190131.L3m.MO.CHL.x_chlor_a_r000_c002,2019-01,0.9635084271430968,14
AQUA_MODIS.20190101_20190131.L3m.MO.CHL.x_chlor_a_r002_c002,2019-01,0.980038583278656,9
AQUA_MODIS.20190201_20190228.L3m.MO.CHL.x_chlor_a_r000_c000,2019-02,0.8604897260665894,9
AQUA_MODIS.20190201_20190228.L3m.MO.CHL.x_chlor_a_r000_c001,2019-02,0.9353245496749878,11
AQUA_MODIS.20190201_20190228.L3m.MO.CHL.x_chlor_a_r000_c002,2019-02,0.8796836733818054,12
AQUA_MODIS.20190201_20190228.L3m.MO.CHL.x_chlor_a_r002_c002,2019-02,0.9689114689826964,10
AQUA_MODIS.20190301_20190331.L3m.MO.CHL.x_chlor_a_r000_c001,2019-03,0.8225434422492981,12
AQUA_MODIS.20190301_20190331.L3m.MO.CHL.x_chlor_a_r002_c002,2019-03,0.9735557436943054,9
AQUA_MODIS.20190401_20190430.L3m.MO.CHL.x_chlor_a_r000_c001,2019-04,0.9107485413551332,12
AQUA_MODIS.20190401_20190430.L3m.MO.CHL.x_chlor_a_r000_c002,2019-04,0.9515257477760316,11
AQUA_MODIS.20190401_20190430.L3m.MO.CHL.x_chlor_a_r002_c002,2019-04,0.9802852869033812,4
AQUA_MODIS.20190501_20190531.L3m.MO.CHL.x_chlor_a_r000_c000,2019-05,0.5345826745033264,3
AQUA_MODIS.20190501_20190531.L3m.MO.CHL.x_chlor_a_r000_c001,2019-05,0.8771956562995911,6
AQUA_MODIS.20190501_20190531.L3m.MO.CHL.x_chlor_a_r000_c002,2019-05,0.9491296410560608,7
AQUA_MODIS.20190601_20190630.L3m.MO.CHL.x_chlor_a_r000_c000,2019-06,0.9609805941581726,3
AQUA_MODIS.20190601_20190630.L3m.MO.CHL.x_chlor_a_r000_c002,2019-06,0.6174396872520447,4
AQUA_MODIS.20190601_20190630.L3m.MO.CHL.x_chlor_a_r002_c002,2019-06,0.9755984544754028,5
AQUA_MODIS.20190701_20190731.L3m.MO.CHL.x_chlor_a_r000_c000,2019-07,0.294698566198349,7
AQUA_MODIS.20190801_20190831.L3m.MO.CHL.x_chlor_a_r000_c000,2019-08,0.979488730430603,4
AQUA_MODIS.20190801_20190831.L3m.MO.CHL.x_chlor_a_r000_c001,2019-08,0.1800067722797393,6
AQUA_MODIS.20190801_20190831.L3m.MO.CHL.x_chlor_a_r000_c002,2019-08,0.1859278976917266,4
AQUA_MODIS.20190901_20190930.L3m.MO.CHL.x_chlor_a_r000_c000,2019-09,0.8647593259811401,3
AQUA_MODIS.20190901_20190930.L3m.MO.CHL.x_chlor_a_r002_c002,2019-09,0.985865592956543,8
AQUA_MODIS.20191001_20191031.L3m.MO.CHL.x_chlor_a_r000_c000,2019-10,0.940081000328064,2
AQUA_MODIS.20191001_20191031.L3m.MO.CHL.x_chlor_a_r000_c001,2019-10,0.6496692299842834,12
AQUA_MODIS.20191001_20191031.L3m.MO.CHL.x_chlor_a_r000_c002,2019-10,0.3866588771343231,5
AQUA_MODIS.20191001_20191031.L3m.MO.CHL.x_chlor_a_r002_c002,2019-10,0.9728782773017884,9
AQUA_MODIS.20191101_20191130.L3m.MO.CHL.x_chlor_a_r000_c000,2019-11,0.9601399302482604,3
AQUA_MODIS.20191101_20191130.L3m.MO.CHL.x_chlor_a_r000_c001,2019-11,0.6967967748641968,8
AQUA_MODIS.20191101_20191130.L3m.MO.CHL.x_chlor_a_r000_c002,2019-11,0.339691698551178,3
AQUA_MODIS.20191101_20191130.L3m.MO.CHL.x_chlor_a_r002_c002,2019-11,0.9833926558494568,5
AQUA_MODIS.20191201_20191231.L3m.MO.CHL.x_chlor_a_r000_c000,2019-12,0.8886969685554504,2
AQUA_MODIS.20191201_20191231.L3m.MO.CHL.x_chlor_a_r000_c001,2019-12,0.4819792509078979,6
AQUA_MODIS.20191201_20191231.L3m.MO.CHL.x_chlor_a_r000_c002,2019-12,0.8040930032730103,4
AQUA_MODIS.20191201_20191231.L3m.MO.CHL.x_chlor_a_r002_c002,2019-12,0.9384560585021972,15
AQUA_MODIS.20200101_20200131.L3m.MO.CHL.x_chlor_a_r000_c000,2020-01,0.9392677545547484,2
AQUA_MODIS.20200101_20200131.L3m.MO.CHL.x_chlor_a_r000_c001,2020-01,0.8973164558410645,5
AQUA_MODIS.20200101_20200131.L3m.MO.CHL.x_chlor_a_r000_c002,2020-01,0.7467525601387024,6
AQUA_MODIS.20200101_20200131.L3m.MO.CHL.x_chlor_a_r002_c002,2020-01,0.9714914560317992,7
AQUA_MODIS.20200201_20200229.L3m.MO.CHL.x_chlor_a_r000_c000,2020-02,0.9416561126708984,1
AQUA_MODIS.20200201_20200229.L3m.MO.CHL.x_chlor_a_r000_c001,2020-02,0.84074467420578,10
AQUA_MODIS.20200201_20200229.L3m.MO.CHL.x_chlor_a_r002_c002,2020-02,0.9764366149902344,7
AQUA_MODIS.20200301_20200331.L3m.MO.CHL.x_chlor_a_r000_c001,2020-03,0.9341516494750975,9
AQUA_MODIS.20200301_20200331.L3m.MO.CHL.x_chlor_a_r000_c002,2020-03,0.94511616230011,11
AQUA_MODIS.20200301_20200331.L3m.MO.CHL.x_chlor_a_r002_c002,2020-03,0.983535647392273,7
AQUA_MODIS.20200401_20200430.L3m.MO.CHL.x_chlor_a_r000_c000,2020-04,0.9357265830039978,2
AQUA_MODIS.20200401_20200430.L3m.MO.CHL.x_chlor_a_r000_c001,2020-04,0.952398419380188,11
AQUA_MODIS.20200401_20200430.L3m.MO.CHL.x_chlor_a_r000_c002,2020-04,0.8714509606361389,11
AQUA_MODIS.20200401_20200430.L3m.MO.CHL.x_chlor_a_r002_c002,2020-04,0.9636971950531006,4
AQUA_MODIS.20200501_20200531.L3m.MO.CHL.x_chlor_a_r000_c000,2020-05,0.9666001200675964,3
AQUA_MODIS.20200501_20200531.L3m.MO.CHL.x_chlor_a_r000_c001,2020-05,0.3258742690086365,6
AQUA_MODIS.20200501_20200531.L3m.MO.CHL.x_chlor_a_r000_c002,2020-05,0.8616155385971069,5
AQUA_MODIS.20200501_20200531.L3m.MO.CHL.x_chlor_a_r002_c002,2020-05,0.9786977171897888,4
AQUA_MODIS.20200601_20200630.L3m.MO.CHL.x_chlor_a_r000_c000,2020-06,0.9619340300559998,3
AQUA_MODIS.20200601_20200630.L3m.MO.CHL.x_chlor_a_r002_c002,2020-06,0.9691976308822632,6
AQUA_MODIS.20200701_20200731.L3m.MO.CHL.x_chlor_a_r000_c000,2020-07,0.4597494304180145,5
AQUA_MODIS.20200901_20200930.L3m.MO.CHL.x_chlor_a_r000_c000,2020-09,0.9210686683654784,5
AQUA_MODIS.20200901_20200930.L3m.MO.CHL.x_chlor_a_r000_c001,2020-09,0.5992950201034546,7
AQUA_MODIS.20200901_20200930.L3m.MO.CHL.x_chlor_a_r000_c002,2020-09,0.6863490343093872,3
AQUA_MODIS.20201001_20201031.L3m.MO.CHL.x_chlor_a_r000_c000,2020-10,0.9636088013648988,3
AQUA_MODIS.20201001_20201031.L3m.MO.CHL.x_chlor_a_r000_c001,2020-10,0.7533208131790161,9
AQUA_MODIS.20201001_20201031.L3m.MO.CHL.x_chlor_a_r000_c002,2020-10,0.4287525713443756,3
AQUA_MODIS.20201001_20201031.L3m.MO.CHL.x_chlor_a_r002_c002,2020-10,0.9699203968048096,6
AQUA_MODIS.20201101_20201130.L3m.MO.CHL.x_chlor_a_r000_c000,2020-11,0.9271580576896667,2
AQUA_MODIS.20201101_20201130.L3m.MO.CHL.x_chlor_a_r000_c001,2020-11,0.4967276751995086,8
AQUA_MODIS.20201101_20201130.L3m.MO.CHL.x_chlor_a_r000_c002,2020-11,0.4599867165088653,3
AQUA_MODIS.20201101_20201130.L3m.MO.CHL.x_chlor_a_r002_c002,2020-11,0.976366400718689,5
AQUA_MODIS.20201201_20201231.L3m.MO.CHL.x_chlor_a_r000_c000,2020-12,0.9052409529685974,3
AQUA_MODIS.20201201_20201231.L3m.MO.CHL.x_chlor_a_r000_c001,2020-12,0.9090407490730286,8
AQUA_MODIS.20201201_20201231.L3m.MO.CHL.x_chlor_a_r000_c002,2020-12,0.8690399527549744,5
AQUA_MODIS.20201201_20201231.L3m.MO.CHL.x_chlor_a_r002_c002,2020-12,0.9588689804077148,6
AQUA_MODIS.20210101_20210131.L3m.MO.CHL.x_chlor_a_r000_c000,2021-01,0.9358097314834596,5
AQUA_MODIS.20210101_20210131.L3m.MO.CHL.x_chlor_a_r000_c001,2021-01,0.8244022130966187,7
AQUA_MODIS.20210101_20210131.L3m.MO.CHL.x_chlor_a_r000_c002,2021-01,0.8328233361244202,12
AQUA_MODIS.20210101_20210131.L3m.MO.CHL.x_chlor_a_r002_c002,2021-01,0.950617492198944,11
AQUA_MODIS.20210201_20210228.L3m.MO.CHL.x_chlor_a_r000_c000,2021-02,0.9298228621482848,3
AQUA_MODIS.20210201_20210228.L3m.MO.CHL.x_chlor_a_r000_c001,2021-02,0.920946717262268,6
AQUA_MODIS.20210201_20210228.L3m.MO.CHL.x_chlor_a_r000_c002,2021-02,0.9439676403999328,11
AQUA_MODIS.20210201_20210228.L3m.MO.CHL.x_chlor_a_r002_c002,2021-02,0.9747042655944824,19
AQUA_MODIS.20210301_20210331.L3m.MO.CHL.x_chlor_a_r000_c000,2021-03,0.9562904834747314,2
AQUA_MODIS.20210301_20210331.L3m.MO.CHL.x_chlor_a_r000_c001,2021-03,0.9303075075149536,13
AQUA_MODIS.20210301_20210331.L3m.MO.CHL.x_chlor_a_r002_c002,2021-03,0.9828708171844482,6
AQUA_MODIS.20210401_20210430.L3m.MO.CHL.x_chlor_a_r000_c000,2021-04,0.9766149520874025,3
AQUA_MODIS.20210401_20210430.L3m.MO.CHL.x_chlor_a_r000_c001,2021-04,0.9162790775299072,10
AQUA_MODIS.20210401_20210430.L3m.MO.CHL.x_chlor_a_r000_c002,2021-04,0.4484089016914367,6
AQUA_MODIS.20210401_20210430.L3m.MO.CHL.x_chlor_a_r002_c002,2021-04,0.9560146331787108,7
AQUA_MODIS.20210501_20210531.L3m.MO.CHL.x_chlor_a_r000_c000,2021-05,0.9734694361686708,2
AQUA_MODIS.20210501_20210531.L3m.MO.CHL.x_chlor_a_r000_c001,2021-05,0.2010301947593689,6
AQUA_MODIS.20210501_20210531.L3m.MO.CHL.x_chlor_a_r000_c002,2021-05,0.1857138276100158,4
AQUA_MODIS.20210501_20210531.L3m.MO.CHL.x_chlor_a_r002_c002,2021-05,0.9768468737602234,6
AQUA_MODIS.20210601_20210630.L3m.MO.CHL.x_chlor_a_r000_c000,2021-06,0.954416036605835,3
AQUA_MODIS.20210601_20210630.L3m.MO.CHL.x_chlor_a_r000_c001,2021-06,0.2572808265686035,3
AQUA_MODIS.20210601_20210630.L3m.MO.CHL.x_chlor_a_r000_c002,2021-06,0.0851804092526435,3
AQUA_MODIS.20210701_20210731.L3m.MO.CHL.x_chlor_a_r000_c001,2021-07,0.256864458322525,3
AQUA_MODIS.20210701_20210731.L3m.MO.CHL.x_chlor_a_r000_c002,2021-07,0.0,0
AQUA_MODIS.20210801_20210831.L3m.MO.CHL.x_chlor_a_r000_c000,2021-08,0.5055291652679443,6
AQUA_MODIS.20210901_20210930.L3m.MO.CHL.x_chlor_a_r000_c001,2021-09,0.7133057117462158,8
AQUA_MODIS.20210901_20210930.L3m.MO.CHL.x_chlor_a_r000_c002,2021-09,0.3108660578727722,4
AQUA_MODIS.20210901_20210930.L3m.MO.CHL.x_chlor_a_r002_c002,2021-09,0.9502602815628052,10
AQUA_MODIS.20211001_20211031.L3m.MO.CHL.x_chlor_a_r000_c000,2021-10,0.9348122477531432,2
AQUA_MODIS.20211001_20211031.L3m.MO.CHL.x_chlor_a_r000_c002,2021-10,0.8864852786064148,5
AQUA_MODIS.20211001_20211031.L3m.MO.CHL.x_chlor_a_r002_c002,2021-10,0.9801859855651855,2
AQUA_MODIS.20211101_20211130.L3m.MO.CHL.x_chlor_a_r000_c001,2021-11,0.9027371406555176,8
AQUA_MODIS.20211101_20211130.L3m.MO.CHL.x_chlor_a_r000_c002,2021-11,0.7287301421165466,7
AQUA_MODIS.20211101_20211130.L3m.MO.CHL.x_chlor_a_r002_c002,2021-11,0.9792654514312744,5
AQUA_MODIS.20211201_20211231.L3m.MO.CHL.x_chlor_a_r000_c000,2021-12,0.9650227427482604,4
AQUA_MODIS.20211201_20211231.L3m.MO.CHL.x_chlor_a_r000_c002,2021-12,0.7963049411773682,12
AQUA_MODIS.20211201_20211231.L3m.MO.CHL.x_chlor_a_r002_c002,2021-12,0.9846172332763672,8
AQUA_MODIS.20220101_20220131.L3m.MO.CHL.x_chlor_a_r000_c000,2022-01,0.9365875124931335,3
AQUA_MODIS.20220101_20220131.L3m.MO.CHL.x_chlor_a_r000_c001,2022-01,0.9289312958717346,11
AQUA_MODIS.20220101_20220131.L3m.MO.CHL.x_chlor_a_r000_c002,2022-01,0.8567870855331421,10
AQUA_MODIS.20220101_20220131.L3m.MO.CHL.x_chlor_a_r002_c002,2022-01,0.9629719853401184,17
AQUA_MODIS.20220201_20220228.L3m.MO.CHL.x_chlor_a_r000_c000,2022-02,0.9077305793762208,4
AQUA_MODIS.20220201_20220228.L3m.MO.CHL.x_chlor_a_r000_c002,2022-02,0.9173482060432434,18
AQUA_MODIS.20220201_20220228.L3m.MO.CHL.x_chlor_a_r002_c002,2022-02,0.9801908731460572,10
AQUA_MODIS.20220301_20220331.L3m.MO.CHL.x_chlor_a_r000_c000,2022-03,0.9528538584709167,1
AQUA_MODIS.20220301_20220331.L3m.MO.CHL.x_chlor_a_r000_c001,2022-03,0.8566893339157104,14
AQUA_MODIS.20220301_20220331.L3m.MO.CHL.x_chlor_a_r000_c002,2022-03,0.9560068249702454,14
AQUA_MODIS.20220401_20220430.L3m.MO.CHL.x_chlor_a_r000_c002,2022-04,0.8558136224746704,4
AQUA_MODIS.20220401_20220430.L3m.MO.CHL.x_chlor_a_r002_c002,2022-04,0.984005331993103,5
AQUA_MODIS.20220501_20220531.L3m.MO.CHL.x_chlor_a_r000_c000,2022-05,0.9217854738235474,5
AQUA_MODIS.20220501_20220531.L3m.MO.CHL.x_chlor_a_r000_c001,2022-05,0.7676668167114258,7
AQUA_MODIS.20220501_20220531.L3m.MO.CHL.x_chlor_a_r000_c002,2022-05,0.914150595664978,5
AQUA_MODIS.20220601_20220630.L3m.MO.CHL.x_chlor_a_r000_c002,2022-06,0.0860062390565872,2
AQUA_MODIS.20220601_20220630.L3m.MO.CHL.x_chlor_a_r002_c002,2022-06,0.9538952112197876,8
AQUA_MODIS.20220801_20220831.L3m.MO.CHL.x_chlor_a_r000_c000,2022-08,0.867839515209198,6
AQUA_MODIS.20220801_20220831.L3m.MO.CHL.x_chlor_a_r000_c001,2022-08,0.1177898123860359,3
AQUA_MODIS.20220801_20220831.L3m.MO.CHL.x_chlor_a_r000_c002,2022-08,0.078191839158535,1
AQUA_MODIS.20220901_20220930.L3m.MO.CHL.x_chlor_a_r000_c000,2022-09,0.9422853589057922,4
AQUA_MODIS.20220901_20220930.L3m.MO.CHL.x_chlor_a_r000_c002,2022-09,0.0997798591852188,2
AQUA_MODIS.20220901_20220930.L3m.MO.CHL.x_chlor_a_r002_c002,2022-09,0.9726622700691224,13
AQUA_MODIS.20221001_20221031.L3m.MO.CHL.x_chlor_a_r000_c000,2022-10,0.9093731641769408,3
AQUA_MODIS.20221001_20221031.L3m.MO.CHL.x_chlor_a_r000_c001,2022-10,0.7636500000953674,9
AQUA_MODIS.20221001_20221031.L3m.MO.CHL.x_chlor_a_r002_c002,2022-10,0.9883115887641908,5
AQUA_MODIS.20221101_20221130.L3m.MO.CHL.x_chlor_a_r000_c000,2022-11,0.92156583070755,2
AQUA_MODIS.20221101_20221130.L3m.MO.CHL.x_chlor_a_r000_c001,2022-11,0.5462039709091187,8
AQUA_MODIS.20221101_20221130.L3m.MO.CHL.x_chlor_a_r000_c002,2022-11,0.3332739770412445,3
AQUA_MODIS.20221101_20221130.L3m.MO.CHL.x_chlor_a_r002_c002,2022-11,0.9760466814041138,5
AQUA_MODIS.20221201_20221231.L3m.MO.CHL.x_chlor_a_r000_c001,2022-12,0.6023625731468201,8
AQUA_MODIS.20221201_20221231.L3m.MO.CHL.x_chlor_a_r000_c002,2022-12,0.4514605700969696,2
AQUA_MODIS.20221201_20221231.L3m.MO.CHL.x_chlor_a_r002_c002,2022-12,0.9754845499992372,5
AQUA_MODIS.20230101_20230131.L3m.MO.CHL.x_chlor_a_r000_c000,2023-01,0.9674692749977112,4
AQUA_MODIS.20230101_20230131.L3m.MO.CHL.x_chlor_a_r000_c002,2023-01,0.8420292139053345,7
AQUA_MODIS.20230101_20230131.L3m.MO.CHL.x_chlor_a_r002_c002,2023-01,0.960774838924408,6
AQUA_MODIS.20230201_20230228.L3m.MO.CHL.x_chlor_a_r000_c000,2023-02,0.9417274594306946,2
AQUA_MODIS.20230201_20230228.L3m.MO.CHL.x_chlor_a_r000_c001,2023-02,0.8891109228134155,6
AQUA_MODIS.20230201_20230228.L3m.MO.CHL.x_chlor_a_r000_c002,2023-02,0.9170241951942444,6
AQUA_MODIS.20230201_20230228.L3m.MO.CHL.x_chlor_a_r002_c002,2023-02,0.9750441312789916,9
AQUA_MODIS.20230301_20230331.L3m.MO.CHL.x_chlor_a_r000_c000,2023-03,0.9190601706504822,1
AQUA_MODIS.20230301_20230331.L3m.MO.CHL.x_chlor_a_r000_c001,2023-03,0.8498650193214417,12
AQUA_MODIS.20230301_20230331.L3m.MO.CHL.x_chlor_a_r000_c002,2023-03,0.8991672396659851,13
AQUA_MODIS.20230301_20230331.L3m.MO.CHL.x_chlor_a_r002_c002,2023-03,0.9572390913963318,11
AQUA_MODIS.20230401_20230430.L3m.MO.CHL.x_chlor_a_r000_c000,2023-04,0.9417728185653688,2
AQUA_MODIS.20230401_20230430.L3m.MO.CHL.x_chlor_a_r000_c001,2023-04,0.8820313215255737,11
AQUA_MODIS.20230401_20230430.L3m.MO.CHL.x_chlor_a_r000_c002,2023-04,0.8999933004379272,13
AQUA_MODIS.20230501_20230531.L3m.MO.CHL.x_chlor_a_r000_c000,2023-05,0.958472728729248,2
AQUA_MODIS.20230501_20230531.L3m.MO.CHL.x_chlor_a_r000_c001,2023-05,0.8943724632263184,11
AQUA_MODIS.20230501_20230531.L3m.MO.CHL.x_chlor_a_r000_c002,2023-05,0.8179975152015686,4
AQUA_MODIS.20230501_20230531.L3m.MO.CHL.x_chlor_a_r002_c002,2023-05,0.9755685925483704,4
AQUA_MODIS.20230601_20230630.L3m.MO.CHL.x_chlor_a_r000_c000,2023-06,0.9359050989151,3
AQUA_MODIS.20230601_20230630.L3m.MO.CHL.x_chlor_a_r000_c001,2023-06,0.3074530661106109,6
AQUA_MODIS.20230601_20230630.L3m.MO.CHL.x_chlor_a_r000_c002,2023-06,0.6332014799118042,3
AQUA_MODIS.20230601_20230630.L3m.MO.CHL.x_chlor_a_r002_c002,2023-06,0.9349477887153624,7
AQUA_MODIS.20230701_20230731.L3m.MO.CHL.x_chlor_a_r000_c000,2023-07,0.9470168352127076,3
AQUA_MODIS.20230801_20230831.L3m.MO.CHL.x_chlor_a_r000_c000,2023-08,0.9530699253082277,5
AQUA_MODIS.20230801_20230831.L3m.MO.CHL.x_chlor_a_r000_c000,2023-08,0.9088861346244812,3
AQUA_MODIS.20230901_20230930.L3m.MO.CHL.x_chlor_a_r000_c002,2023-09,0.0,0
AQUA_MODIS.20230901_20230930.L3m.MO.CHL.x_chlor_a_r002_c002,2023-09,0.9698286056518556,7
AQUA_MODIS.20231001_20231031.L3m.MO.CHL.x_chlor_a_r000_c000,2023-10,0.9168583154678344,3
AQUA_MODIS.20231001_20231031.L3m.MO.CHL.x_chlor_a_r000_c000,2023-10,0.8807409405708313,1
AQUA_MODIS.20231001_20231031.L3m.MO.CHL.x_chlor_a_r000_c001,2023-10,0.5184314846992493,7
AQUA_MODIS.20231001_20231031.L3m.MO.CHL.x_chlor_a_r000_c002,2023-10,0.8595998287200928,4
AQUA_MODIS.20231001_20231031.L3m.MO.CHL.x_chlor_a_r002_c002,2023-10,0.95906400680542,7
AQUA_MODIS.20231001_20231031.L3m.MO.CHL.x_chlor_a_r002_c002,2023-10,0.9685084223747252,7
AQUA_MODIS.20231101_20231130.L3m.MO.CHL.x_chlor_a_r000_c000,2023-11,0.9640396237373352,2
AQUA_MODIS.20231101_20231130.L3m.MO.CHL.x_chlor_a_r000_c001,2023-11,0.7163586020469666,9
AQUA_MODIS.20231101_20231130.L3m.MO.CHL.x_chlor_a_r002_c002,2023-11,0.9744411110877992,3
AQUA_MODIS.20231201_20231231.L3m.MO.CHL.x_chlor_a_r000_c000,2023-12,0.946549355983734,3
AQUA_MODIS.20231201_20231231.L3m.MO.CHL.x_chlor_a_r000_c001,2023-12,0.8505977988243103,9
AQUA_MODIS.20231201_20231231.L3m.MO.CHL.x_chlor_a_r000_c002,2023-12,0.5252496600151062,5
AQUA_MODIS.20231201_20231231.L3m.MO.CHL.x_chlor_a_r002_c002,2023-12,0.975426197052002,5
AQUA_MODIS.20231201_20231231.L3m.MO.CHL.x_chlor_a_r002_c002,2023-12,0.9750342965126038,4
AQUA_MODIS.20240101_20240131.L3m.MO.CHL.x_chlor_a_r000_c000,2024-01,0.9019465446472168,3
AQUA_MODIS.20240101_20240131.L3m.MO.CHL.x_chlor_a_r000_c002,2024-01,0.8468611836433411,6
AQUA_MODIS.20240101_20240131.L3m.MO.CHL.x_chlor_a_r002_c002,2024-01,0.972005307674408,5
AQUA_MODIS.20240201_20240229.L3m.MO.CHL.x_chlor_a_r000_c000,2024-02,0.7692483067512512,1
AQUA_MODIS.20240201_20240229.L3m.MO.CHL.x_chlor_a_r000_c002,2024-02,0.9674547910690308,16
AQUA_MODIS.20240201_20240229.L3m.MO.CHL.x_chlor_a_r002_c002,2024-02,0.9702858328819276,8
AQUA_MODIS.20240301_20240331.L3m.MO.CHL.x_chlor_a_r000_c000,2024-03,0.8297210931777954,2
AQUA_MODIS.20240301_20240331.L3m.MO.CHL.x_chlor_a_r000_c001,2024-03,0.9406663179397584,9
AQUA_MODIS.20240301_20240331.L3m.MO.CHL.x_chlor_a_r000_c002,2024-03,0.9685680270195008,5
AQUA_MODIS.20240301_20240331.L3m.MO.CHL.x_chlor_a_r000_c002,2024-03,0.9685680270195008,5
AQUA_MODIS.20240301_20240331.L3m.MO.CHL.x_chlor_a_r002_c002,2024-03,0.966120719909668,6
AQUA_MODIS.20240301_20240331.L3m.MO.CHL.x_chlor_a_r002_c002,2024-03,0.9543645977973938,6
AQUA_MODIS.20240401_20240430.L3m.MO.CHL.x_chlor_a_r000_c000,2024-04,0.8794652819633484,3
AQUA_MODIS.20240401_20240430.L3m.MO.CHL.x_chlor_a_r000_c001,2024-04,0.9548895359039308,10
AQUA_MODIS.20240401_20240430.L3m.MO.CHL.x_chlor_a_r000_c002,2024-04,0.9166849851608276,14
AQUA_MODIS.20240401_20240430.L3m.MO.CHL.x_chlor_a_r002_c002,2024-04,0.969839334487915,8
AQUA_MODIS.20240501_20240531.L3m.MO.CHL.x_chlor_a_r000_c000,2024-05,0.6856446862220764,1
AQUA_MODIS.20240501_20240531.L3m.MO.CHL.x_chlor_a_r000_c001,2024-05,0.6970759034156799,9
AQUA_MODIS.20240501_20240531.L3m.MO.CHL.x_chlor_a_r000_c002,2024-05,0.7014365196228027,5
AQUA_MODIS.20240501_20240531.L3m.MO.CHL.x_chlor_a_r002_c002,2024-05,0.9794127941131592,4
AQUA_MODIS.20240601_20240630.L3m.MO.CHL.x_chlor_a_r000_c000,2024-06,0.8265953660011292,2
AQUA_MODIS.20240601_20240630.L3m.MO.CHL.x_chlor_a_r000_c000,2024-06,0.957168459892273,3
AQUA_MODIS.20240601_20240630.L3m.MO.CHL.x_chlor_a_r000_c002,2024-06,0.1419753134250641,4
AQUA_MODIS.20240601_20240630.L3m.MO.CHL.x_chlor_a_r002_c002,2024-06,0.963768720626831,4
AQUA_MODIS.20240701_20240731.L3m.MO.CHL.x_chlor_a_r000_c000,2024-07,0.8564781546592712,4
AQUA_MODIS.20240701_20240731.L3m.MO.CHL.x_chlor_a_r000_c000,2024-07,0.6506134867668152,4
AQUA_MODIS.20240901_20240930.L3m.MO.CHL.x_chlor_a_r000_c000,2024-09,0.8771231174468994,5
AQUA_MODIS.20240901_20240930.L3m.MO.CHL.x_chlor_a_r000_c001,2024-09,0.8778152465820312,11
AQUA_MODIS.20240901_20240930.L3m.MO.CHL.x_chlor_a_r000_c002,2024-09,0.2671826183795929,2
AQUA_MODIS.20240901_20240930.L3m.MO.CHL.x_chlor_a_r002_c002,2024-09,0.9755152463912964,8
AQUA_MODIS.20241001_20241031.L3m.MO.CHL.x_chlor_a_r000_c000,2024-10,0.9360026121139526,4
AQUA_MODIS.20241001_20241031.L3m.MO.CHL.x_chlor_a_r000_c000,2024-10,0.7310581803321838,2
AQUA_MODIS.20241001_20241031.L3m.MO.CHL.x_chlor_a_r000_c001,2024-10,0.776824951171875,12
AQUA_MODIS.20241001_20241031.L3m.MO.CHL.x_chlor_a_r000_c002,2024-10,0.5177171230316162,5
AQUA_MODIS.20241001_20241031.L3m.MO.CHL.x_chlor_a_r002_c002,2024-10,0.9635634422302246,5
AQUA_MODIS.20241001_20241031.L3m.MO.CHL.x_chlor_a_r002_c002,2024-10,0.9708001017570496,5
AQUA_MODIS.20241101_20241130.L3m.MO.CHL.x_chlor_a_r000_c000,2024-11,0.9636866450309752,5
AQUA_MODIS.20241101_20241130.L3m.MO.CHL.x_chlor_a_r000_c001,2024-11,0.8187693357467651,9
AQUA_MODIS.20241101_20241130.L3m.MO.CHL.x_chlor_a_r000_c002,2024-11,0.681679904460907,4
AQUA_MODIS.20241101_20241130.L3m.MO.CHL.x_chlor_a_r002_c002,2024-11,0.98322856426239,3
AQUA_MODIS.20241101_20241130.L3m.MO.CHL.x_chlor_a_r002_c002,2024-11,0.9469039440155028,4
AQUA_MODIS.20241201_20241231.L3m.MO.CHL.x_chlor_a_r000_c000,2024-12,0.955583930015564,6
AQUA_MODIS.20241201_20241231.L3m.MO.CHL.x_chlor_a_r000_c000,2024-12,0.9183853268623352,2
AQUA_MODIS.20241201_20241231.L3m.MO.CHL.x_chlor_a_r000_c001,2024-12,0.8985192179679871,14
AQUA_MODIS.20241201_20241231.L3m.MO.CHL.x_chlor_a_r000_c002,2024-12,0.8603317737579346,7
AQUA_MODIS.20241201_20241231.L3m.MO.CHL.x_chlor_a_r002_c002,2024-12,0.9849143624305724,5
AQUA_MODIS.20250101_20250131.L3m.MO.CHL.x_chlor_a_r000_c000,2025-01,0.945824384689331,4
AQUA_MODIS.20250101_20250131.L3m.MO.CHL.x_chlor_a_r000_c000,2025-01,0.8672940135002136,2
AQUA_MODIS.20250101_20250131.L3m.MO.CHL.x_chlor_a_r000_c001,2025-01,0.7633564472198486,11
AQUA_MODIS.20250101_20250131.L3m.MO.CHL.x_chlor_a_r000_c002,2025-01,0.9030530452728271,4
AQUA_MODIS.20250101_20250131.L3m.MO.CHL.x_chlor_a_r002_c002,2025-01,0.9669204354286194,18
AQUA_MODIS.20250101_20250131.L3m.MO.CHL.x_chlor_a_r002_c002,2025-01,0.9429364800453186,8
AQUA_MODIS.20250201_20250228.L3m.MO.CHL.x_chlor_a_r000_c000,2025-02,0.7528711557388306,12
AQUA_MODIS.20250201_20250228.L3m.MO.CHL.x_chlor_a_r000_c001,2025-02,0.9529617428779602,9
AQUA_MODIS.20250201_20250228.L3m.MO.CHL.x_chlor_a_r000_c002,2025-02,0.970989465713501,10
AQUA_MODIS.20250201_20250228.L3m.MO.CHL.x_chlor_a_r002_c002,2025-02,0.9860125184059144,7
AQUA_MODIS.20250301_20250331.L3m.MO.CHL.x_chlor_a_r000_c000,2025-03,0.9110392332077026,2
AQUA_MODIS.20250301_20250331.L3m.MO.CHL.x_chlor_a_r000_c002,2025-03,0.9476063847541808,14
AQUA_MODIS.20250301_20250331.L3m.MO.CHL.x_chlor_a_r002_c002,2025-03,0.9727525115013124,8
AQUA_MODIS.20250401_20250430.L3m.MO.CHL.x_chlor_a_r000_c000,2025-04,0.8197876811027527,1
AQUA_MODIS.20250401_20250430.L3m.MO.CHL.x_chlor_a_r000_c001,2025-04,0.919722855091095,10
AQUA_MODIS.20250401_20250430.L3m.MO.CHL.x_chlor_a_r000_c002,2025-04,0.9433083534240724,12
AQUA_MODIS.20250401_20250430.L3m.MO.CHL.x_chlor_a_r002_c002,2025-04,0.97493714094162,4
AQUA_MODIS.20250501_20250531.L3m.MO.CHL.x_chlor_a_r000_c000,2025-05,0.910093367099762,2
AQUA_MODIS.20250501_20250531.L3m.MO.CHL.x_chlor_a_r000_c001,2025-05,0.6938608884811401,9
AQUA_MODIS.20250501_20250531.L3m.MO.CHL.x_chlor_a_r000_c002,2025-05,0.882098913192749,6
AQUA_MODIS.20250501_20250531.L3m.MO.CHL.x_chlor_a_r000_c002,2025-05,0.8150762915611267,3
AQUA_MODIS.20250501_20250531.L3m.MO.CHL.x_chlor_a_r002_c002,2025-05,0.9700173139572144,5
AQUA_MODIS.20250501_20250531.L3m.MO.CHL.x_chlor_a_r002_c002,2025-05,0.9700173139572144,5
AQUA_MODIS.20250601_20250630.L3m.MO.CHL.x_chlor_a_r000_c000,2025-06,0.9231811165809632,4
AQUA_MODIS.20250601_20250630.L3m.MO.CHL.x_chlor_a_r000_c002,2025-06,0.0637459307909011,1
AQUA_MODIS.20250901_20250930.L3m.MO.CHL.NRT.x_chlor_a_r000_c000,2025-09,0.8923836350440979,6
AQUA_MODIS.20250901_20250930.L3m.MO.CHL.NRT.x_chlor_a_r002_c002,2025-09,0.915958285331726,11
