tile,scene_id,datetime,month_key,fai_mean,rednir_mean,ndwi_mean,kd490,chlor_a,nflh,sst,month_sin,month_cos,ndwi_std,rednir_std,hab_label,p_frcnn_r50_med,p_frcnn_mb_med,p_ssd_mb_med,p_tab,date_key,region_key,group_for_cv,_month_ord,month_num,sst_clim_rm,sst_anom,sst_anom_z,log_kd490,log_chlor_a,log_nflh,ratio_chl_kd,chl_times_nflh,ratio_nflh_kd,sst_anom_x_chlor_a,sst_anom_x_nflh,sst_anom_x_fai_mean,sst_anom_x_kd490,sst_anom_x_month_sin,sst_anom_x_month_cos
S2B_MSIL2A_20170909T065619_R063_T39QXG_20210201T223815_0000.jpg,S2B_MSIL2A_20170909T065619_R063_T39QXG_20210201T223815,2017-09-09 06:56:19.027000+00:00,2017-09,0.044839322566986,0.9070813655853271,-0.157337874174118,0.0852,0.741344,0.339285,25.7933,-1.0,-1.8369701987210294e-16,1.4901161193847656e-08,1.1920928955078125e-07,1,0.9754769206047058,0.3487369120121002,0.7956363558769226,0.5637064603578306,2017-09-09 06:56:19.027,T39QXG,S2B_MSIL2A_20170909T065619_R063_T39QXG_20210201T223815,24213,9,26.199285714285715,-0.40598571428571617,-1.3299453105689598,-1.0695604052332999,-0.1299802230131316,-0.4694353403585063,8.701220657276995,0.25152689904000003,3.9822183098591553,-0.30097507337143,-0.13774486307142922,-0.018204124400445443,-0.034589982857143015,0.40598571428571617,7.45783658249331e-17
S2A_MSIL2A_20170825T065621_R063_T39QXG_20210201T094547_0000.jpg,S2A_MSIL2A_20170825T065621_R063_T39QXG_20210201T094547,2017-08-25 06:56:21.026000+00:00,2017-08,0.0548852682113647,0.930767297744751,-0.1537606567144394,0.0738,0.57676,0.235755,26.3283,-0.8660254037844384,-0.5000000000000004,1.4901161193847656e-08,1.1920928955078125e-07,1,0.4004035592079162,0.2417213916778564,0.436570405960083,0.4079738158933425,2017-08-25 06:56:21.026,T39QXG,S2A_MSIL2A_20170825T065621_R063_T39QXG_20210201T094547,24212,8,25.63055,0.6977499999999992,1.844897685992099,-1.1319436381769583,-0.2390048668421193,-0.6275390877767101,7.815176151761518,0.1359740538,3.194512195121951,0.4024342899999996,0.1644980512499998,0.038296195894479676,0.05149394999999994,-0.6042692254905911,-0.34887499999999994
S2B_MSIL2A_20170820T065619_R063_T39QXG_20201015T042237_0000.jpg,S2B_MSIL2A_20170820T065619_R063_T39QXG_20201015T042237,2017-08-20 06:56:19.027000+00:00,2017-08,0.0479737743735313,0.9054860472679138,-0.1651863306760788,0.0641,0.426916,0.214845,25.655,-0.8660254037844384,-0.5000000000000004,0.0,0.0,0,0.4004035592079162,0.2417213916778564,0.436570405960083,0.4211006128073691,2017-08-20 06:56:19.027,T39QXG,S2B_MSIL2A_20170820T065619_R063_T39QXG_20201015T042237,24212,8,25.63055,0.024450000000001637,0.0646474359333714,-1.1931419704811825,-0.3696575683595656,-0.667874749020698,6.66015600624025,0.09172076802000001,3.3517160686427454,0.0104380962000007,0.005252960250000352,0.0011729587834329188,0.001567245000000105,-0.021174321122530936,-0.012225000000000829
S2A_MSIL2A_20170805T065621_R063_T39QXG_20210210T194556_0000.jpg,S2A_MSIL2A_20170805T065621_R063_T39QXG_20210210T194556,2017-08-05 06:56:21.026000+00:00,2017-08,0.0518622994422912,0.91467946767807,-0.1642055809497833,0.0674,0.339185,0.122046,25.37,-0.8660254037844384,-0.5000000000000004,2.9802322387695312e-08,1.788139343261719e-07,0,0.4004035592079162,0.2417213916778564,0.436570405960083,0.4046991096786643,2017-08-05 06:56:21.026,T39QXG,S2A_MSIL2A_20170805T065621_R063_T39QXG_20210210T194556,24212,8,25.63055,-0.2605499999999985,-0.6889116332285764,-1.1713401034646802,-0.4695633620794514,-0.9134764498100445,5.032418397626113,0.04139617251,1.8107715133531157,-0.08837465174999949,-0.03179908529999982,-0.013512722119688894,-0.0175610699999999,0.2256429189560341,0.13027499999999936
S2B_MSIL2A_20170731T065619_R063_T39QXG_20210210T172720_0000.jpg,S2B_MSIL2A_20170731T065619_R063_T39QXG_20210210T172720,2017-07-31 06:56:19.027000+00:00,2017-07,0.0390426144003868,0.8950853943824768,-0.1654534339904785,0.0652,0.452843,0.379235,25.7767,-0.5000000000000001,-0.8660254037844386,0.0,1.788139343261719e-07,1,0.7057780623435974,0.2137039750814438,0.385426789522171,0.436166637163638,2017-07-31 06:56:19.027,T39QXG,S2B_MSIL2A_20170731T065619_R063_T39QXG_20210210T172720,24211,7,25.427525000000003,0.3491749999999989,0.5216158708481303,-1.1857524042680798,-0.3440523411482712,-0.4210915879863479,6.945444785276075,0.171733915105,5.8164877300613504,0.1581214545249995,0.13241938112499957,0.013632704883255018,0.022766209999999926,-0.17458749999999948,-0.3023944203664304
S2A_MSIL2A_20170626T065621_R063_T39QXG_20210210T014612_0000.jpg,S2A_MSIL2A_20170626T065621_R063_T39QXG_20210210T014612,2017-06-26 06:56:21.026000+00:00,2017-06,0.0431606546044349,0.9044514298439026,-0.1620793044567108,0.0636,0.29478,0.32883,25.8183,1.2246467991473532e-16,-1.0,1.4901161193847656e-08,1.788139343261719e-07,0,0.7883565723896027,0.2105096951127051,0.4856774657964706,0.3853368995615804,2017-06-26 06:56:21.026,T39QXG,S2A_MSIL2A_20170626T065621_R063_T39QXG_20210210T014612,24210,6,25.9125,-0.09420000000000073,-0.7071067811865676,-1.1965428843515862,-0.5305019854815346,-0.48302856753067297,4.634905660377358,0.09693250739999999,5.1702830188679245,-0.027768276000000213,-0.03097578600000024,-0.004065733663737798,-0.005991120000000047,-1.1536172847968156e-17,0.09420000000000073
S2A_MSIL2A_20170606T065621_R063_T39QXG_20210209T205041_0000.jpg,S2A_MSIL2A_20170606T065621_R063_T39QXG_20210209T205041,2017-06-06 06:56:21.026000+00:00,2017-06,0.0446950420737266,0.9168644547462464,-0.1514034122228622,0.0874,0.776011,0.32883,26.0067,1.2246467991473532e-16,-1.0,0.0,1.788139343261719e-07,1,0.7883565723896027,0.2105096951127051,0.4856774657964706,0.5060881066605246,2017-06-06 06:56:21.026,T39QXG,S2A_MSIL2A_20170606T065621_R063_T39QXG_20210209T205041,24210,6,25.9125,0.09419999999999717,0.7071067811865409,-1.058488567365597,-0.11013212254923171,-0.48302856753067297,8.878844393592678,0.25517569713,3.762356979405034,0.07310023619999781,0.030975785999999072,0.00421027296334492,0.008233079999999754,1.1536172847967722e-17,-0.09419999999999717
S2A_MSIL2A_20180929T065651_R063_T39QXG_20201009T060705_0000.jpg,S2A_MSIL2A_20180929T065651_R063_T39QXG_20201009T060705,2018-09-29 06:56:51.024000+00:00,2018-09,0.0421377196907997,0.9059388637542723,-0.1600859314203262,0.0979,0.946864,0.336352,26.385,-1.0,-1.8369701987210294e-16,1.4901161193847656e-08,1.788139343261719e-07,0,0.9810630679130554,0.3488015234470367,0.7660241723060608,0.76449967286238,2018-09-29 06:56:51.024,T39QXG,S2A_MSIL2A_20180929T065651_R063_T39QXG_20201009T060705,24225,9,26.199285714285715,0.18571428571428683,0.6083707743902496,-1.009217308196862,-0.02371239511613574,-0.4732059855926509,9.671746680286006,0.318479600128,3.4356690500510725,0.1758461714285725,0.0624653714285718,0.007825576514005705,0.01818142857142868,-0.18571428571428683,-3.411516083339075e-17
S2B_MSIL2A_20180924T065619_R063_T39QXG_20201009T042750_0000.jpg,S2B_MSIL2A_20180924T065619_R063_T39QXG_20201009T042750,2018-09-24 06:56:19.024000+00:00,2018-09,0.0395934581756591,0.9157702922821044,-0.1448828876018524,0.0979,0.946864,0.336352,26.385,-1.0,-1.8369701987210294e-16,2.9802322387695312e-08,1.1920928955078125e-07,0,0.9810630679130554,0.3488015234470367,0.7660241723060608,0.8334755984301307,2018-09-24 06:56:19.024,T39QXG,S2B_MSIL2A_20180924T065619_R063_T39QXG_20201009T042750,24225,9,26.199285714285715,0.18571428571428683,0.6083707743902496,-1.009217308196862,-0.02371239511613574,-0.4732059855926509,9.671746680286006,0.318479600128,3.4356690500510725,0.1758461714285725,0.0624653714285718,0.007353070804051021,0.01818142857142868,-0.18571428571428683,-3.411516083339075e-17
S2A_MSIL2A_20180919T065621_R063_T39QXG_20201009T024121_0000.jpg,S2A_MSIL2A_20180919T065621_R063_T39QXG_20201009T024121,2018-09-19 06:56:21.024000+00:00,2018-09,0.0470229387283325,0.9113800525665284,-0.163395419716835,0.0626,0.384632,0.23686,26.335,-1.0,-1.8369701987210294e-16,0.0,1.1920928955078125e-07,0,0.9810630679130554,0.3488015234470367,0.7660241723060608,0.7873454861325427,2018-09-19 06:56:21.024,T39QXG,S2A_MSIL2A_20180919T065621_R063_T39QXG_20201009T024121,24225,9,26.199285714285715,0.13571428571428612,0.44457864282364257,-1.2034256667895702,-0.414954586854437,-0.6255082750561838,6.144281150159744,0.09110393551999998,3.7837060702875394,0.0522000571428573,0.03214528571428581,0.006381684541702287,0.008495714285714311,-0.13571428571428612,-2.4930309839785474e-17
S2B_MSIL2A_20180914T065619_R063_T39QXG_20201009T011434_0000.jpg,S2B_MSIL2A_20180914T065619_R063_T39QXG_20201009T011434,2018-09-14 06:56:19.024000+00:00,2018-09,0.0424590334296226,0.8981236815452576,-0.1677370965480804,0.0626,0.384632,0.23686,26.335,-1.0,-1.8369701987210294e-16,2.9802322387695312e-08,0.0,0,0.9810630679130554,0.3488015234470367,0.7660241723060608,0.6739212185635337,2018-09-14 06:56:19.024,T39QXG,S2B_MSIL2A_20180914T065619_R063_T39QXG_20201009T011434,24225,9,26.199285714285715,0.13571428571428612,0.44457864282364257,-1.2034256667895702,-0.414954586854437,-0.6255082750561838,6.144281150159744,0.09110393551999998,3.7837060702875394,0.0522000571428573,0.03214528571428581,0.0057622973940202275,0.008495714285714311,-0.13571428571428612,-2.4930309839785474e-17
S2A_MSIL2A_20180909T065621_R063_T39QXG_20201008T231028_0000.jpg,S2A_MSIL2A_20180909T065621_R063_T39QXG_20201008T231028,2018-09-09 06:56:21.024000+00:00,2018-09,0.0420393347740173,0.8946921825408936,-0.1705683767795562,0.1302,1.51576,0.456075,26.4417,-1.0,-1.8369701987210294e-16,2.9802322387695312e-08,1.788139343261719e-07,1,0.9810630679130554,0.3488015234470367,0.7660241723060608,0.6858248587432867,2018-09-09 06:56:21.024,T39QXG,S2A_MSIL2A_20180909T065621_R063_T39QXG_20201008T231028,24225,9,26.199285714285715,0.24241428571428614,0.794111051586777,-0.8853890157678268,0.1806304421093745,-0.3409637331956288,11.641781874039937,0.6913002420000001,3.502880184331797,0.3674418777142864,0.11055909535714305,0.010190935311147155,0.03156234000000006,-0.24241428571428614,-4.453078186013886e-17
S2B_MSIL2A_20180904T065619_R063_T39QXG_20201011T083613_0000.jpg,S2B_MSIL2A_20180904T065619_R063_T39QXG_20201011T083613,2018-09-04 06:56:19.024000+00:00,2018-09,0.0411606803536415,0.8995077610015869,-0.1637744754552841,0.075,0.575683,0.382635,25.72,-1.0,-1.8369701987210294e-16,0.0,1.788139343261719e-07,0,0.9810630679130554,0.3488015234470367,0.7660241723060608,0.6952439430103513,2018-09-04 06:56:19.024,T39QXG,S2B_MSIL2A_20180904T065619_R063_T39QXG_20201011T083613,24225,9,26.199285714285715,-0.47928571428571587,-1.5700645754456013,-1.1249387366083,-0.2398165951326755,-0.41721530714810634,7.675773333333333,0.22027646470499998,5.1018,-0.27591663785714377,-0.1833914892857149,-0.0197277260837811,-0.03594642857142869,0.47928571428571587,8.80433573815582e-17
S2A_MSIL2A_20180830T065621_R063_T39QXG_20201103T141110_0000.jpg,S2A_MSIL2A_20180830T065621_R063_T39QXG_20201103T141110,2018-08-30 06:56:21.024000+00:00,2018-08,0.0448196902871131,0.9157285094261168,-0.153169646859169,0.075,0.575683,0.382635,25.72,-0.8660254037844384,-0.5000000000000004,0.0,0.0,1,0.973641037940979,0.2011658996343612,0.4173726737499237,0.4666560835602344,2018-08-30 06:56:21.024,T39QXG,S2A_MSIL2A_20180830T065621_R063_T39QXG_20201103T141110,24224,8,25.63055,0.08944999999999936,0.23651178504047618,-1.1249387366083,-0.2398165951326755,-0.41721530714810634,7.675773333333333,0.22027646470499998,5.1018,0.05149484434999963,0.034226700749999756,0.0040091212961822385,0.006708749999999952,-0.07746597236851746,-0.04472499999999972
S2A_MSIL2A_20180820T065621_R063_T39QXG_20201011T042051_0000.jpg,S2A_MSIL2A_20180820T065621_R063_T39QXG_20201011T042051,2018-08-20 06:56:21.024000+00:00,2018-08,0.0417311415076255,0.9043675065040588,-0.1607653349637985,0.0746,0.551472,0.185704,25.355,-0.8660254037844384,-0.5000000000000004,0.0,0.0,0,0.973641037940979,0.2011658996343612,0.4173726737499237,0.4822073549959274,2018-08-20 06:56:21.024,T39QXG,S2A_MSIL2A_20180820T065621_R063_T39QXG_20201011T042051,24224,8,25.63055,-0.2755499999999991,-0.7285726368686803,-1.1272611725273312,-0.2584765331860669,-0.7311787416063781,7.3923860589812325,0.102410556288,2.489329758713137,-0.15195810959999947,-0.05117073719999983,-0.011499016042426168,-0.02055602999999993,0.2386333000128012,0.13777499999999965
S2B_MSIL2A_20180815T065729_R063_T39QXG_20201011T021229_0000.jpg,S2B_MSIL2A_20180815T065729_R063_T39QXG_20201011T021229,2018-08-15 06:57:29.024000+00:00,2018-08,0.0386622920632362,0.8991031050682068,-0.1586140096187591,0.0746,0.551472,0.185704,25.355,-0.8660254037844384,-0.5000000000000004,0.0,0.0,0,0.973641037940979,0.2011658996343612,0.4173726737499237,0.513665392921504,2018-08-15 06:57:29.024,T39QXG,S2B_MSIL2A_20180815T065729_R063_T39QXG_20201011T021229,24224,8,25.63055,-0.2755499999999991,-0.7285726368686803,-1.1272611725273312,-0.2584765331860669,-0.7311787416063781,7.3923860589812325,0.102410556288,2.489329758713137,-0.15195810959999947,-0.05117073719999983,-0.0106533945780247,-0.02055602999999993,0.2386333000128012,0.13777499999999965
S2B_MSIL2A_20180716T065619_R063_T39QXG_20201011T163441_0000.jpg,S2B_MSIL2A_20180716T065619_R063_T39QXG_20201011T163441,2018-07-16 06:56:19.024000+00:00,2018-07,0.0476786866784095,0.9020482897758484,-0.1678117960691452,0.0779,0.63296,0.168647,25.2067,-0.5000000000000001,-0.8660254037844386,0.0,1.1920928955078125e-07,0,0.4354408979415893,0.1199859753251075,0.3442471027374267,0.4936245889571261,2018-07-16 06:56:19.024,T39QXG,S2B_MSIL2A_20180716T065619_R063_T39QXG_20201011T163441,24223,7,25.427525000000003,-0.22082500000000138,-0.32987993035022395,-1.1084625423274355,-0.19862373441893344,-0.7730213799122769,8.125288831835686,0.10674680511999998,2.1649165596919127,-0.13977339200000086,-0.03724147377500023,-0.010528645985759843,-0.017202267500000108,0.11041250000000072,0.19124005979069986
S2B_MSIL2A_20180706T065619_R063_T39QXG_20201011T124309_0000.jpg,S2B_MSIL2A_20180706T065619_R063_T39QXG_20201011T124309,2018-07-06 06:56:19.024000+00:00,2018-07,0.0408328175544738,0.906686782836914,-0.1566378772258758,0.082,0.679299,0.2985485,24.6,-0.5000000000000001,-0.8660254037844386,2.9802322387695312e-08,0.0,0,0.4354408979415893,0.1199859753251075,0.3442471027374267,0.5142933730956332,2018-07-06 06:56:19.024,T39QXG,S2B_MSIL2A_20180706T065619_R063_T39QXG_20201011T124309,24223,7,25.427525000000003,-0.8275250000000014,-1.2362001103274893,-1.0861861476162833,-0.16793902473622954,-0.5249851065065168,8.284134146341463,0.20280369750149999,3.6408353658536585,-0.5621369049750009,-0.2470563474625004,-0.03379017734676599,-0.06785705000000011,0.4137625000000008,0.7166576722667187
S2A_MSIL2A_20180701T065621_R063_T39QXG_20201011T104015_0000.jpg,S2A_MSIL2A_20180701T065621_R063_T39QXG_20201011T104015,2018-07-01 06:56:21.024000+00:00,2018-07,0.0481508374214172,0.9213922023773192,-0.1551601588726043,0.0943,0.906392,0.42845,26.1267,-0.5000000000000001,-0.8660254037844386,2.9802322387695312e-08,2.384185791015625e-07,1,0.4354408979415893,0.1199859753251075,0.3442471027374267,0.533017988557819,2018-07-01 06:56:21.024,T39QXG,S2A_MSIL2A_20180701T065621_R063_T39QXG_20201011T104015,24223,7,25.427525000000003,0.6991749999999968,1.0444641698295725,-1.0254883072626717,-0.042683936299102984,-0.3680998528331917,9.611792152704137,0.38834365239999996,4.543478260869565,0.633726626599997,0.29956152874999864,0.03366586175411922,0.06593220249999969,-0.34958749999999844,-0.605503311690982
S2B_MSIL2A_20180328T065919_R063_T39QXG_20201013T154107_0000.jpg,S2B_MSIL2A_20180328T065919_R063_T39QXG_20201013T154107,2018-03-28 06:59:19.027000+00:00,2018-03,0.0399803519248962,0.8632269501686096,-0.1922474801540374,0.0496,0.254955,0.34175,29.1717,1.0,6.123233995736766e-17,2.9802322387695312e-08,1.1920928955078125e-07,0,0.8779841065406799,0.332739382982254,0.5718271136283875,0.3516408579867923,2018-03-28 06:59:19.027,T39QXG,S2B_MSIL2A_20180328T065919_R063_T39QXG_20201013T154107,24219,3,28.588333333333335,0.5833666666666666,1.004256747398281,-1.3045183235098026,-0.5935364665319002,-0.4662914767601401,5.140221774193548,0.08713087124999999,6.890120967741936,0.14873224849999997,0.1993655583333333,0.023323204634586942,0.028934986666666662,0.5833666666666666,3.572090605312971e-17
S2A_MSIL2A_20180323T065621_R063_T39QXG_20201013T125706_0000.jpg,S2A_MSIL2A_20180323T065621_R063_T39QXG_20201013T125706,2018-03-23 06:56:21.026000+00:00,2018-03,0.0416262373328208,0.8668715953826904,-0.1946368366479873,0.0496,0.254955,0.34175,29.1717,1.0,6.123233995736766e-17,0.0,1.788139343261719e-07,0,0.8779841065406799,0.332739382982254,0.5718271136283875,0.3255376240115563,2018-03-23 06:56:21.026,T39QXG,S2A_MSIL2A_20180323T065621_R063_T39QXG_20201013T125706,24219,3,28.588333333333335,0.5833666666666666,1.004256747398281,-1.3045183235098026,-0.5935364665319002,-0.4662914767601401,5.140221774193548,0.08713087124999999,6.890120967741936,0.14873224849999997,0.1993655583333333,0.024283359318723226,0.028934986666666662,0.5833666666666666,3.572090605312971e-17
S2B_MSIL2A_20180318T065619_R063_T39QXG_20201013T105007_0000.jpg,S2B_MSIL2A_20180318T065619_R063_T39QXG_20201013T105007,2018-03-18 06:56:19.027000+00:00,2018-03,0.0473573803901672,0.9049136638641356,-0.169926717877388,0.058,0.338219,0.29551,28.945,1.0,6.123233995736766e-17,1.4901161193847656e-08,1.1920928955078125e-07,0,0.8779841065406799,0.332739382982254,0.5718271136283875,0.2929533797763272,2018-03-18 06:56:19.027,T39QXG,S2B_MSIL2A_20180318T065619_R063_T39QXG_20201013T105007,24219,3,28.588333333333335,0.3566666666666656,0.6139961829130665,-1.2365720064370627,-0.4708019988572053,-0.5294278180946175,5.831362068965517,0.09994709669,5.095,0.12063144333333296,0.10539856666666635,0.01689079900582625,0.020686666666666603,0.3566666666666656,2.1839534584794398e-17
S2A_MSIL2A_20180313T065651_R063_T39QXG_20201013T082101_0000.jpg,S2A_MSIL2A_20180313T065651_R063_T39QXG_20201013T082101,2018-03-13 06:56:51.026000+00:00,2018-03,0.0440786853432655,0.9042968153953552,-0.1643057167530059,0.0723,0.52831,0.35212,28.2133,1.0,6.123233995736766e-17,2.9802322387695312e-08,1.788139343261719e-07,0,0.8779841065406799,0.332739382982254,0.5718271136283875,0.3838645775366257,2018-03-13 06:56:51.026,T39QXG,S2A_MSIL2A_20180313T065651_R063_T39QXG_20201013T082101,24219,3,28.588333333333335,-0.37503333333333444,-0.6456141171920516,-1.140861702705469,-0.27711116878738107,-0.45330930681575937,7.307192254495158,0.18602851719999997,4.870262793914246,-0.1981338603333339,-0.13205673733333373,-0.016530976293236053,-0.027114910000000082,-0.37503333333333444,-2.2964168562011518e-17
S2B_MSIL2A_20180308T065719_R063_T39QXG_20201013T080744_0000.jpg,S2B_MSIL2A_20180308T065719_R063_T39QXG_20201013T080744,2018-03-08 06:57:19.027000+00:00,2018-03,0.0368918180465698,0.8645897507667542,-0.1876153349876403,0.0723,0.52831,0.35212,28.2133,1.0,6.123233995736766e-17,1.4901161193847656e-08,0.0,0,0.8779841065406799,0.332739382982254,0.5718271136283875,0.4802555956423855,2018-03-08 06:57:19.027,T39QXG,S2B_MSIL2A_20180308T065719_R063_T39QXG_20201013T080744,24219,3,28.588333333333335,-0.37503333333333444,-0.6456141171920516,-1.140861702705469,-0.27711116878738107,-0.45330930681575937,7.307192254495158,0.18602851719999997,4.870262793914246,-0.1981338603333339,-0.13205673733333373,-0.013835661494731937,-0.027114910000000082,-0.37503333333333444,-2.2964168562011518e-17
S2A_MSIL2A_20180303T065801_R063_T39QXG_20201013T055226_0000.jpg,S2A_MSIL2A_20180303T065801_R063_T39QXG_20201013T055226,2018-03-03 06:58:01.026000+00:00,2018-03,0.0430032983422279,0.8816649913787842,-0.1884126812219619,2.2442,9.97179,0.67053,27.815,1.0,6.123233995736766e-17,2.9802322387695312e-08,1.1920928955078125e-07,1,0.8779841065406799,0.332739382982254,0.5718271136283875,1.0,2018-03-03 06:58:01.026,T39QXG,S2A_MSIL2A_20180303T065801_R063_T39QXG_20201013T055226,24219,3,28.588333333333335,-0.7733333333333334,-1.3312814433255316,0.35106155803238287,0.9987731239430955,-0.17358178672663588,4.443360663042509,6.6863843487,0.2987835308796007,-7.711517600000001,-0.5185432,-0.03325588405132292,-1.735514666666667,-0.7733333333333334,-4.7353009567030995e-17
S2B_MSIL2A_20180226T065829_R063_T39QXG_20201104T154320_0000.jpg,S2B_MSIL2A_20180226T065829_R063_T39QXG_20201104T154320,2018-02-26 06:58:29.027000+00:00,2018-02,0.0426360964775085,0.9148548245429992,-0.1567837297916412,2.2442,9.97179,0.67053,27.815,0.8660254037844386,0.5000000000000001,1.4901161193847656e-08,1.1920928955078125e-07,1,0.9502692818641664,0.3051090687513351,0.4909876734018326,1.0,2018-02-26 06:58:29.027,T39QXG,S2B_MSIL2A_20180226T065829_R063_T39QXG_20201104T154320,24218,2,26.89166,0.9233399999999996,1.2347817245434287,0.35106155803238287,0.9987731239430955,-0.17358178672663588,4.443360663042509,6.6863843487,0.2987835308796007,9.207352578599997,0.6191271701999997,0.039367613321542684,2.072159627999999,0.7996358963303232,0.4616699999999999
S2A_MSIL2A_20180221T065911_R063_T39QXG_20201013T234500_0000.jpg,S2A_MSIL2A_20180221T065911_R063_T39QXG_20201013T234500,2018-02-21 06:59:11.026000+00:00,2018-02,0.0458819642663002,0.8881921172142029,-0.1815240383148193,0.3286,4.08212,0.400995,27.555,0.8660254037844386,0.5000000000000001,0.0,0.0,1,0.9502692818641664,0.3051090687513351,0.4909876734018326,0.996272800475545,2018-02-21 06:59:11.026,T39QXG,S2A_MSIL2A_20180221T065911_R063_T39QXG_20201013T234500,24218,2,26.89166,0.663339999999998,0.8870839659915479,-0.48333244090095706,0.6108857673011239,-0.3968610425567441,12.422763237979305,1.6369097093999998,1.2203134510042604,2.7078334807999918,0.2659960232999992,0.030435342176407486,0.21797352399999936,0.5744692913463678,0.3316699999999991
S2B_MSIL2A_20180216T065929_R063_T39QXG_20201013T220228_0000.jpg,S2B_MSIL2A_20180216T065929_R063_T39QXG_20201013T220228,2018-02-16 06:59:29.027000+00:00,2018-02,0.0430164113640785,0.8886220455169678,-0.1766906082630157,0.0864667,0.634498,0.339285,26.495,0.8660254037844386,0.5000000000000001,2.9802322387695312e-08,1.1920928955078125e-07,0,0.9502692818641664,0.3051090687513351,0.4909876734018326,0.4980086983022875,2018-02-16 06:59:29.027,T39QXG,S2B_MSIL2A_20180216T065929_R063_T39QXG_20201013T220228,24218,2,26.89166,-0.3966600000000007,-0.5304530496430323,-1.0631511155489342,-0.19756974250597104,-0.4694353403585063,7.338061935982292,0.21527565393,3.923880522790855,-0.2516799766800004,-0.13458078810000024,-0.01706288973167541,-0.03429788122200006,-0.343517636665136,-0.1983300000000004
S2A_MSIL2A_20180211T070021_R063_T39QXG_20201026T022414_0000.jpg,S2A_MSIL2A_20180211T070021_R063_T39QXG_20201026T022414,2018-02-11 07:00:21.026000+00:00,2018-02,0.0391737818717956,0.8946468234062195,-0.1665445268154144,0.0864667,0.634498,0.339285,26.495,0.8660254037844386,0.5000000000000001,0.0,1.1920928955078125e-07,0,0.9502692818641664,0.3051090687513351,0.4909876734018326,0.494953866702875,2018-02-11 07:00:21.026,T39QXG,S2A_MSIL2A_20180211T070021_R063_T39QXG_20201026T022414,24218,2,26.89166,-0.3966600000000007,-0.5304530496430323,-1.0631511155489342,-0.19756974250597104,-0.4694353403585063,7.338061935982292,0.21527565393,3.923880522790855,-0.2516799766800004,-0.13458078810000024,-0.015538672317266468,-0.03429788122200006,-0.343517636665136,-0.1983300000000004
S2A_MSIL2A_20180201T070111_R063_T39QXG_20201013T174623_0000.jpg,S2A_MSIL2A_20180201T070111_R063_T39QXG_20201013T174623,2018-02-01 07:01:11.026000+00:00,2018-02,-0.0134819746017456,0.969630002975464,-0.0093048978596925,0.118933,1.20884,0.589822,26.0983,0.8660254037844386,0.5000000000000001,1.862645149230957e-09,1.1920928955078125e-07,1,0.9502692818641664,0.3051090687513351,0.4909876734018326,0.7633726757378816,2018-02-01 07:01:11.026,T39QXG,S2A_MSIL2A_20180201T070111_R063_T39QXG_20201013T174623,24218,2,26.89166,-0.7933600000000034,-1.0609595912489214,-0.9246976262103374,0.0823688221879019,-0.2292790325634484,10.164041939579427,0.71300042648,4.9592795943934815,-0.9590453024000041,-0.46794118192000195,0.010696059370040934,-0.0943566848800004,-0.6870699143464252,-0.3966800000000018
S2B_MSIL2A_20180127T070139_R063_T39QXG_20201014T091640_0000.jpg,S2B_MSIL2A_20180127T070139_R063_T39QXG_20201014T091640,2018-01-27 07:01:39.027000+00:00,2018-01,0.0450426340103149,0.8766319751739502,-0.1964807361364364,0.118933,1.20884,0.589822,26.0983,0.4999999999999999,0.8660254037844387,2.9802322387695312e-08,1.788139343261719e-07,1,0.9345849454402924,0.2232311218976974,0.487862691283226,0.6735058309664816,2018-01-27 07:01:39.027,T39QXG,S2B_MSIL2A_20180127T070139_R063_T39QXG_20201014T091640,24217,1,26.458144444444443,-0.35984444444444463,-0.7296604389691811,-0.9246976262103374,0.0823688221879019,-0.2292790325634484,10.164041939579427,0.71300042648,4.9592795943934815,-0.43499435822222243,-0.2122441699111112,-0.016208341611756213,-0.04279737931111113,-0.1799222222222223,-0.3116344302995872
S2B_MSIL2A_20180117T070219_R063_T39QXG_20201014T062903_0000.jpg,S2B_MSIL2A_20180117T070219_R063_T39QXG_20201014T062903,2018-01-17 07:02:19.027000+00:00,2018-01,0.0350229442119598,0.857026994228363,-0.1938018947839737,0.1184,1.19261,0.28582,26.3517,0.4999999999999999,0.8660254037844387,2.9802322387695312e-08,0.0,0,0.9345849454402924,0.2232311218976974,0.487862691283226,0.7485129048987782,2018-01-17 07:02:19.027,T39QXG,S2B_MSIL2A_20180117T070219_R063_T39QXG_20201014T062903,24217,1,26.458144444444443,-0.1064444444444419,-0.21583854150943568,-0.926648297613099,0.07649844657152759,-0.5439073851120979,10.072719594594593,0.3408717902,2.4140202702702704,-0.12694670888888585,-0.030423951111110386,-0.0037279978394507427,-0.012603022222221922,-0.053222222222220936,-0.09218359298060805
S2A_MSIL2A_20180112T070231_R063_T39QXG_20201014T050638_0000.jpg,S2A_MSIL2A_20180112T070231_R063_T39QXG_20201014T050638,2018-01-12 07:02:31.026000+00:00,2018-01,0.042327880859375,0.8817272782325745,-0.18482705950737,0.0998,0.981467,0.336446,25.81,0.4999999999999999,0.8660254037844387,2.9802322387695312e-08,1.1920928955078125e-07,0,0.9345849454402924,0.2232311218976974,0.487862691283226,0.585922912822163,2018-01-12 07:02:31.026,T39QXG,S2A_MSIL2A_20180112T070231_R063_T39QXG_20201014T050638,24217,1,26.458144444444443,-0.6481444444444442,-1.314249440696264,-1.000869458712629,-0.008124298161620204,-0.4730846306493706,9.83433867735471,0.33021064628200003,3.3712024048096194,-0.6361323834555553,-0.21806560575555547,-0.02743458082411023,-0.06468481555555552,-0.32407222222222204,-0.5613095542106404
S2B_MSIL2A_20180107T070249_R063_T39QXG_20201014T040002_0000.jpg,S2B_MSIL2A_20180107T070249_R063_T39QXG_20201014T040002,2018-01-07 07:02:49.027000+00:00,2018-01,0.0388852581381797,0.8748940825462341,-0.1865410953760147,0.100567,0.989238,0.322583,25.97,0.4999999999999999,0.8660254037844387,0.0,1.788139343261719e-07,0,0.9345849454402924,0.2232311218976974,0.487862691283226,0.6081508796604428,2018-01-07 07:02:49.027,T39QXG,S2B_MSIL2A_20180107T070249_R063_T39QXG_20201014T040002,24217,1,26.458144444444443,-0.48814444444444405,-0.9898157248574381,-0.9975445050559032,-0.00469920926046093,-0.4913585234961265,9.836606441476826,0.319111361754,3.2076426660833075,-0.48289103393333294,-0.1574670993222221,-0.018981622730940527,-0.04909122234444441,-0.24407222222222197,-0.42274548960513014
S2B_MSIL2A_20171228T070259_R063_T39QXG_20201014T170056_0000.jpg,S2B_MSIL2A_20171228T070259_R063_T39QXG_20201014T170056,2017-12-28 07:02:59.027000+00:00,2017-12,0.0401114821434021,0.8662822246551514,-0.1971517205238342,0.1016,1.01705,0.433635,26.175,-2.4492935982947064e-16,1.0,1.4901161193847656e-08,1.788139343261719e-07,1,0.9277651906013488,0.1962181031703949,0.4752570688724518,0.6372235914849196,2017-12-28 07:02:59.027,T39QXG,S2B_MSIL2A_20171228T070259_R063_T39QXG_20201014T170056,24216,12,26.175,0.0,0.0,-0.9931062920520995,0.007342304142330685,-0.3628756718261764,10.010334645669293,0.44102847675,4.268061023622048,0.0,0.0,0.0,0.0,-0.0,0.0
S2A_MSIL2A_20190127T070141_R063_T39QXG_20201008T050026_0000.jpg,S2A_MSIL2A_20190127T070141_R063_T39QXG_20201008T050026,2019-01-27 07:01:41.024000+00:00,2019-01,0.0376590192317962,0.9243353009223938,-0.1282726675271988,0.0654,0.394505,0.0998117,26.6167,0.4999999999999999,0.8660254037844387,0.0,1.1920928955078125e-07,0,0.9470690190792084,0.2216770276427268,0.5633534491062164,0.8257555647588728,2019-01-27 07:01:41.024,T39QXG,S2A_MSIL2A_20190127T070141_R063_T39QXG_20201008T050026,24229,1,26.458144444444443,0.15855555555555867,0.32150480034862017,-1.1844222516757328,-0.40394748812338543,-1.0008185474139015,6.032186544342507,0.0393762147085,1.5261727828746179,0.06255095944444568,0.015825699544444755,0.0059710467159749155,0.010369533333333536,0.07927777777777932,0.1373131390222687
S2B_MSIL2A_20190122T070209_R063_T39QXG_20201008T034450_0000.jpg,S2B_MSIL2A_20190122T070209_R063_T39QXG_20201008T034450,2019-01-22 07:02:09.024000+00:00,2019-01,0.0355081856250762,0.8920534253120422,-0.1638188660144806,0.0806,0.656402,0.356923,26.6533,0.4999999999999999,0.8660254037844387,2.9802322387695312e-08,1.1920928955078125e-07,1,0.9470690190792084,0.2216770276427268,0.5633534491062164,0.5454741261245416,2019-01-22 07:02:09.024,T39QXG,S2B_MSIL2A_20190122T070209_R063_T39QXG_20201008T034450,24229,1,26.458144444444443,0.19515555555555864,0.39571901284675143,-1.0936649581949094,-0.1828301043592848,-0.4474254653499147,8.14394540942928,0.23428497104600002,4.428325062034739,0.1281004969777798,0.06965550635555666,0.0069296196924316465,0.015729537777778028,0.09757777777777929,0.16900966880077914
S2A_MSIL2A_20190117T070221_R063_T39QXG_20201008T021414_0000.jpg,S2A_MSIL2A_20190117T070221_R063_T39QXG_20201008T021414,2019-01-17 07:02:21.024000+00:00,2019-01,0.0428130850195884,0.90726637840271,-0.1612901389598846,0.0806,0.656402,0.356923,26.6533,0.4999999999999999,0.8660254037844387,2.9802322387695312e-08,1.1920928955078125e-07,1,0.9470690190792084,0.2216770276427268,0.5633534491062164,0.7007861095688523,2019-01-17 07:02:21.024,T39QXG,S2A_MSIL2A_20190117T070221_R063_T39QXG_20201008T021414,24229,1,26.458144444444443,0.19515555555555864,0.39571901284675143,-1.0936649581949094,-0.1828301043592848,-0.4474254653499147,8.14394540942928,0.23428497104600002,4.428325062034739,0.1281004969777798,0.06965550635555666,0.008355211392045139,0.015729537777778028,0.09757777777777929,0.16900966880077914
S2B_MSIL2A_20190112T070239_R063_T39QXG_20201008T005855_0000.jpg,S2B_MSIL2A_20190112T070239_R063_T39QXG_20201008T005855,2019-01-12 07:02:39.024000+00:00,2019-01,0.0137180685997009,0.95287424325943,-0.0571427904069423,0.0782,0.620326,0.184245,26.49,0.4999999999999999,0.8660254037844387,0.0,5.960464477539065e-08,0,0.9470690190792084,0.2216770276427268,0.5633534491062164,0.945526307489686,2019-01-12 07:02:39.024,T39QXG,S2B_MSIL2A_20190112T070239_R063_T39QXG_20201008T005855,24229,1,26.458144444444443,0.031855555555555526,0.06459385161874388,-1.106793246940152,-0.20738001567544936,-0.734604289096448,7.932557544757033,0.11429196387,2.356074168797954,0.019760829355555537,0.005869226833333328,0.0004369966963926938,0.0024911044444444422,0.01592777777777776,0.027587720362777592
S2A_MSIL2A_20190107T070251_R063_T39QXG_20201007T232849_0000.jpg,S2A_MSIL2A_20190107T070251_R063_T39QXG_20201007T232849,2019-01-07 07:02:51.024000+00:00,2019-01,0.0377835929393768,0.8884379863739014,-0.1672562807798385,0.0747,0.58144,0.26695,27.48,0.4999999999999999,0.8660254037844387,2.9802322387695312e-08,5.960464477539065e-08,0,0.9470690190792084,0.2216770276427268,0.5633534491062164,0.501110081330132,2019-01-07 07:02:51.024,T39QXG,S2A_MSIL2A_20190107T070251_R063_T39QXG_20201007T232849,24229,1,26.458144444444443,1.0218555555555575,2.0720274683714806,-1.1266793981846013,-0.23549509437205976,-0.5735700748060724,7.783668005354752,0.155215408,3.573627844712182,0.5941476942222234,0.2727843405555561,0.038609374353951925,0.07633261000000015,0.5109277777777786,0.8849528701093736
