plant_id,name,lat,lon,country,capacity_m3_day,osm_type,osm_id,operator,tags_json
osm:relation/12252212,Sultan Qaboos Grand Mosque Sohar,24.3127017,56.7569191,,,relation,12252212,,"{""@id"": ""relation/12252212"", ""amenity"": ""place_of_worship"", ""building"": ""yes"", ""name"": ""Sultan Qaboos Grand Mosque Sohar"", ""name:en"": ""Sultan Qaboos Grand Mosque Sohar"", ""religion"": ""muslim"", ""type"": ""multipolygon"", ""@geometry"": ""center""}"
osm:relation/15990136,Old Muscat Market,23.6214801,58.5621642,,,relation,15990136,,"{""@id"": ""relation/15990136"", ""name"": ""Old Muscat Market"", ""place"": ""neighbourhood"", ""type"": ""multipolygon"", ""@geometry"": ""center""}"
osm:way/33812294,Former Salalah International Airport (now defunct),17.0375299,54.1066742,,,way,33812294,,"{""@id"": ""way/33812294"", ""amenity"": ""parking"", ""name"": ""Former Salalah International Airport (now defunct)"", ""parking"": ""surface"", ""@geometry"": ""center""}"
osm:way/35977043,Grand Hyatt Muscat,23.6090403,58.444307,,,way,35977043,Hyatt,"{""@id"": ""way/35977043"", ""addr:city"": ""حي الصاروج  As Saruj St"", ""addr:housenumber"": ""3032"", ""air_conditioning"": ""yes"", ""bar"": ""yes"", ""brand"": ""Grand Hyatt"", ""brand:wikidata"": ""Q115794899"", ""building"": ""yes"", ""contact:facebook"": ""GrandHyattMuscat"", ""internet_access"": ""yes"", ""internet_access:fee"": ""no"", ""name"": ""Grand Hyatt Muscat"", ""opening_hours"": ""24/7"", ""operator"": ""Hyatt"", ""payment:cash"": ""yes"", ""payment:credit_cards"": ""yes"", ""payment:maestro"": ""yes"", ""payment:mastercard"": ""yes"", ""payment:visa"": ""yes"", ""phone"": ""+968 24641234"", ""reservation"": ""yes"", ""smoking"": ""outside"", ""stars"": ""5"", ""tourism"": ""hotel"", ""website"": ""https://www.hyatt.com/grand-hyatt/en-US/musca-grand-hyatt-muscat"", ""wheelchair"": ""yes"", ""wikidata"": ""Q5594656"", ""wikimedia_commons"": ""Category:Grand Hyatt Muscat"", ""@geometry"": ""center""}"
osm:node/10058657405,W Muscat,23.616575,58.4661817,,,node,10058657405,,"{""@id"": ""node/10058657405"", ""brand"": ""W Hotels"", ""brand:wikidata"": ""Q7958488"", ""internet_access"": ""wlan"", ""internet_access:fee"": ""no"", ""name"": ""W Muscat"", ""phone"": ""+96822120000"", ""short_name"": ""W"", ""stars"": ""5"", ""start_date"": ""2019"", ""tourism"": ""hotel"", ""website"": ""https://www.marriott.com/en-us/hotels/mctwh-w-muscat/""}"
osm:way/36057542,Muscat City Centre Car Parking,23.6005977,58.2480648,,,way,36057542,,"{""@id"": ""way/36057542"", ""amenity"": ""parking"", ""fee"": ""no"", ""name"": ""Muscat City Centre Car Parking"", ""parking"": ""multi-storey"", ""@geometry"": ""center""}"
osm:node/4966542278,Arabia Falcon Insurance Co.,23.5976249,58.548305,,,node,4966542278,,"{""@id"": ""node/4966542278"", ""addr:street"": ""سكة 2732"", ""name"": ""Arabia Falcon Insurance Co."", ""name:ar"": ""العربية فالكون للتأمين"", ""office"": ""insurance"", ""source"": ""Kaart Ground Survey 2017""}"
osm:way/672861797,Hilton Garden Inn Muscat Al Khuwair,23.5940173,58.4204645,,,way,672861797,Hilton,"{""@id"": ""way/672861797"", ""addr:city"": ""Al Khuwair, Muscat"", ""addr:postcode"": ""118"", ""addr:street"": ""Dohat Al Adab Street"", ""brand"": ""Hilton Garden Inn"", ""brand:wikidata"": ""Q1162859"", ""brand:wikipedia"": ""en:Hilton Garden Inn"", ""building"": ""yes"", ""contact:facebook"": ""https://www.facebook.com/HiltonGardenInnMuscatAlKhuwair"", ""contact:instagram"": ""https://www.instagram.com/hiltongardeninnmuscat"", ""contact:linkedin"": ""https://www.linkedin.com/company/hiltongardeninnmuscat"", ""contact:twitter"": ""https://twitter.com/hiltongi_muscat"", ""email"": ""mctak_reservations@hilton.com"", ""fax"": ""+968 2252 2000"", ""internet_access"": ""yes"", ""internet_access:fee"": ""no"", ""name"": ""Hilton Garden Inn Muscat Al Khuwair"", ""name:ar"": ""هيلتون جاردن إن مسقط الخوير"", ""operator"": ""Hilton"", ""phone"": ""+968-22-515555"", ""rooms"": ""232"", ""stars"": ""4"", ""tourism"": ""hotel"", ""website"": ""https://www.hilton.com/en/hotels/mctakgi-hilton-garden-inn-muscat-al-khuwair/"", ""wheelchair"": ""yes"", ""@geometry"": ""center""}"
osm:way/95403400,Sohar Sanniya Park Road,24.3392524,56.6848806,,,way,95403400,,"{""@id"": ""way/95403400"", ""highway"": ""unclassified"", ""name"": ""Sohar Sanniya Park Road"", ""name:en"": ""Sohar Sanniya Park Road"", ""@geometry"": ""center""}"
osm:way/119304774,Ghubrah Lake Park,23.6011945,58.4019459,,,way,119304774,,"{""@id"": ""way/119304774"", ""leisure"": ""park"", ""name"": ""Ghubrah Lake Park"", ""@geometry"": ""center""}"
osm:way/125152717,Muscat Expressway J8,23.5626734,58.3360551,,,way,125152717,,"{""@id"": ""way/125152717"", ""destination"": ""Nizwa;al Seeb;Suhar"", ""highway"": ""motorway_link"", ""lanes"": ""1"", ""lit"": ""yes"", ""name"": ""Muscat Expressway J8"", ""oneway"": ""yes"", ""surface"": ""asphalt"", ""@geometry"": ""center""}"
osm:way/125849640,Muscat Oasis Residences,23.5818635,58.4095514,,,way,125849640,,"{""@id"": ""way/125849640"", ""building"": ""apartments"", ""name"": ""Muscat Oasis Residences"", ""@geometry"": ""center""}"
osm:way/507647926,Salalah House,17.0173872,54.0986372,,,way,507647926,,"{""@id"": ""way/507647926"", ""addr:city"": ""صلالة"", ""addr:street"": ""شارع 23 يوليو"", ""building"": ""yes"", ""name"": ""Salalah House"", ""@geometry"": ""center""}"
osm:node/4688093957,Muscat Pharmacy,23.6161749,58.5412416,,,node,4688093957,Muscat Pharmacy,"{""@id"": ""node/4688093957"", ""addr:city"": ""Muscat"", ""addr:street"": ""Darsait"", ""amenity"": ""pharmacy"", ""name"": ""Muscat Pharmacy"", ""operator"": ""Muscat Pharmacy"", ""source"": ""Kaart Ground Survey 2017""}"
osm:way/181915068,Barka Fort,23.708602,57.8951186,,,way,181915068,,"{""@id"": ""way/181915068"", ""building"": ""yes"", ""historic"": ""castle"", ""name"": ""Barka Fort"", ""name:ar"": ""حصن بركاء"", ""name:ml"": ""ബർക്ക കോട്ട"", ""tourism"": ""attraction"", ""wikidata"": ""Q10283777"", ""@geometry"": ""center""}"
osm:way/200263242,Muscat Gate Museum,23.6186763,58.5858571,,,way,200263242,,"{""@id"": ""way/200263242"", ""name"": ""Muscat Gate Museum"", ""tourism"": ""museum"", ""@geometry"": ""center""}"
osm:way/202217580,Kitesurf Shop,23.7775938,57.7813955,,,way,202217580,,"{""@id"": ""way/202217580"", ""building"": ""yes"", ""name"": ""Kitesurf Shop"", ""@geometry"": ""center""}"
osm:way/202217582,Muscat,23.7764696,57.7844856,,,way,202217582,,"{""@id"": ""way/202217582"", ""building"": ""yes"", ""name"": ""Muscat"", ""ref"": ""161-170, 261-270"", ""@geometry"": ""center""}"
osm:way/215088759,Animal enclosure,17.1392788,54.733531,,,way,215088759,,"{""@id"": ""way/215088759"", ""landuse"": ""farmland"", ""name"": ""Animal enclosure"", ""source"": ""Bing Aerial"", ""@geometry"": ""center""}"
osm:way/223295994,Ramada Encore by Wyndham Muscat Al-Ghubra,23.5865186,58.4060796,,,way,223295994,,"{""@id"": ""way/223295994"", ""brand"": ""Ramada"", ""brand:wikidata"": ""Q1502859"", ""building"": ""yes"", ""building:levels"": ""9"", ""internet_access"": ""wlan"", ""internet_access:fee"": ""customers"", ""name"": ""Ramada Encore by Wyndham Muscat Al-Ghubra"", ""tourism"": ""hotel"", ""website"": ""https://www.wyndhamhotels.com/ramada/muscat-oman/ramada-encore-muscat-al-ghubra/overview"", ""@geometry"": ""center""}"
osm:node/12692336274,Imperial Kitchen - Muscat,23.5954233,58.4236913,,,node,12692336274,,"{""@id"": ""node/12692336274"", ""addr:city"": ""Muscat"", ""addr:street"": ""Way 3517, Al Khuwair"", ""amenity"": ""restaurant"", ""cuisine"": ""indian;thai;noodle;steak_house;seafood"", ""name"": ""Imperial Kitchen - Muscat"", ""name:ar"": ""المطبخ الإمبراطوري - مسقط"", ""opening_hours"": ""Mo-Su 11:00-00:00"", ""phone"": ""+968 7687 6768"", ""website"": ""https://imperialkitchenmuscat.com/""}"
osm:node/226874075,Surayr,19.833333,57.75,,,node,226874075,,"{""@id"": ""node/226874075"", ""comment"": ""Experimental import of Omani places and POIs from GNS Dataset"", ""gns:ADM1"": ""00"", ""gns:CC1"": ""MU"", ""gns:DMS_LAT"": ""195000"", ""gns:DMS_LONG"": ""574500"", ""gns:DSG"": ""PPL"", ""gns:FC"": ""P"", ""gns:JOG"": ""NE40-03"", ""gns:LAT"": ""19.833333"", ""gns:LONG"": ""57.75"", ""gns:MGRS"": ""40QEG7853893213"", ""gns:N:ara:FULL_NAME"": ""Surayr"", ""gns:N:ara:FULL_NAME_ND"": ""Surayr"", ""gns:N:ara:LC"": ""ara"", ""gns:N:ara:MODIFY_DATE"": ""1993-12-14"", ""gns:N:ara:NT"": ""N"", ""gns:N:ara:SORT_NAME"": ""SURAYR"", ""gns:RC"": ""3"", ""gns:UFI"": ""-789059"", ""gns:UNI"": ""-1136982"", ""name"": ""Surayr"", ""name:ar"": ""Surayr"", ""place"": ""village"", ""source"": ""gns_om""}"
osm:way/229986929,Muscat Media Group,23.5935479,58.4259091,,,way,229986929,,"{""@id"": ""way/229986929"", ""building"": ""yes"", ""name"": ""Muscat Media Group"", ""website"": ""https://flammaintl.com/"", ""@geometry"": ""center""}"
osm:way/240467989,Muscat International School,23.6064863,58.4920901,,,way,240467989,,"{""@id"": ""way/240467989"", ""building"": ""school"", ""name"": ""Muscat International School"", ""source"": ""Kaart Ground Survey 2017"", ""@geometry"": ""center""}"
osm:way/240577351,Salalah Free Zone,16.9384935,53.9679235,,,way,240577351,,"{""@id"": ""way/240577351"", ""barrier"": ""wall"", ""frequency"": ""50"", ""name"": ""Salalah Free Zone"", ""power"": ""substation"", ""substation"": ""industrial"", ""voltage"": ""132000"", ""@geometry"": ""center""}"
osm:way/249439290,Bank Muscat - Athaiba Branch,23.6018514,58.3673263,,,way,249439290,,"{""@id"": ""way/249439290"", ""addr:street"": ""18 نوفمبر شارع"", ""amenity"": ""bank"", ""atm"": ""yes"", ""building"": ""yes"", ""name"": ""Bank Muscat - Athaiba Branch"", ""name:ar"": ""بنك مسقط"", ""opening_hours"": ""Su-Th 08:00-14:00"", ""@geometry"": ""center""}"
osm:way/255539899,Salalah Christian Centre,17.0309756,54.156801,,,way,255539899,,"{""@id"": ""way/255539899"", ""amenity"": ""place_of_worship"", ""building"": ""yes"", ""name"": ""Salalah Christian Centre"", ""religion"": ""christian"", ""@geometry"": ""center""}"
osm:way/260257447,"Eastin Residence, Muscat",23.6566065,58.2218012,,,way,260257447,,"{""@id"": ""way/260257447"", ""building"": ""yes"", ""name"": ""Eastin Residence, Muscat"", ""tourism"": ""hotel"", ""@geometry"": ""center""}"
osm:way/262518108,The American International School Muscat,23.5690288,58.382445,,,way,262518108,,"{""@id"": ""way/262518108"", ""amenity"": ""school"", ""name"": ""The American International School Muscat"", ""wikidata"": ""Q24765439"", ""wikipedia"": ""en:The American International School Muscat"", ""@geometry"": ""center""}"
osm:way/284769611,Muscat municipality market,23.6261057,58.5636358,,,way,284769611,,"{""@id"": ""way/284769611"", ""building"": ""yes"", ""name"": ""Muscat municipality market"", ""@geometry"": ""center""}"
osm:way/287080308,Sur Al Bu Khamis,23.757998,57.650483,,,way,287080308,,"{""@id"": ""way/287080308"", ""landuse"": ""residential"", ""name"": ""Sur Al Bu Khamis"", ""@geometry"": ""center""}"
osm:way/289146220,Salalah International Airport,17.0465055,54.0885428,,,way,289146220,,"{""@id"": ""way/289146220"", ""aeroway"": ""terminal"", ""building"": ""airport_terminal"", ""iata"": ""SLL"", ""layer"": ""1"", ""name"": ""Salalah International Airport"", ""@geometry"": ""center""}"
osm:way/548588428,Crowne Plaza Resort Salalah,17.0087365,54.1516038,,,way,548588428,,"{""@id"": ""way/548588428"", ""addr:city"": ""Salalah"", ""addr:housenumber"": ""PO Box 870"", ""addr:postcode"": ""211"", ""addr:street"": ""شارع الخندق"", ""building"": ""hotel"", ""name"": ""Crowne Plaza Resort Salalah"", ""website"": ""crowneplaza.com/salalah"", ""@geometry"": ""center""}"
osm:way/508284440,Salalah Handicraft Center,17.0217127,54.0863994,,,way,508284440,,"{""@id"": ""way/508284440"", ""addr:street"": ""Markaz Al Muhafadhah Street"", ""building"": ""yes"", ""name"": ""Salalah Handicraft Center"", ""source"": ""Kaart Ground Survey 2017"", ""@geometry"": ""center""}"
osm:node/314380622,Resort Sur Beach Hotel,22.5954342,59.4936197,,,node,314380622,,"{""@id"": ""node/314380622"", ""addr:city"": ""Sur"", ""addr:postcode"": ""411"", ""addr:street"": ""Sherkiya"", ""internet_access"": ""wlan"", ""name"": ""Resort Sur Beach Hotel"", ""opening_hours"": ""Mo-Su 12:00-00:00"", ""parking"": ""yes"", ""phone"": ""+968 255 30 300"", ""stars"": ""3"", ""tourism"": ""hotel"", ""website"": ""http://www.surhotelsoman.com/sur.html"", ""wheelchair"": ""yes""}"
osm:way/326843836,Sohar Aluminium Power Plant,24.4679979,56.6365855,,,way,326843836,,"{""@id"": ""way/326843836"", ""landuse"": ""industrial"", ""name"": ""Sohar Aluminium Power Plant"", ""name:en"": ""Sohar Aluminium Power Plant"", ""plant:method"": ""combustion"", ""plant:output:electricity"": ""1000 MW"", ""plant:source"": ""gas"", ""plant:type"": ""combined_cycle"", ""power"": ""plant"", ""source"": ""https://www.sohar-aluminium.com/en/content/facilities"", ""wikidata"": ""Q12001757"", ""@geometry"": ""center""}"
osm:way/327884629,Royal Garden Sohar,24.3203725,56.7714197,,,way,327884629,,"{""@id"": ""way/327884629"", ""leisure"": ""garden"", ""name"": ""Royal Garden Sohar"", ""name:en"": ""Royal Garden Sohar"", ""@geometry"": ""center""}"
osm:node/336213422,Hilton Salalah Resort,16.9812774,54.0152603,,,node,336213422,Hilton Worldwide,"{""@id"": ""node/336213422"", ""addr:city"": ""Salalah"", ""addr:postcode"": ""211"", ""addr:street"": ""As Sultan Qaboos St"", ""brand"": ""Hilton"", ""building"": ""yes"", ""contact:facebook"": ""https://www.facebook.com/Hilton.Salalah.Resort.SAOG"", ""contact:twitter"": ""https://twitter.com/HiltonSalalah"", ""email"": ""salalah@hilton.com"", ""internet_access"": ""wlan"", ""name"": ""Hilton Salalah Resort"", ""operator"": ""Hilton Worldwide"", ""phone"": ""+968-23-133333"", ""rooms"": ""147"", ""stars"": ""5"", ""tourism"": ""hotel"", ""website"": ""https://www.hilton.com/en/hotels/sllhihi-hilton-salalah-resort/"", ""wheelchair"": ""yes""}"
osm:way/355308354,WATER-FRONT Muscat,23.6125433,58.4531847,,,way,355308354,,"{""@id"": ""way/355308354"", ""building"": ""retail"", ""name"": ""WATER-FRONT Muscat"", ""opening_hours"": ""Mo-Su 08:00-23:00"", ""phone"": ""+96895968732"", ""shop"": ""mall"", ""website"": ""https://www.waterfrontmuscat.com/"", ""@geometry"": ""center""}"
osm:way/382112815,Hawana Salalah,17.0336362,54.2992742,,,way,382112815,,"{""@id"": ""way/382112815"", ""landuse"": ""commercial"", ""leisure"": ""resort"", ""name"": ""Hawana Salalah"", ""tourism"": ""hotel"", ""@geometry"": ""center""}"
osm:way/441978972,Bangladesh School Muscat,23.5969128,58.4095644,,,way,441978972,,"{""@id"": ""way/441978972"", ""addr:street"": ""18 November Street"", ""amenity"": ""school"", ""name"": ""Bangladesh School Muscat"", ""source"": ""Kaart Ground Survey 2017"", ""@geometry"": ""center""}"
osm:way/442484754,Salalah Plaza Hotel,17.0042336,54.039035,,,way,442484754,,"{""@id"": ""way/442484754"", ""building"": ""hotel"", ""name"": ""Salalah Plaza Hotel"", ""@geometry"": ""center""}"
osm:way/449632054,Sur Desalination Plant,22.6220753,59.4529725,,,way,449632054,,"{""@id"": ""way/449632054"", ""building"": ""industrial"", ""name"": ""Sur Desalination Plant"", ""@geometry"": ""center""}"
osm:way/474360910,STP Sohar,24.3522854,56.6884621,,,way,474360910,Haya Water,"{""@id"": ""way/474360910"", ""addr:city"": ""Sohar"", ""landuse"": ""industrial"", ""man_made"": ""wastewater_plant"", ""name"": ""STP Sohar"", ""name:en"": ""STP Sohar"", ""operator"": ""Haya Water"", ""@geometry"": ""center""}"
osm:way/474360918,STP Sohar Port,24.484866,56.6039624,,,way,474360918,Sohar Port,"{""@id"": ""way/474360918"", ""addr:city"": ""Liwa"", ""landuse"": ""industrial"", ""man_made"": ""wastewater_plant"", ""name"": ""STP Sohar Port"", ""name:en"": ""STP Sohar Port"", ""operator"": ""Sohar Port"", ""@geometry"": ""center""}"
osm:node/4832052223,Al Baleed Resort Salalah by Anantara,17.0079614,54.1438685,,,node,4832052223,Anantara,"{""@id"": ""node/4832052223"", ""contact:website"": ""http://salalah.anantara.com/"", ""fixme"": ""needs detailed mapping"", ""internet_access"": ""wlan"", ""internet_access:fee"": ""yes"", ""internet_access:ssid"": ""WiFi@Anantara"", ""name"": ""Al Baleed Resort Salalah by Anantara"", ""operator"": ""Anantara"", ""smoking"": ""outside"", ""spa"": ""yes"", ""stars"": ""5"", ""toilets:wheelchair"": ""yes"", ""tourism"": ""hotel"", ""wheelchair"": ""yes""}"
osm:way/500071381,Municipalicity of Salalah,17.0208613,54.1112514,,,way,500071381,,"{""@id"": ""way/500071381"", ""addr:city"": ""Salalah"", ""addr:postcode"": ""211"", ""addr:street"": ""Al Matar Street"", ""building"": ""yes"", ""name"": ""Municipalicity of Salalah"", ""office"": ""government"", ""source"": ""Kaart Ground Survey 2017"", ""@geometry"": ""center""}"
osm:way/505674831,Bank Muscat,23.5897018,58.5534628,,,way,505674831,,"{""@id"": ""way/505674831"", ""building"": ""yes"", ""name"": ""Bank Muscat"", ""source"": ""Kaart Ground Survey 2017"", ""@geometry"": ""center""}"
osm:way/505867599,Muscat Electricity Distribution,23.6196376,58.5007366,,,way,505867599,,"{""@id"": ""way/505867599"", ""addr:street"": ""Way 1816"", ""building"": ""yes"", ""name"": ""Muscat Electricity Distribution"", ""office"": ""company"", ""source"": ""Kaart Ground Survey 2017"", ""@geometry"": ""center""}"
osm:way/505870285,Sohar International Bank Headquarters,23.5963044,58.4366504,,,way,505870285,Sohar International,"{""@id"": ""way/505870285"", ""amenity"": ""bank"", ""building"": ""yes"", ""name"": ""Sohar International Bank Headquarters"", ""name:ar"": ""المقر الرئيسي لبنك صحار الدولي"", ""operator"": ""Sohar International"", ""source"": ""Kaart Ground Survey 2017"", ""@geometry"": ""center""}"
osm:way/505881932,Muscat Building,23.5867594,58.5598367,,,way,505881932,,"{""@id"": ""way/505881932"", ""building"": ""yes"", ""name"": ""Muscat Building"", ""source"": ""Kaart Ground Survey 2017"", ""@geometry"": ""center""}"
osm:way/505933449,Muscat Shoes,23.5832895,58.5484381,,,way,505933449,,"{""@id"": ""way/505933449"", ""addr:street"": ""Way 6114"", ""building"": ""yes"", ""name"": ""Muscat Shoes"", ""shop"": ""shoes"", ""source"": ""Kaart Ground Survey 2017"", ""@geometry"": ""center""}"
osm:way/506560398,Muscat Private Hospital,23.5494874,58.3978622,,,way,506560398,,"{""@id"": ""way/506560398"", ""addr:street"": ""Bosher Street"", ""building"": ""hospital"", ""name"": ""Muscat Private Hospital"", ""phone"": ""+968-24583600"", ""source"": ""Kaart Ground Survey 2017"", ""website"": ""https://muscatprivatehospital.com/"", ""@geometry"": ""center""}"
osm:way/506574468,Hawthorn Muscat,23.6255459,58.4945301,,,way,506574468,,"{""@id"": ""way/506574468"", ""addr:street"": ""Abu Obaidah Al Jarrah Street"", ""building"": ""yes"", ""name"": ""Hawthorn Muscat"", ""source"": ""Kaart Ground Survey 2017"", ""@geometry"": ""center""}"
osm:way/506772292,Bank Muscat,23.6229602,58.5060743,,,way,506772292,,"{""@id"": ""way/506772292"", ""addr:street"": ""Saih Al Malah Street"", ""amenity"": ""bank"", ""building"": ""yes"", ""name"": ""Bank Muscat"", ""source"": ""Kaart Ground Survey 2017"", ""@geometry"": ""center""}"
osm:way/506825572,Muscat Driving School,23.6102038,58.2432558,,,way,506825572,,"{""@id"": ""way/506825572"", ""addr:street"": ""Way 1717"", ""landuse"": ""military"", ""military"": ""training_area"", ""name"": ""Muscat Driving School"", ""source"": ""Kaart Ground Survey 2017"", ""@geometry"": ""center""}"
osm:way/507034358,Muscat Electricity Distribution Company,23.6041184,58.5487158,,,way,507034358,,"{""@id"": ""way/507034358"", ""addr:street"": ""Way 3233"", ""building"": ""yes"", ""name"": ""Muscat Electricity Distribution Company"", ""office"": ""company"", ""source"": ""Kaart Ground Survey 2017"", ""@geometry"": ""center""}"
osm:way/507348481,Noor Muscat,23.6004835,58.5414418,,,way,507348481,,"{""@id"": ""way/507348481"", ""addr:street"": ""Way 2964"", ""building"": ""yes"", ""name"": ""Noor Muscat"", ""shop"": ""supermarket"", ""source"": ""Kaart Ground Survey 2017"", ""@geometry"": ""center""}"
osm:way/507420815,Dhofar Insurance,17.0145463,54.0522293,,,way,507420815,,"{""@id"": ""way/507420815"", ""addr:street"": ""Ar Rubat Street"", ""building"": ""yes"", ""name"": ""Dhofar Insurance"", ""office"": ""insurance"", ""source"": ""Kaart Ground Survey 2017"", ""@geometry"": ""center""}"
osm:way/507423951,Salalah al Gharbiyya Roundabout,17.0075189,54.0687155,,,way,507423951,,"{""@id"": ""way/507423951"", ""landuse"": ""grass"", ""name"": ""Salalah al Gharbiyya Roundabout"", ""source"": ""Kaart Ground Survey 2017"", ""@geometry"": ""center""}"
osm:way/507588640,Directorate General of Health Services Governorate of Muscat,23.6127047,58.5462872,,,way,507588640,,"{""@id"": ""way/507588640"", ""addr:street"": ""Al Mujamma Street"", ""amenity"": ""hospital"", ""name"": ""Directorate General of Health Services Governorate of Muscat"", ""source"": ""Kaart Ground Survey 2017"", ""@geometry"": ""center""}"
osm:way/508238052,Bank of Barode Salalah,17.0201177,54.0999799,,,way,508238052,,"{""@id"": ""way/508238052"", ""addr:street"": ""Al Souq Street"", ""amenity"": ""bank"", ""building"": ""yes"", ""name"": ""Bank of Barode Salalah"", ""source"": ""Kaart Ground Survey 2017"", ""@geometry"": ""center""}"
osm:way/508190176,Salalah Private School,17.0443623,54.1572297,,,way,508190176,,"{""@id"": ""way/508190176"", ""addr:street"": ""A'Sawari Street"", ""building"": ""school"", ""name"": ""Salalah Private School"", ""source"": ""Kaart Ground Survey 2017"", ""@geometry"": ""center""}"
osm:way/508212314,Sad Salalah,17.0221004,54.1155854,,,way,508212314,,"{""@id"": ""way/508212314"", ""building"": ""yes"", ""name"": ""Sad Salalah"", ""shop"": ""car_parts"", ""source"": ""Kaart Ground Survey 2017"", ""@geometry"": ""center""}"
osm:way/508284437,Salalah Police Station,17.0214811,54.089271,,,way,508284437,,"{""@id"": ""way/508284437"", ""addr:street"": ""Markaz Al Muhafdhah Street"", ""amenity"": ""police"", ""building"": ""yes"", ""name"": ""Salalah Police Station"", ""source"": ""Kaart Ground Survey 2017"", ""@geometry"": ""center""}"
osm:node/7041976757,Sohar Club Stadium,24.3032609,56.6392635,,,node,7041976757,Sohar Club,"{""@id"": ""node/7041976757"", ""addr:city"": ""Sohar, Oman"", ""addr:postcode"": ""311"", ""addr:street"": ""طريق الباطنة السريع"", ""email"": ""Sohar@ofa.com"", ""leisure"": ""sports_centre"", ""name"": ""Sohar Club Stadium"", ""name:ar"": ""استاد نادي صحار"", ""operator"": ""Sohar Club"", ""phone"": ""2684387"", ""sport"": ""soccer;hockey;volleyball;basketball;handball"", ""website"": ""https://twitter.com/Soharfc"", ""wikidata"": ""Q85870175"", ""wikipedia"": ""ar:استاد نادي صحار""}"
osm:way/566691932,Ghubrah Beach Park,23.6032711,58.4046627,,,way,566691932,,"{""@id"": ""way/566691932"", ""leisure"": ""park"", ""name"": ""Ghubrah Beach Park"", ""@geometry"": ""center""}"
osm:way/567439802,Tulip Inn Downtown Muscat,23.5941666,58.5420448,,,way,567439802,,"{""@id"": ""way/567439802"", ""building"": ""yes"", ""name"": ""Tulip Inn Downtown Muscat"", ""tourism"": ""hotel"", ""@geometry"": ""center""}"
osm:way/588537477,Bank Muscat MAM Branch,23.5745788,58.2617939,,,way,588537477,,"{""@id"": ""way/588537477"", ""branch"": ""معسكر المرتفعة"", ""branch:en"": ""Maaskar Al Martafaa"", ""building"": ""yes"", ""building:levels"": ""2"", ""name"": ""Bank Muscat MAM Branch"", ""@geometry"": ""center""}"
osm:node/598558677,Muscat Pharmacy,26.1837465,56.2479064,,,node,598558677,,"{""@id"": ""node/598558677"", ""amenity"": ""pharmacy"", ""healthcare"": ""pharmacy"", ""name"": ""Muscat Pharmacy"", ""name:en"": ""Muscat Pharmacy""}"
osm:way/655453206,Sur Plaza Hotel,22.5662395,59.4960797,,,way,655453206,,"{""@id"": ""way/655453206"", ""name"": ""Sur Plaza Hotel"", ""tourism"": ""hotel"", ""@geometry"": ""center""}"
osm:way/754936352,Sur Grand Hotel,22.6010183,59.481082,,,way,754936352,,"{""@id"": ""way/754936352"", ""building"": ""yes"", ""internet_access"": ""wlan"", ""internet_access:fee"": ""no"", ""name"": ""Sur Grand Hotel"", ""phone"": ""+968 25 240000"", ""tourism"": ""hotel"", ""@geometry"": ""center""}"
osm:node/4697355691,pakistan school sohar,24.2776707,56.6922941,,,node,4697355691,,"{""@id"": ""node/4697355691"", ""addr:street"": ""yanqal road"", ""amenity"": ""school"", ""name"": ""pakistan school sohar"", ""name:en"": ""pakistan school sohar""}"
osm:way/830305286,Salalah IWPP,17.0404459,54.4922962,,,way,830305286,,"{""@id"": ""way/830305286"", ""barrier"": ""fence"", ""frequency"": ""50"", ""name"": ""Salalah IWPP"", ""power"": ""substation"", ""voltage"": ""132000"", ""@geometry"": ""center""}"
osm:way/839844483,Sheraton Hotel Muscat,23.5973968,58.5520535,,,way,839844483,,"{""@id"": ""way/839844483"", ""addr:city"": ""Ruwi, Muscat"", ""brand"": ""Sheraton"", ""building"": ""hotel"", ""building:levels"": ""13"", ""height"": ""57"", ""name"": ""Sheraton Hotel Muscat"", ""@geometry"": ""center""}"
osm:way/956045411,Sohar gate,24.2303827,56.828252,,,way,956045411,,"{""@id"": ""way/956045411"", ""building"": ""yes"", ""building:colour"": ""brown"", ""building:levels"": ""1"", ""building:use"": ""cultural"", ""height"": ""5.5"", ""name"": ""Sohar gate"", ""name:ar"": ""بوابة صحار"", ""roof:colour"": ""brown"", ""@geometry"": ""center""}"
osm:way/966690182,Sohar police station,24.3408573,56.6997734,,,way,966690182,مركز شرطة صحار,"{""@id"": ""way/966690182"", ""amenity"": ""police"", ""barrier"": ""wall"", ""name"": ""Sohar police station"", ""operator"": ""مركز شرطة صحار"", ""@geometry"": ""center""}"
osm:way/980196507,Salalah Grand Mall,17.0349058,54.1640153,,,way,980196507,,"{""@id"": ""way/980196507"", ""name"": ""Salalah Grand Mall"", ""name:ar1"": ""صلاله جراند مول"", ""name:en"": ""Salalah Grand Mall"", ""shop"": ""mall"", ""@geometry"": ""center""}"
osm:way/986177879,Bank Muscat,23.8581734,57.3297172,,,way,986177879,,"{""@id"": ""way/986177879"", ""amenity"": ""bank"", ""building"": ""yes"", ""name"": ""Bank Muscat"", ""name:ar"": ""بنك مسقط"", ""@geometry"": ""center""}"
osm:way/988231132,Sohar International bank,23.8176091,57.4211996,,,way,988231132,,"{""@id"": ""way/988231132"", ""amenity"": ""bank"", ""atm"": ""yes"", ""building"": ""yes"", ""name"": ""Sohar International bank"", ""name:ar"": ""بنك صحار الدولي"", ""@geometry"": ""center""}"
osm:node/1020194531,Sohar Beach,24.4051448,56.7194826,,,node,1020194531,swiss-belhotel,"{""@id"": ""node/1020194531"", ""internet_access"": ""wlan"", ""name"": ""Sohar Beach"", ""name:en"": ""Sohar Beach"", ""operator"": ""swiss-belhotel"", ""tourism"": ""hotel""}"
osm:way/1023718688,Bank Muscat,23.5926449,58.2414952,,,way,1023718688,Bank Muscat,"{""@id"": ""way/1023718688"", ""amenity"": ""bank"", ""atm"": ""yes"", ""building"": ""yes"", ""name"": ""Bank Muscat"", ""operator"": ""Bank Muscat"", ""@geometry"": ""center""}"
osm:way/1025251222,Sur Clinic,22.5805284,59.517638,,,way,1025251222,,"{""@id"": ""way/1025251222"", ""amenity"": ""hospital"", ""healthcare"": ""hospital"", ""name"": ""Sur Clinic"", ""@geometry"": ""center""}"
osm:way/1025251814,Sur Police Station,22.575163,59.5273038,,,way,1025251814,,"{""@id"": ""way/1025251814"", ""amenity"": ""police"", ""name"": ""Sur Police Station"", ""@geometry"": ""center""}"
osm:way/1052376817,Salalah Gardens Mall Park,17.0232865,54.0657468,,,way,1052376817,,"{""@id"": ""way/1052376817"", ""leisure"": ""park"", ""name"": ""Salalah Gardens Mall Park"", ""@geometry"": ""center""}"
osm:way/1054341362,MAN SERVICE SALALAH,17.0212995,54.0450395,,,way,1054341362,Saud Bahwan,"{""@id"": ""way/1054341362"", ""name"": ""MAN SERVICE SALALAH"", ""name:ar"": ""وكالة مان صلاله"", ""operator"": ""Saud Bahwan"", ""shop"": ""car"", ""@geometry"": ""center""}"
osm:way/1262604029,Muscat Grand Mall,23.5886568,58.4125679,,,way,1262604029,,"{""@id"": ""way/1262604029"", ""addr:street"": ""شارع الغبرة"", ""building:levels"": ""8"", ""building:part"": ""office"", ""internet_access"": ""wlan"", ""name"": ""Muscat Grand Mall"", ""name:ar"": ""مسقط جراند مول (مجمع تلال السكني)م"", ""name:en"": ""Muscat Grand Mall"", ""opening_hours"": ""9:00 - 24:00"", ""website"": ""http://www.muscatgrandmall.com"", ""wheelchair"": ""yes"", ""@geometry"": ""center""}"
osm:way/1086495799,Sultan Qaboos Hospital Salalah,17.0072348,54.0527768,,,way,1086495799,,"{""@id"": ""way/1086495799"", ""amenity"": ""hospital"", ""layer"": ""-1"", ""name"": ""Sultan Qaboos Hospital Salalah"", ""name:ar"": ""مستشفى السلطان قابوس صلاله"", ""@geometry"": ""center""}"
osm:way/1093068924,Sohar International bank,23.7429904,57.6327072,,,way,1093068924,,"{""@id"": ""way/1093068924"", ""amenity"": ""bank"", ""atm"": ""yes"", ""building"": ""yes"", ""name"": ""Sohar International bank"", ""name:ar"": ""بنك صحار الدولي"", ""phone"": ""‏‪24 730000‬‏"", ""@geometry"": ""center""}"
osm:way/1098668369,Muscat Mandarin Oriental,23.6132738,58.4572633,,,way,1098668369,,"{""@id"": ""way/1098668369"", ""landuse"": ""construction"", ""name"": ""Muscat Mandarin Oriental"", ""@geometry"": ""center""}"
osm:way/1099348165,Sohar Solar Qabas,24.445551,56.5304858,,,way,1099348165,Oman Shell,"{""@id"": ""way/1099348165"", ""name"": ""Sohar Solar Qabas"", ""operator"": ""Oman Shell"", ""plant:method"": ""photovoltaic"", ""plant:output:electricity"": ""25 MW"", ""plant:source"": ""solar"", ""power"": ""plant"", ""start_date"": ""2021-01-19"", ""@geometry"": ""center""}"
osm:way/1104004077,W Muscat Tennis Court,23.6170475,58.4673865,,,way,1104004077,,"{""@id"": ""way/1104004077"", ""access"": ""customers"", ""leisure"": ""pitch"", ""name"": ""W Muscat Tennis Court"", ""sport"": ""tennis"", ""@geometry"": ""center""}"
osm:way/1115936184,Muscat Express,23.5928232,58.399689,,,way,1115936184,,"{""@id"": ""way/1115936184"", ""building"": ""hotel"", ""internet_access"": ""wlan"", ""internet_access:fee"": ""customers"", ""name"": ""Muscat Express"", ""phone"": ""+96822553303"", ""tourism"": ""hotel"", ""website"": ""https://muscatexpresshotel.com/"", ""@geometry"": ""center""}"
osm:way/1189441954,RAFO Salalah,17.0295581,54.0858722,,,way,1189441954,,"{""@id"": ""way/1189441954"", ""aeroway"": ""aerodrome"", ""landuse"": ""military"", ""military"": ""airfield"", ""name"": ""RAFO Salalah"", ""@geometry"": ""center""}"
osm:way/1204791257,To Shipwreck Salalah,16.9085125,53.8957231,,,way,1204791257,,"{""@id"": ""way/1204791257"", ""highway"": ""track"", ""name"": ""To Shipwreck Salalah"", ""oneway"": ""no"", ""surface"": ""pebblestone"", ""@geometry"": ""center""}"
osm:way/1220073611,DoubleTree by Hilton Muscat Qurum,23.6103965,58.4973217,,,way,1220073611,Hilton,"{""@id"": ""way/1220073611"", ""addr:city"": ""Muscat"", ""addr:postcode"": ""111"", ""addr:street"": ""Al Nahdah St"", ""brand"": ""DoubleTree"", ""brand:wikidata"": ""Q2504643"", ""brand:wikipedia"": ""en:DoubleTree"", ""building"": ""yes"", ""contact:facebook"": ""https://www.facebook.com/profile.php?id=100091716741176"", ""contact:instagram"": ""https://www.instagram.com/doubletreebyhiltonmuscat/"", ""email"": ""mctqu_reservations@hilton.com"", ""internet_access"": ""wlan"", ""name"": ""DoubleTree by Hilton Muscat Qurum"", ""operator"": ""Hilton"", ""phone"": ""+968 22 540000"", ""rooms"": ""122"", ""stars"": ""4"", ""tourism"": ""hotel"", ""website"": ""https://www.hilton.com/en/hotels/mctqudi-doubletree-muscat-qurum/"", ""wheelchair"": ""yes"", ""@geometry"": ""center""}"
osm:way/1223218705,Swiss-Belinn Airport Muscat,23.5943809,58.3486446,,,way,1223218705,,"{""@id"": ""way/1223218705"", ""addr:housenumber"": ""130"", ""addr:street"": ""Al Anwar Street Azaiba Muscat OM"", ""brand"": ""Swiss-Belinn"", ""brand:wikidata"": ""Q115348139"", ""building"": ""yes"", ""internet_access"": ""wlan"", ""mapillary"": ""1780553375439517"", ""name"": ""Swiss-Belinn Airport Muscat"", ""name:en"": ""Swiss-Belinn Airport Muscat"", ""phone"": ""+968 24 908800"", ""tourism"": ""hotel"", ""@geometry"": ""center""}"
osm:way/1237728921,Ellesmere Muscat International School,23.6444001,58.1881307,,,way,1237728921,,"{""@id"": ""way/1237728921"", ""addr:city"": ""Muscat"", ""addr:housenumber"": ""1169, Alkhoud"", ""addr:postcode"": ""132"", ""addr:street"": ""شارع السلام"", ""amenity"": ""college"", ""name"": ""Ellesmere Muscat International School"", ""@geometry"": ""center""}"
osm:way/1273598307,Golden Tulip Muscat,23.5943318,58.4133646,,,way,1273598307,,"{""@id"": ""way/1273598307"", ""addr:city"": ""Muscat"", ""addr:postcode"": ""133"", ""addr:street"": ""Sultan Qaboos St"", ""category"": ""Hotel"", ""description"": ""Golden Tulip Muscat hotel offers 175 modern rooms blending contemporary style with Omani charm. Each room features plush amenities ensuring a comfortable stay."", ""image"": ""https://media.iceportal.com/166408/photos/78213636_XXL.jpg"", ""name"": ""Golden Tulip Muscat"", ""name:ar"": ""جولدن توليب مسقط"", ""source"": ""https://muscat.goldentulip.com/en-us/;survey"", ""website"": ""https://muscat.goldentulip.com/en-us/"", ""@geometry"": ""center""}"
osm:node/1325600093,Crowne Plaza Sohar,24.4096083,56.5899059,,,node,1325600093,,"{""@id"": ""node/1325600093"", ""name"": ""Crowne Plaza Sohar"", ""name:en"": ""Crowne Plaza Sohar"", ""stars"": ""5"", ""tourism"": ""hotel""}"
osm:node/1328521849,BankMuscat,23.5786095,58.29358,,,node,1328521849,,"{""@id"": ""node/1328521849"", ""amenity"": ""bank"", ""atm"": ""yes"", ""name"": ""BankMuscat"", ""name:ar"": ""بنك مسقط الفرع الرئيسي""}"
osm:way/1343061799,Royal Grammar School Guildford Muscat,23.6337697,58.2024416,,,way,1343061799,Royal Grammar School Guildford,"{""@id"": ""way/1343061799"", ""amenity"": ""school"", ""name"": ""Royal Grammar School Guildford Muscat"", ""name:ar"": ""مدرسة ار جي اس جي العالمية"", ""operator"": ""Royal Grammar School Guildford"", ""operator:type"": ""private"", ""website"": ""https://rgsgm.com/"", ""@geometry"": ""center""}"
osm:way/1390657577,Cheltenham Muscat,23.5900531,58.2088534,,,way,1390657577,,"{""@id"": ""way/1390657577"", ""amenity"": ""school"", ""barrier"": ""wall"", ""name"": ""Cheltenham Muscat"", ""@geometry"": ""center""}"
osm:way/1445448760,Sur Airport,22.5371586,59.4771355,,,way,1445448760,,"{""@id"": ""way/1445448760"", ""aeroway"": ""aerodrome"", ""iata"": ""SUH"", ""icao"": ""OOSR"", ""name"": ""Sur Airport"", ""@geometry"": ""center""}"
osm:node/1601863679,Salalah Hotel,17.0194818,54.0961613,,,node,1601863679,,"{""@id"": ""node/1601863679"", ""name"": ""Salalah Hotel"", ""tourism"": ""hotel""}"
osm:node/1735262185,Bank Muscat,23.614021,58.2473611,,,node,1735262185,Bank Muscat,"{""@id"": ""node/1735262185"", ""amenity"": ""atm"", ""name"": ""Bank Muscat"", ""operator"": ""Bank Muscat""}"
osm:node/1882928087,Sohar Aluminium,24.42011,56.5463719,,,node,1882928087,,"{""@id"": ""node/1882928087"", ""name"": ""Sohar Aluminium"", ""name:en"": ""Sohar Aluminium"", ""place"": ""hamlet""}"
osm:node/4966486326,Sohar International Bank,23.5997844,58.549537,,,node,4966486326,Sohar International Bank,"{""@id"": ""node/4966486326"", ""addr:street"": ""Way 2706"", ""amenity"": ""bank"", ""name"": ""Sohar International Bank"", ""name:ar"": ""بنك صحار الدولي"", ""operator"": ""Sohar International Bank"", ""source"": ""local knowledge""}"
osm:node/2502419793,Bank Muscat,23.6148628,58.2190237,,,node,2502419793,Bank Muscat,"{""@id"": ""node/2502419793"", ""amenity"": ""atm"", ""name"": ""Bank Muscat"", ""name:ar"": ""بنك مسقط"", ""operator"": ""Bank Muscat""}"
osm:node/2502421088,Bank Muscat,23.6019778,58.2178601,,,node,2502421088,Bank Muscat,"{""@id"": ""node/2502421088"", ""amenity"": ""atm"", ""cash_in"": ""no"", ""check_date"": ""2024-06-27"", ""name"": ""Bank Muscat"", ""name:ar"": ""بنك مسقط"", ""operator"": ""Bank Muscat""}"
osm:node/2522807720,Sohar Bank,23.48453,58.4983814,,,node,2522807720,,"{""@id"": ""node/2522807720"", ""amenity"": ""bank"", ""atm"": ""yes"", ""name"": ""Sohar Bank"", ""name:ar"": ""بنك صحار""}"
osm:node/2558519952,Bank Muscat,23.6117532,58.2340369,,,node,2558519952,,"{""@id"": ""node/2558519952"", ""addr:city"": ""Mawaleh South"", ""amenity"": ""bank"", ""atm"": ""yes"", ""name"": ""Bank Muscat""}"
osm:node/2559746856,Bank Muscat,23.5560311,58.4007596,,,node,2559746856,,"{""@id"": ""node/2559746856"", ""amenity"": ""bank"", ""atm"": ""yes"", ""name"": ""Bank Muscat"", ""source"": ""Kaart Ground Survey 2017""}"
osm:node/2611183206,Beach Resort Salalah,17.0089085,54.157775,,,node,2611183206,Beach Spa Tourism Company L.L.C,"{""@id"": ""node/2611183206"", ""addr:city"": ""Salalah"", ""internet_access"": ""yes"", ""internet_access:fee"": ""no"", ""name"": ""Beach Resort Salalah"", ""operator"": ""Beach Spa Tourism Company L.L.C"", ""phone"": ""+96823236170"", ""toilets:wheelchair"": ""yes"", ""tourism"": ""hotel"", ""website"": ""https://www.beachresortsalalah.com/"", ""wheelchair"": ""yes""}"
osm:node/2628381127,Sur Sea Restaurant,22.5682376,59.5261859,,,node,2628381127,,"{""@id"": ""node/2628381127"", ""amenity"": ""restaurant"", ""cuisine"": ""local;seafood"", ""internet_access"": ""wlan"", ""name"": ""Sur Sea Restaurant""}"
osm:node/3212210622,Bank Muscat,23.5589754,56.252277,,,node,3212210622,,"{""@id"": ""node/3212210622"", ""amenity"": ""bank"", ""atm"": ""yes"", ""name"": ""Bank Muscat""}"
osm:node/3268695035,Cave Sur,22.5791581,59.5146119,,,node,3268695035,,"{""@id"": ""node/3268695035"", ""amenity"": ""restaurant"", ""name"": ""Cave Sur"", ""phone"": ""+96897695910""}"
osm:node/3335279393,Sohar Port and Freezone,24.5104271,56.6283788,,,node,3335279393,,"{""@id"": ""node/3335279393"", ""harbour"": ""yes"", ""name"": ""Sohar Port and Freezone"", ""name:en"": ""Sohar Port and Freezone""}"
osm:node/3359029770,Muscat Copy Center - Zuhoor Al Safia,23.5812226,58.3808529,,,node,3359029770,,"{""@id"": ""node/3359029770"", ""addr:city"": ""Ghala"", ""addr:postcode"": ""130"", ""addr:street"": ""Sultan Qaboos Grand Mosque Signal"", ""name"": ""Muscat Copy Center - Zuhoor Al Safia"", ""note"": ""Color and B&W prints, Scan Copy of all sizes from A0, A1 to A4. Photography prints are also done in all sizes. Auto-cad and Maps are also printed"", ""phone"": ""+968 9900 3051"", ""shop"": ""copyshop"", ""website"": ""www.zuhooralsafia.com""}"
osm:node/3440390741,Bank Muscat,23.5925217,58.165823,,,node,3440390741,Bank Muscat,"{""@id"": ""node/3440390741"", ""amenity"": ""bank"", ""atm"": ""yes"", ""name"": ""Bank Muscat"", ""operator"": ""Bank Muscat""}"
osm:node/3470838246,ATM Bank Muscat,23.5843479,58.165649,,,node,3470838246,Bank Muscat,"{""@id"": ""node/3470838246"", ""amenity"": ""atm"", ""name"": ""ATM Bank Muscat"", ""operator"": ""Bank Muscat""}"
osm:node/3513913493,Bank Muscat,17.0181601,54.1107526,,,node,3513913493,,"{""@id"": ""node/3513913493"", ""amenity"": ""atm"", ""name"": ""Bank Muscat"", ""name:ar"": ""صراف بنك مسقط""}"
osm:node/4976460422,Salalah Centre for Cosmetics Products,17.0122263,54.0913501,,,node,4976460422,,"{""@id"": ""node/4976460422"", ""addr:street"": ""A'Salam Street"", ""name"": ""Salalah Centre for Cosmetics Products"", ""shop"": ""beauty"", ""source"": ""Kaart Ground Survey 2017""}"
osm:node/4975794856,Bank Muscat,17.0224176,54.0921167,,,node,4975794856,,"{""@id"": ""node/4975794856"", ""amenity"": ""bank"", ""name"": ""Bank Muscat"", ""source"": ""Kaart Ground Survey 2017""}"
osm:node/3702551149,Bank Muscat,22.577813,59.5083129,,,node,3702551149,بنك مسقط,"{""@id"": ""node/3702551149"", ""amenity"": ""atm"", ""drive_through"": ""yes"", ""name"": ""Bank Muscat"", ""operator"": ""بنك مسقط""}"
osm:node/3712994749,Bank Muscat,22.8373726,58.1705783,,,node,3712994749,Bank Muscat,"{""@id"": ""node/3712994749"", ""amenity"": ""bank"", ""atm"": ""yes"", ""name"": ""Bank Muscat"", ""opening_hours"": ""08:00-13:30"", ""operator"": ""Bank Muscat""}"
osm:node/3725253763,Muscat ATM,23.4725537,57.8322472,,,node,3725253763,,"{""@id"": ""node/3725253763"", ""amenity"": ""atm"", ""name"": ""Muscat ATM""}"
osm:node/3731707230,Oman United Insurance Company S.A.O.G.,23.5965676,58.4297873,,,node,3731707230,,"{""@id"": ""node/3731707230"", ""addr:city"": ""بوشر، الخوير"", ""addr:street"": ""شارع السلطان قابوس"", ""name"": ""Oman United Insurance Company S.A.O.G."", ""name:ar"": ""الشركة العمانية المتحدة للتأمين"", ""office"": ""insurance"", ""source"": ""Kaart Ground Survey 2017""}"
osm:node/3733375751,Muscat Pharmacy,23.607745,58.4552321,,,node,3733375751,,"{""@id"": ""node/3733375751"", ""amenity"": ""pharmacy"", ""healthcare"": ""pharmacy"", ""name"": ""Muscat Pharmacy"", ""name:ar"": ""صيدلة مسقط"", ""opening_hours"": ""24/7""}"
osm:node/3805669650,Wyndham Garden Salalah,16.9569209,54.736793,,,node,3805669650,,"{""@id"": ""node/3805669650"", ""name"": ""Wyndham Garden Salalah"", ""phone"": ""+96823275500"", ""tourism"": ""hotel"", ""website"": ""https://www.wyndhamhotels.com/""}"
osm:node/3813048588,Bank Muscat,23.6407835,58.2236688,,,node,3813048588,صراف بنك مسقط,"{""@id"": ""node/3813048588"", ""amenity"": ""atm"", ""name"": ""Bank Muscat"", ""operator"": ""صراف بنك مسقط""}"
osm:node/4111923890,Muscat Hills Golf Club House,23.5671758,58.3071397,,,node,4111923890,,"{""@id"": ""node/4111923890"", ""name"": ""Muscat Hills Golf Club House"", ""tourism"": ""attraction""}"
osm:node/4970718242,Muscat Pharmacy,23.6328875,58.1987808,,,node,4970718242,,"{""@id"": ""node/4970718242"", ""amenity"": ""pharmacy"", ""healthcare"": ""pharmacy"", ""name"": ""Muscat Pharmacy"", ""source"": ""Kaart Ground Survey 2017""}"
osm:node/4301483893,SHAJRAH AL DHAR FOOD STUFF Salalah,17.013441,54.0863769,,,node,4301483893,,"{""@id"": ""node/4301483893"", ""addr:street"": ""Salalah"", ""email"": ""fawasbai@gmail.com"", ""name"": ""SHAJRAH AL DHAR FOOD STUFF Salalah"", ""opening_hours"": ""24/7"", ""phone"": ""93532122"", ""shop"": ""supermarket""}"
osm:node/4310363067,Exova Muscat,23.5708783,58.3596186,,,node,4310363067,,"{""@id"": ""node/4310363067"", ""name"": ""Exova Muscat"", ""office"": ""company""}"
osm:node/4318329391,Yoko Sizzlers Gallery Muscat,23.58822,58.44639,,,node,4318329391,,"{""@id"": ""node/4318329391"", ""name"": ""Yoko Sizzlers Gallery Muscat"", ""tourism"": ""artwork""}"
osm:node/4318364893,BankMuscat,23.5906116,58.406114,,,node,4318364893,,"{""@id"": ""node/4318364893"", ""addr:street"": ""ash Shira'a Street"", ""amenity"": ""bank"", ""name"": ""BankMuscat"", ""name:ar"": ""بنك مسقط"", ""source"": ""Kaart Ground Survey 2017""}"
osm:node/4955381945,GIG Gulf Insurance Group - Al Khuwair,23.5938044,58.4478839,,,node,4955381945,,"{""@id"": ""node/4955381945"", ""addr:street"": ""Street 3305"", ""name"": ""GIG Gulf Insurance Group - Al Khuwair"", ""office"": ""insurance"", ""phone"": ""+96880070292"", ""website"": ""https://www.giggulf.om/""}"
osm:node/4329427690,Toyota Sohar,24.3259704,56.7461574,,,node,4329427690,,"{""@id"": ""node/4329427690"", ""name"": ""Toyota Sohar"", ""name:en"": ""Toyota Sohar"", ""shop"": ""car_parts""}"
osm:node/4373194899,Bank Sohar,24.351335,56.7314805,,,node,4373194899,,"{""@id"": ""node/4373194899"", ""amenity"": ""bank"", ""name"": ""Bank Sohar"", ""name:en"": ""Bank Sohar""}"
osm:node/4399044089,Sohar International School,24.2633688,56.8011574,,,node,4399044089,,"{""@id"": ""node/4399044089"", ""amenity"": ""school"", ""name"": ""Sohar International School"", ""name:en"": ""Sohar International School""}"
osm:node/4414434289,Kempinski The Wave Muscat,23.6274437,58.2725408,,,node,4414434289,Kempinski,"{""@id"": ""node/4414434289"", ""brand"": ""Kempinski"", ""brand:wikidata"": ""Q671990"", ""internet_access"": ""yes"", ""name"": ""Kempinski The Wave Muscat"", ""name:ar"": ""فندق كمبينسكي مسقط"", ""name:en"": ""Kempinski Muscat"", ""operator"": ""Kempinski"", ""stars"": ""5"", ""tourism"": ""hotel""}"
osm:node/4416580722,Salalah Al Jadidah Health Centre,17.0184281,54.0901492,,,node,4416580722,,"{""@id"": ""node/4416580722"", ""amenity"": ""hospital"", ""healthcare"": ""hospital"", ""name"": ""Salalah Al Jadidah Health Centre""}"
osm:node/4467077890,Wadi near Sohar,24.4618921,56.3327946,,,node,4467077890,,"{""@id"": ""node/4467077890"", ""name"": ""Wadi near Sohar"", ""name:en"": ""Wadi near Sohar"", ""tourism"": ""camp_site""}"
osm:node/4486734789,Muscat Int'l Airport - Old Terminal-1,23.5857915,58.2918177,,,node,4486734789,,"{""@id"": ""node/4486734789"", ""bus"": ""yes"", ""highway"": ""bus_stop"", ""name"": ""Muscat Int'l Airport - Old Terminal-1"", ""public_transport"": ""platform""}"
osm:node/4512979391,Sohar international high school,24.3732935,56.7077334,,,node,4512979391,,"{""@id"": ""node/4512979391"", ""amenity"": ""school"", ""name"": ""Sohar international high school"", ""name:en"": ""Sohar international high school""}"
osm:node/4551799889,Sur Corniche,22.6090117,59.4691925,,,node,4551799889,,"{""@id"": ""node/4551799889"", ""name"": ""Sur Corniche"", ""name:ar"": ""Joel House Sur"", ""tourism"": ""guest_house""}"
osm:node/4617766389,Ayjah / Sur,22.5620752,59.5397199,,,node,4617766389,,"{""@id"": ""node/4617766389"", ""name"": ""Ayjah / Sur"", ""tourism"": ""viewpoint""}"
osm:node/4620336497,Cosmesurge,23.6022434,58.3704779,,,node,4620336497,,"{""@id"": ""node/4620336497"", ""amenity"": ""clinic"", ""healthcare"": ""clinic"", ""name"": ""Cosmesurge"", ""name:ar"": ""Cosmesurge"", ""name:en"": ""Cosmesurge""}"
osm:node/4640566299,Salalah Rotana Hotel,17.030731,54.2961933,,,node,4640566299,,"{""@id"": ""node/4640566299"", ""air_conditioning"": ""yes"", ""check_date"": ""2025-11-04"", ""check_date:internet_access"": ""2025-11-04"", ""internet_access"": ""wlan"", ""name"": ""Salalah Rotana Hotel"", ""name:ar"": ""Salalah Rotana Hotel"", ""tourism"": ""hotel"", ""wheelchair"": ""yes""}"
osm:node/4712677489,Sohar Municipality Water department,24.3438114,56.6894283,,,node,4712677489,,"{""@id"": ""node/4712677489"", ""addr:street"": ""67 Street"", ""name"": ""Sohar Municipality Water department"", ""name:en"": ""Sohar Municipality Water department"", ""office"": ""government"", ""opening_hours"": ""Su-Th 08:00-13:00""}"
osm:node/4717603595,Muscat bakery,23.6049321,58.5364751,,,node,4717603595,,"{""@id"": ""node/4717603595"", ""addr:street"": ""Al Farahidi Street"", ""name"": ""Muscat bakery"", ""name:ar"": ""Muscat bakery"", ""shop"": ""supermarket"", ""source"": ""Kaart Ground Survey 2017""}"
osm:node/4727821713,Animal Enclosure,22.1030648,58.7587978,,,node,4727821713,,"{""@id"": ""node/4727821713"", ""attraction"": ""animal"", ""name"": ""Animal Enclosure""}"
osm:node/4731108721,Pakistan School Muscat,23.6078462,58.5340697,,,node,4731108721,,"{""@id"": ""node/4731108721"", ""amenity"": ""school"", ""name"": ""Pakistan School Muscat""}"
osm:node/4731118221,Bank Muscat,23.6041977,58.5439158,,,node,4731118221,,"{""@id"": ""node/4731118221"", ""amenity"": ""bank"", ""name"": ""Bank Muscat"", ""name:ar"": ""Bank Muscat""}"
osm:node/4732306873,Boutique Muscat,23.6290195,58.2661343,,,node,4732306873,,"{""@id"": ""node/4732306873"", ""name"": ""Boutique Muscat"", ""shop"": ""clothes""}"
osm:node/4740256524,Haffaf Muscat,23.5980583,58.5616137,,,node,4740256524,,"{""@id"": ""node/4740256524"", ""addr:street"": ""Al Wadi Wadi Kabir Road"", ""name"": ""Haffaf Muscat"", ""name:ar"": ""Haffaf Muscat"", ""name:en"": ""Haffaf Muscat"", ""shop"": ""hardware""}"
osm:node/4742688835,SPMP Sohar offices,24.4188388,56.6063742,,,node,4742688835,,"{""@id"": ""node/4742688835"", ""addr:street"": ""Airport Road"", ""name"": ""SPMP Sohar offices"", ""name:en"": ""SPMP Sohar offices"", ""office"": ""government""}"
osm:node/4859022322,gate sohar port,24.4941155,56.5956584,,,node,4859022322,,"{""@id"": ""node/4859022322"", ""name"": ""gate sohar port"", ""name:en"": ""gate sohar port"", ""tourism"": ""information""}"
osm:node/4953780390,Muscat Bakery,23.5879649,58.5625876,,,node,4953780390,,"{""@id"": ""node/4953780390"", ""name"": ""Muscat Bakery"", ""name:ar"": ""مخبز مسقط"", ""shop"": ""bakery"", ""source"": ""Kaart Ground Survey 2017""}"
osm:node/4953804269,Muscat Sky Line,23.5922692,58.5662198,,,node,4953804269,,"{""@id"": ""node/4953804269"", ""addr:street"": ""an Nama Street"", ""name"": ""Muscat Sky Line"", ""shop"": ""yes"", ""source"": ""Kaart Ground Survey 2017""}"
osm:node/4955546683,Sohar International,23.5911473,58.4284676,,,node,4955546683,Sohar International,"{""@id"": ""node/4955546683"", ""amenity"": ""atm"", ""currency:OMR"": ""yes"", ""name"": ""Sohar International"", ""operator"": ""Sohar International"", ""source"": ""local knowledge""}"
osm:node/4955382440,Bank Muscat,23.6142774,58.4978482,,,node,4955382440,,"{""@id"": ""node/4955382440"", ""amenity"": ""bank"", ""name"": ""Bank Muscat"", ""source"": ""Kaart Ground Survey 2017""}"
osm:node/4955429715,Muscat Beauty Centre,23.5862143,58.4245422,,,node,4955429715,,"{""@id"": ""node/4955429715"", ""addr:street"": ""شارع الخليل"", ""name"": ""Muscat Beauty Centre"", ""shop"": ""beauty"", ""source"": ""Kaart Ground Survey 2017""}"
osm:node/4955713056,Muscat Beach Coffee Shop,23.5929687,58.4572026,,,node,4955713056,,"{""@id"": ""node/4955713056"", ""addr:street"": ""Way 2327"", ""amenity"": ""cafe"", ""name"": ""Muscat Beach Coffee Shop"", ""source"": ""Kaart Ground Survey 2017""}"
osm:node/4955747875,Pizza Muscat,23.5920451,58.550764,,,node,4955747875,,"{""@id"": ""node/4955747875"", ""addr:street"": ""Souq Al Mal Street"", ""amenity"": ""restaurant"", ""name"": ""Pizza Muscat"", ""source"": ""Kaart Ground Survey 2017""}"
osm:node/4957242841,Muscat Ladies,23.5817969,58.4360427,,,node,4957242841,,"{""@id"": ""node/4957242841"", ""addr:street"": ""Al Khuwayr Al Janubiyyah Street"", ""name"": ""Muscat Ladies"", ""shop"": ""beauty"", ""source"": ""Kaart Ground Survey 2017""}"
osm:node/4957309422,Bank Muscat,23.6080658,58.5135812,,,node,4957309422,,"{""@id"": ""node/4957309422"", ""amenity"": ""bank"", ""name"": ""Bank Muscat"", ""source"": ""Kaart Ground Survey 2017""}"
osm:node/4957401299,Muscat International Laundry & Dry Cleaning,23.587834,58.5559844,,,node,4957401299,,"{""@id"": ""node/4957401299"", ""addr:street"": ""Way 6509"", ""name"": ""Muscat International Laundry & Dry Cleaning"", ""shop"": ""laundry"", ""source"": ""Kaart Ground Survey 2017""}"
osm:node/4957434638,Muscat Music,23.6091018,58.4594277,,,node,4957434638,,"{""@id"": ""node/4957434638"", ""addr:street"": ""Al Inshirah Street"", ""name"": ""Muscat Music"", ""shop"": ""music"", ""source"": ""Kaart Ground Survey 2017""}"
osm:node/4962365422,Bank Muscat,23.5871511,58.5509995,,,node,4962365422,,"{""@id"": ""node/4962365422"", ""addr:street"": ""Al Baladiya Street"", ""amenity"": ""bank"", ""name"": ""Bank Muscat"", ""name:ar"": ""بنك مسقط صراف وايداع"", ""source"": ""Kaart Ground Survey 2017""}"
osm:node/4961900384,Muscat Dental Specialists,23.6008485,58.4455117,,,node,4961900384,,"{""@id"": ""node/4961900384"", ""addr:street"": ""Way 3017"", ""amenity"": ""dentist"", ""name"": ""Muscat Dental Specialists"", ""source"": ""Kaart Ground Survey 2017""}"
osm:node/4962256071,Yaqoot Muscat United,23.5845248,58.5456924,,,node,4962256071,,"{""@id"": ""node/4962256071"", ""addr:street"": ""Souq Ruwi Street"", ""name"": ""Yaqoot Muscat United"", ""shop"": ""electronics"", ""source"": ""Kaart Ground Survey 2017""}"
osm:node/4962312443,Bank Muscat,23.6015046,58.4544277,,,node,4962312443,,"{""@id"": ""node/4962312443"", ""addr:street"": ""Way 2135"", ""amenity"": ""bank"", ""name"": ""Bank Muscat"", ""source"": ""Kaart Ground Survey 2017""}"
osm:node/4962335910,Vision Insurance,23.5937322,58.4036553,,,node,4962335910,,"{""@id"": ""node/4962335910"", ""addr:street"": ""Way 3816"", ""name"": ""Vision Insurance"", ""office"": ""insurance"", ""source"": ""Kaart Ground Survey 2017""}"
osm:node/4962838008,Rozenat Muscat,23.6007745,58.3850273,,,node,4962838008,,"{""@id"": ""node/4962838008"", ""addr:street"": ""Way 3673"", ""name"": ""Rozenat Muscat"", ""shop"": ""yes"", ""source"": ""Kaart Ground Survey 2017""}"
osm:node/4962903570,Muscat Trading,23.5889347,58.5458249,,,node,4962903570,,"{""@id"": ""node/4962903570"", ""addr:street"": ""Souq Ruwi Street"", ""name"": ""Muscat Trading"", ""shop"": ""yes"", ""source"": ""Kaart Ground Survey 2017""}"
osm:node/4964364760,Muscat International Fashion,23.5926958,58.544631,,,node,4964364760,,"{""@id"": ""node/4964364760"", ""addr:street"": ""Souq Ruwi Street"", ""name"": ""Muscat International Fashion"", ""shop"": ""clothes"", ""source"": ""Kaart Ground Survey 2017""}"
osm:node/4964636599,Methax Sur Contracting,23.5898282,58.5429684,,,node,4964636599,,"{""@id"": ""node/4964636599"", ""addr:street"": ""Al Qareen Street"", ""name"": ""Methax Sur Contracting"", ""shop"": ""houseware"", ""source"": ""Kaart Ground Survey 2017""}"
osm:node/4964878599,Muscat Pharmacy,23.6244847,58.4909208,,,node,4964878599,,"{""@id"": ""node/4964878599"", ""addr:street"": ""Street 2237"", ""amenity"": ""pharmacy"", ""name"": ""Muscat Pharmacy"", ""source"": ""Kaart Ground Survey 2017""}"
osm:node/4965023833,Muscat Bakery,23.5813932,58.3961032,,,node,4965023833,,"{""@id"": ""node/4965023833"", ""addr:street"": ""Way 3706"", ""name"": ""Muscat Bakery"", ""shop"": ""bakery"", ""source"": ""Kaart Ground Survey 2017""}"
osm:node/4966207684,Lulu Muscat Watches,23.5763189,58.3520515,,,node,4966207684,,"{""@id"": ""node/4966207684"", ""addr:street"": ""Way 6420"", ""craft"": ""watchmaker"", ""name"": ""Lulu Muscat Watches"", ""source"": ""Kaart Ground Survey 2017""}"
osm:node/4966382177,Bahar Sur Trading Electronic Repairing,23.6064192,58.5535604,,,node,4966382177,,"{""@id"": ""node/4966382177"", ""addr:street"": ""Al Washall Street"", ""name"": ""Bahar Sur Trading Electronic Repairing"", ""shop"": ""yes"", ""source"": ""Kaart Ground Survey 2017""}"
osm:node/4966540527,Dhofar Insurance Co.,23.6019123,58.5466122,,,node,4966540527,,"{""@id"": ""node/4966540527"", ""addr:street"": ""Markaz Mutrah at Tijari Street"", ""name"": ""Dhofar Insurance Co."", ""office"": ""insurance"", ""source"": ""Kaart Ground Survey 2017""}"
osm:node/4966731044,The New India Assurance,23.5866584,58.5360402,,,node,4966731044,,"{""@id"": ""node/4966731044"", ""addr:street"": ""4911 Way"", ""name"": ""The New India Assurance"", ""shop"": ""yes"", ""source"": ""Kaart Ground Survey 2017""}"
osm:node/4966900520,Muscat Silver,23.6778276,58.1890215,,,node,4966900520,,"{""@id"": ""node/4966900520"", ""addr:street"": ""Wadi al Bahais Street"", ""name"": ""Muscat Silver"", ""shop"": ""yes"", ""source"": ""Kaart Ground Survey 2017""}"
osm:node/4966914820,Muscat Global Travel & Tourism,23.595497,58.5457826,,,node,4966914820,,"{""@id"": ""node/4966914820"", ""addr:street"": ""Way 2998"", ""name"": ""Muscat Global Travel & Tourism"", ""shop"": ""travel_agency"", ""source"": ""Kaart Ground Survey 2017""}"
osm:node/4968727866,The New Media Assurance Co.,23.6808326,58.1868982,,,node,4968727866,,"{""@id"": ""node/4968727866"", ""addr:street"": ""Wadi al Bahais Street"", ""fixme"": ""name"", ""name"": ""The New Media Assurance Co."", ""office"": ""company"", ""source"": ""Kaart Ground Survey 2017""}"
osm:node/4967030836,Oman Insurance Company,23.5998996,58.5380102,,,node,4967030836,,"{""@id"": ""node/4967030836"", ""name"": ""Oman Insurance Company"", ""office"": ""insurance"", ""source"": ""Kaart Ground Survey 2017""}"
osm:node/4967045897,Muscat Bakery Markets,23.6032142,58.5403557,,,node,4967045897,,"{""@id"": ""node/4967045897"", ""addr:street"": ""Al Burj Street"", ""name"": ""Muscat Bakery Markets"", ""shop"": ""bakery"", ""source"": ""Kaart Ground Survey 2017""}"
osm:node/4967048386,Muscat,23.5876556,58.5231968,,,node,4967048386,,"{""@id"": ""node/4967048386"", ""amenity"": ""pharmacy"", ""name"": ""Muscat"", ""source"": ""Kaart Ground Survey 2017""}"
osm:node/4968638505,Modern Projects of Muscat,23.594434,58.2240487,,,node,4968638505,,"{""@id"": ""node/4968638505"", ""addr:street"": ""al Ata'a Street"", ""name"": ""Modern Projects of Muscat"", ""shop"": ""hardware"", ""source"": ""Kaart Ground Survey 2017""}"
osm:node/4968687075,Muscat Galaxy Shopping,23.5941657,58.5976399,,,node,4968687075,,"{""@id"": ""node/4968687075"", ""addr:street"": ""Way 7635"", ""name"": ""Muscat Galaxy Shopping"", ""shop"": ""yes"", ""source"": ""Kaart Ground Survey 2017""}"
osm:node/4968708190,Muscat Bakery,23.6259601,58.2373921,,,node,4968708190,,"{""@id"": ""node/4968708190"", ""name"": ""Muscat Bakery"", ""shop"": ""bakery"", ""source"": ""Kaart Ground Survey 2017""}"
osm:node/4968807175,Muscat Commercial Market,17.0072945,54.0747655,,,node,4968807175,,"{""@id"": ""node/4968807175"", ""name"": ""Muscat Commercial Market"", ""shop"": ""supermarket"", ""source"": ""Kaart Ground Survey 2017""}"
osm:node/4968856731,Muscat Pharmacy,23.6320791,58.2324667,,,node,4968856731,,"{""@id"": ""node/4968856731"", ""amenity"": ""pharmacy"", ""name"": ""Muscat Pharmacy"", ""source"": ""Kaart Ground Survey 2017""}"
osm:node/4968935500,Muscat City Gifts,23.6029285,58.5343463,,,node,4968935500,,"{""@id"": ""node/4968935500"", ""name"": ""Muscat City Gifts"", ""shop"": ""yes"", ""source"": ""Kaart Ground Survey 2017""}"
osm:node/4969095229,Bank Muscat,23.6206395,58.5662255,,,node,4969095229,,"{""@id"": ""node/4969095229"", ""addr:street"": ""Al Bahri Road"", ""amenity"": ""bank"", ""name"": ""Bank Muscat"", ""source"": ""Kaart Ground Survey 2017""}"
osm:node/4969148761,Muscat Shopping,23.6208409,58.2271591,,,node,4969148761,,"{""@id"": ""node/4969148761"", ""addr:street"": ""Hai Al Hil A' Jadeed Street"", ""amenity"": ""marketplace"", ""name"": ""Muscat Shopping"", ""source"": ""Kaart Ground Survey 2017""}"
osm:node/4969171298,Faker Salalah Commercial Market,17.0397366,54.0332919,,,node,4969171298,,"{""@id"": ""node/4969171298"", ""name"": ""Faker Salalah Commercial Market"", ""shop"": ""convenience"", ""source"": ""Kaart Ground Survey 2017""}"
osm:node/4969201724,Bank Muscat,23.6235124,58.5577378,,,node,4969201724,,"{""@id"": ""node/4969201724"", ""amenity"": ""bank"", ""name"": ""Bank Muscat"", ""source"": ""Kaart Ground Survey 2017""}"
osm:node/4969218458,Khair Salalah,17.0058942,54.062652,,,node,4969218458,,"{""@id"": ""node/4969218458"", ""amenity"": ""restaurant"", ""name"": ""Khair Salalah"", ""source"": ""Kaart Ground Survey 2017""}"
osm:node/4969272156,Jawharat Sur Trading,23.6220186,58.5503147,,,node,4969272156,,"{""@id"": ""node/4969272156"", ""addr:street"": ""Al Mina Street"", ""name"": ""Jawharat Sur Trading"", ""shop"": ""toys"", ""source"": ""Kaart Ground Survey 2017""}"
osm:node/4969313015,Dar Muscat Decoration,23.5873533,58.1454975,,,node,4969313015,,"{""@id"": ""node/4969313015"", ""name"": ""Dar Muscat Decoration"", ""shop"": ""interior_decoration"", ""source"": ""Kaart Ground Survey 2017""}"
osm:node/4970586318,Muscat,17.0523906,54.1496216,,,node,4970586318,,"{""@id"": ""node/4970586318"", ""amenity"": ""pharmacy"", ""healthcare"": ""pharmacy"", ""name"": ""Muscat"", ""source"": ""Kaart Ground Survey 2017""}"
osm:node/4970663694,Muscat Drivig School,23.6111237,58.5431052,,,node,4970663694,,"{""@id"": ""node/4970663694"", ""addr:street"": ""Way 2327"", ""amenity"": ""driving_school"", ""name"": ""Muscat Drivig School"", ""source"": ""Kaart Ground Survey 2017""}"
osm:node/4970680741,Dhofar Insurance Co.,23.6255648,58.1940491,,,node,4970680741,,"{""@id"": ""node/4970680741"", ""name"": ""Dhofar Insurance Co."", ""office"": ""insurance"", ""source"": ""Kaart Ground Survey 2017""}"
osm:node/4970764101,Pizza Muscat Restaurant,23.637821,58.2027279,,,node,4970764101,,"{""@id"": ""node/4970764101"", ""addr:street"": ""سكة 3551"", ""amenity"": ""restaurant"", ""name"": ""Pizza Muscat Restaurant"", ""name:ar"": ""مطعم بيتزا مسقط"", ""source"": ""Kaart Ground Survey 2017""}"
osm:node/4971220389,Salalah Curtains,17.0115456,54.0800387,,,node,4971220389,,"{""@id"": ""node/4971220389"", ""addr:street"": ""23rd July Street"", ""name"": ""Salalah Curtains"", ""shop"": ""curtain"", ""source"": ""Kaart Ground Survey 2017""}"
osm:node/4971366739,Shabab Salalah Restaurant,17.0163795,54.0807816,,,node,4971366739,,"{""@id"": ""node/4971366739"", ""addr:street"": ""Al Ghubira Street"", ""amenity"": ""restaurant"", ""name"": ""Shabab Salalah Restaurant"", ""source"": ""Kaart Ground Survey 2017""}"
osm:node/4975921926,Marketing Travel & Tourism Salalah,17.0162918,54.1065849,,,node,4975921926,,"{""@id"": ""node/4975921926"", ""addr:street"": ""Al Qoaf Street"", ""name"": ""Marketing Travel & Tourism Salalah"", ""shop"": ""travel_agency"", ""source"": ""Kaart Ground Survey 2017""}"
osm:node/4976222007,Salalah Electronics,17.0120622,54.0941513,,,node,4976222007,,"{""@id"": ""node/4976222007"", ""addr:street"": ""Al Nahdah Street"", ""name"": ""Salalah Electronics"", ""shop"": ""yes"", ""source"": ""Kaart Ground Survey 2017""}"
osm:node/4977533694,Salalah Towers Global Trade,17.0163971,54.0770655,,,node,4977533694,,"{""@id"": ""node/4977533694"", ""addr:street"": ""Salalah Al Jadida Street"", ""name"": ""Salalah Towers Global Trade"", ""shop"": ""yes"", ""source"": ""Kaart Ground Survey 2017""}"
osm:node/5198502894,Muscat Bakery,23.6104427,58.5530394,,,node,5198502894,,"{""@id"": ""node/5198502894"", ""name"": ""Muscat Bakery"", ""shop"": ""bakery""}"
osm:node/5349549621,Taurus Salalah,17.0246923,54.1144011,,,node,5349549621,,"{""@id"": ""node/5349549621"", ""name"": ""Taurus Salalah"", ""tourism"": ""attraction""}"
osm:node/5451375657,Salalah commercial market,17.0524151,54.4033747,,,node,5451375657,,"{""@id"": ""node/5451375657"", ""name"": ""Salalah commercial market"", ""shop"": ""supermarket""}"
osm:node/5628227127,Aerotel Muscat,23.60101,58.2869619,,,node,5628227127,,"{""@id"": ""node/5628227127"", ""addr:postcode"": ""111"", ""internet_access"": ""wlan"", ""level"": ""5"", ""name"": ""Aerotel Muscat"", ""name:en"": ""Aerotel Muscat"", ""phone"": ""+96824356555"", ""tourism"": ""hotel"", ""website"": ""http://www.myaerotel.com""}"
osm:node/5846426986,salalah,17.0147756,54.0173234,,,node,5846426986,,"{""@id"": ""node/5846426986"", ""name"": ""salalah"", ""tourism"": ""guest_house""}"
osm:node/5847676887,agadsir residential units salalah,17.0064021,54.0250488,,,node,5847676887,,"{""@id"": ""node/5847676887"", ""internet_access"": ""wlan"", ""name"": ""agadsir residential units salalah"", ""tourism"": ""apartment""}"
osm:node/5858977985,Qasr AlSahra tyre Sohar,24.3426117,56.6927948,,,node,5858977985,,"{""@id"": ""node/5858977985"", ""name"": ""Qasr AlSahra tyre Sohar"", ""name:en"": ""Qasr AlSahra tyre Sohar"", ""shop"": ""tyres""}"
osm:node/6003065086,Sohar international school new campus,24.3201011,56.6697865,,,node,6003065086,,"{""@id"": ""node/6003065086"", ""amenity"": ""school"", ""name"": ""Sohar international school new campus"", ""name:en"": ""Sohar international school new campus""}"
osm:node/6172826769,Dhofar Insurance Company,19.6269795,57.6354585,,,node,6172826769,,"{""@id"": ""node/6172826769"", ""name"": ""Dhofar Insurance Company"", ""office"": ""insurance""}"
osm:node/6193258288,"Bus from Dubai to Muscat, Ruwi",24.4422318,56.6077408,,,node,6193258288,,"{""@id"": ""node/6193258288"", ""highway"": ""bus_stop"", ""name"": ""Bus from Dubai to Muscat, Ruwi"", ""name:en"": ""Bus from Dubai to Muscat, Ruwi"", ""name:zh"": ""迪拜到穆斯卡特大巴经停处""}"
osm:node/6695661285,Muscat heights view,23.594128,58.4800244,,,node,6695661285,,"{""@id"": ""node/6695661285"", ""name"": ""Muscat heights view"", ""tourism"": ""viewpoint""}"
osm:node/7054543218,Bank Muscat,22.2230757,59.198232,,,node,7054543218,,"{""@id"": ""node/7054543218"", ""amenity"": ""bank"", ""atm"": ""yes"", ""brand"": ""Bank Muscat"", ""name"": ""Bank Muscat""}"
osm:node/7063399140,Bank Muscat,22.606831,58.6671907,,,node,7063399140,,"{""@id"": ""node/7063399140"", ""amenity"": ""bank"", ""atm"": ""yes"", ""brand"": ""Bank Muscat"", ""name"": ""Bank Muscat""}"
osm:node/7111691654,Sohar Club,24.3322964,56.7430321,,,node,7111691654,,"{""@id"": ""node/7111691654"", ""addr:city"": ""sohar"", ""addr:postcode"": ""311"", ""building"": ""office"", ""leisure"": ""sports_centre"", ""name"": ""Sohar Club"", ""name:ar"": ""نادي صحار"", ""sport"": ""swimming;soccer;basketball;tennis;chess;volleyball;handball;athletics;hockey;beachvolleyball;bowling"", ""wikidata"": ""Q16850383"", ""wikipedia"": ""en:Sohar SC""}"
osm:node/7125440991,"Taipei Economic & Cultural Office, Muscat, Oman",23.6069416,58.468304,TW,,node,7125440991,,"{""@id"": ""node/7125440991"", ""addr:full"": ""Way no.1528,Villa no. 2058 Madina Al Alam, Oman"", ""addr:street"": ""سكة 1528"", ""country"": ""TW"", ""diplomatic"": ""embassy"", ""email"": ""omn@mofa.gov.tw"", ""embassy"": ""branch_embassy"", ""fax"": ""+968-24605402"", ""name"": ""Taipei Economic & Cultural Office, Muscat, Oman"", ""name:zh"": ""駐阿曼王國台北經濟文化辦事處"", ""office"": ""diplomatic"", ""phone"": ""+968-24605695"", ""target"": ""OM"", ""website"": ""https://www.roc-taiwan.org/om_en/index.html""}"
osm:node/7131375388,TEA & MORE CAFE BARKA,23.6944072,57.8881774,,,node,7131375388,,"{""@id"": ""node/7131375388"", ""addr:city"": ""BARKA"", ""addr:postcode"": ""320"", ""addr:street"": ""SOUQ"", ""air_conditioning"": ""yes"", ""amenity"": ""cafe"", ""branch"": ""TEA CLUB CAFE MUSANNAH"", ""cuisine"": ""coffee_shop;restaurant;cafe;dessert;juice;pasta"", ""internet_access"": ""wlan"", ""internet_access:fee"": ""no"", ""internet_access:ssid"": ""TP-LINK _BF76"", ""name"": ""TEA & MORE CAFE BARKA"", ""opening_hours"": ""24/7"", ""outdoor_seating"": ""yes"", ""phone"": ""0069890705148"", ""website"": ""https://www.instagram.com/tea_and_more_barka_souq/""}"
osm:node/8044681828,Muscat Old Cemetery,23.6115601,58.5989587,,,node,8044681828,,"{""@id"": ""node/8044681828"", ""name"": ""Muscat Old Cemetery"", ""tourism"": ""attraction""}"
osm:node/8583914277,Bank Muscat ATM,23.8716721,57.3558103,,,node,8583914277,,"{""@id"": ""node/8583914277"", ""amenity"": ""bank"", ""atm"": ""yes"", ""name"": ""Bank Muscat ATM"", ""opening_hours"": ""24/7""}"
osm:node/8645036573,BANK MUSCAT ATM,23.66226,58.1004557,,,node,8645036573,,"{""@id"": ""node/8645036573"", ""amenity"": ""bank"", ""name"": ""BANK MUSCAT ATM""}"
osm:node/8659452574,Bank Muscat ATM,23.6650897,57.9524894,,,node,8659452574,,"{""@id"": ""node/8659452574"", ""amenity"": ""bank"", ""name"": ""Bank Muscat ATM"", ""name:ar"": ""صراف بنك مسقط""}"
osm:node/8841844751,Wilayat Barka welcomes you,23.6693764,57.9695248,,,node,8841844751,,"{""@id"": ""node/8841844751"", ""board_type"": ""welcome_sign"", ""information"": ""board"", ""name"": ""Wilayat Barka welcomes you"", ""name:ar"": ""وِلايَةُ بَركاء تُرَحِّبْ بِكُم"", ""tourism"": ""information""}"
osm:node/9086798881,Bank Muscat ATM,23.9010413,57.2206836,,,node,9086798881,Bank Muscat,"{""@id"": ""node/9086798881"", ""amenity"": ""bank"", ""brand"": ""🏧"", ""kids_area"": ""no"", ""kids_area:fee"": ""no"", ""kids_area:indoor"": ""no"", ""kids_area:outdoor"": ""no"", ""kids_area:supervised"": ""no"", ""name"": ""Bank Muscat ATM"", ""operator"": ""Bank Muscat""}"
osm:node/9112343296,Bank Muscat ATM,23.754586,57.5811802,,,node,9112343296,,"{""@id"": ""node/9112343296"", ""amenity"": ""bank"", ""name"": ""Bank Muscat ATM""}"
osm:node/9391036228,Bank Muscat,24.3376372,56.7362384,,,node,9391036228,,"{""@id"": ""node/9391036228"", ""amenity"": ""atm"", ""name"": ""Bank Muscat""}"
osm:node/9442959116,Bank Nizwa Barka branch,23.6692123,57.8847402,,,node,9442959116,,"{""@id"": ""node/9442959116"", ""amenity"": ""bank"", ""name"": ""Bank Nizwa Barka branch""}"
osm:node/9443029579,Bank Muscat ATM,23.6719753,57.8861957,,,node,9443029579,,"{""@id"": ""node/9443029579"", ""amenity"": ""atm"", ""name"": ""Bank Muscat ATM""}"
osm:node/9672892459,Bank Muscat ATM,24.3615374,56.7452673,,,node,9672892459,Bank Muscat,"{""@id"": ""node/9672892459"", ""amenity"": ""atm"", ""brand"": ""Bank Muscat"", ""name"": ""Bank Muscat ATM"", ""operator"": ""Bank Muscat""}"
osm:node/9676748882,Bank Muscat ATM,24.1311846,56.8529874,,,node,9676748882,Bank Muscat,"{""@id"": ""node/9676748882"", ""amenity"": ""atm"", ""brand"": ""Bank Muscat"", ""name"": ""Bank Muscat ATM"", ""operator"": ""Bank Muscat""}"
osm:node/10001286965,Muscat grills,22.8745551,57.5318266,,,node,10001286965,,"{""@id"": ""node/10001286965"", ""amenity"": ""cafe"", ""name"": ""Muscat grills"", ""name:ar"": ""مسقط جريلز"", ""phone"": ""94424248""}"
osm:node/10001286973,Muscat Mattress,22.8755109,57.5350161,,,node,10001286973,,"{""@id"": ""node/10001286973"", ""name"": ""Muscat Mattress"", ""name:ar"": ""مراتب مسقط"", ""phone"": ""‏‪9447 7104‬‏"", ""shop"": ""furniture""}"
osm:node/10010927932,Muscat stud,23.6620004,57.7154415,,,node,10010927932,,"{""@id"": ""node/10010927932"", ""attraction"": ""carousel"", ""name"": ""Muscat stud"", ""name:ar"": ""مربط مسقط للخيول العربية الأصليه""}"
osm:node/10102501415,Muscat International Airport - A1,23.6013134,58.2907973,,,node,10102501415,,"{""@id"": ""node/10102501415"", ""bus"": ""yes"", ""description"": ""To city center, 0.5 local currency pay with cash with the driver. 30-60 min / bus, 7*24."", ""highway"": ""bus_stop"", ""name"": ""Muscat International Airport - A1"", ""network"": ""Mwasalat"", ""public_transport"": ""platform"", ""website"": ""https://tickets.mwasalat.om/""}"
osm:node/10701478921,Ibthaj Muscat Trading & Contracting LLC,23.5936261,58.5543095,,,node,10701478921,,"{""@id"": ""node/10701478921"", ""addr:city"": ""MBD, Ruwi"", ""addr:postcode"": ""114"", ""addr:street"": ""4203"", ""description"": ""Construction Company"", ""name"": ""Ibthaj Muscat Trading & Contracting LLC"", ""office"": ""company""}"
osm:node/11363321470,Viva Hostel Group Muscat,23.5760863,58.4108519,,,node,11363321470,,"{""@id"": ""node/11363321470"", ""addr:housenumber"": ""730/D"", ""addr:postcode"": ""130"", ""addr:street"": ""Way 5510"", ""internet_access"": ""wlan"", ""name"": ""Viva Hostel Group Muscat"", ""name:en"": ""Viva Hostel Group Muscat"", ""opening_hours"": ""24/7"", ""phone"": ""+96878607016"", ""tourism"": ""hostel""}"
osm:node/12979272296,Luxury 1BHK with Balcony - Muscat Hills,23.5775335,58.299257,,,node,12979272296,ALTAREQ PROPERTY,"{""@id"": ""node/12979272296"", ""addr:city"": ""مرتفعات المطار"", ""addr:housenumber"": ""1"", ""addr:place"": ""حي العرفان"", ""addr:postcode"": ""111"", ""email"": ""altareqproperty@outlook.com"", ""internet_access"": ""wlan"", ""internet_access:fee"": ""no"", ""name"": ""Luxury 1BHK with Balcony - Muscat Hills"", ""operator"": ""ALTAREQ PROPERTY"", ""phone"": ""+96899847744"", ""rooms"": ""1"", ""tourism"": ""apartment"", ""website"": ""https://www.booking.com/hotel/om/the-peace.en-gb.html?label=gen173nr-1BCAsorwFCCXRoZS1wZWFjZUgzWARorwGIAQGYAQm4ARjIAQzYAQHoAQGIAgGoAgS4Arumo8MGwAIB0gIkYTZkMmJjYjAtMzU2My00ZTQxLWE3Y2QtNTA0OWY0YWI3M2U52AIF4AIB&sid=46490420bd76e8d00310d7ca5c19a501&dist=0&kee""}"
osm:node/11597418569,Novotel Muscat Airport,23.5852629,58.3004325,,,node,11597418569,,"{""@id"": ""node/11597418569"", ""brand"": ""Novotel"", ""brand:wikidata"": ""Q420545"", ""name"": ""Novotel Muscat Airport"", ""tourism"": ""hotel""}"
osm:node/11860405290,Jumeira Muscat Bay,23.5499083,58.6434186,,,node,11860405290,,"{""@id"": ""node/11860405290"", ""name"": ""Jumeira Muscat Bay"", ""tourism"": ""hotel""}"
osm:node/11874547780,Suri,23.6059196,56.9692777,,,node,11874547780,,"{""@id"": ""node/11874547780"", ""alt_name"": ""Suri, Sūrī, swry, سوري"", ""name"": ""Suri"", ""name:en"": ""Suri"", ""name:es"": ""Suri"", ""name:fr"": ""Suri"", ""place"": ""village"", ""source"": ""https://www.mindat.org/feature-286231.html""}"
osm:node/11962404446,Sur Cafe,23.5845351,58.4325274,,,node,11962404446,,"{""@id"": ""node/11962404446"", ""amenity"": ""cafe"", ""name"": ""Sur Cafe""}"
osm:node/12064964440,Muscat Candy,23.4706101,58.477273,,,node,12064964440,,"{""@id"": ""node/12064964440"", ""name"": ""Muscat Candy"", ""name:ar"": ""حلويات مسقط"", ""name:en"": ""Muscat Candy"", ""shop"": ""confectionery""}"
osm:node/12083348042,Linne Chocolate- Salalah Plaza,17.0371658,54.1490828,,,node,12083348042,Linne Chocolate- Salalah Plaza,"{""@id"": ""node/12083348042"", ""addr:city"": ""Salalah"", ""addr:street"": ""شارع الرباط"", ""air_conditioning"": ""yes"", ""branch"": ""Coffe Shop - Flower Shop- Chocolate Shop"", ""contact:facebook"": ""https://instagram.com/linnechocolate?igshid=15ui89pljesgh"", ""currency:OMR"": ""yes"", ""email"": ""info@linnechocolate.com"", ""name"": ""Linne Chocolate- Salalah Plaza"", ""opening_hours"": ""Mo-Su 09:00-00:00"", ""operator"": ""Linne Chocolate- Salalah Plaza"", ""payment:cards"": ""yes"", ""payment:cash"": ""yes"", ""phone"": ""+968 94155588"", ""shop"": ""chocolate""}"
osm:node/12392673055,VI Muscat,23.6169559,58.4629722,OM,,node,12392673055,,"{""@id"": ""node/12392673055"", ""addr:city"": ""مَسْقَط"", ""addr:city:de"": ""Maskat"", ""addr:city:en"": ""Muscat"", ""addr:country"": ""OM"", ""addr:housenumber"": ""ا-0431"", ""addr:postcode"": ""112"", ""addr:street"": ""ممشى شاطئ القرم"", ""air_conditioning"": ""yes"", ""amenity"": ""nightclub"", ""contact:email"": ""vimuscat.om@gmail.com"", ""contact:facebook"": ""https://www.facebook.com/profile.php?id=61557887152684"", ""contact:instagram"": ""https://www.instagram.com/vimuscat/"", ""contact:phone"": ""+968 97677170"", ""contact:whatsapp"": ""+968 97677170"", ""min_age"": ""21"", ""name"": ""VI Muscat"", ""opening_hours"": ""Mo-Su 20:00-03:00; PH off"", ""smoking"": ""separated"", ""source:addr"": ""Conversation with the owner on Telegram"", ""website"": ""https://vimuscat.com/""}"
osm:node/12465264373,Muscat Duty Free,23.5979518,58.286933,,,node,12465264373,,"{""@id"": ""node/12465264373"", ""check_date"": ""2024-12-31"", ""name"": ""Muscat Duty Free"", ""shop"": ""department_store""}"
osm:node/12630182758,Special Technical Services LLC ( STS ) - Sohar Workshop,24.4475134,56.5975092,,,node,12630182758,Special Technical Services LLC,"{""@id"": ""node/12630182758"", ""alt_name"": ""STS"", ""man_made"": ""works"", ""name"": ""Special Technical Services LLC ( STS ) - Sohar Workshop"", ""operator"": ""Special Technical Services LLC"", ""product"": ""pressure_vessels;heat_exchangers""}"
osm:node/12675537901,Mercure Muscat,23.5888954,58.4165736,,,node,12675537901,,"{""@id"": ""node/12675537901"", ""addr:housenumber"": ""PO Box 65"", ""addr:postcode"": ""133"", ""addr:street"": ""شارع دوحة الأدب"", ""brand"": ""Mercure"", ""brand:wikidata"": ""Q1709809"", ""internet_access"": ""wlan"", ""name"": ""Mercure Muscat"", ""phone"": ""+96824112200"", ""tourism"": ""hotel"", ""website"": ""https://all.accor.com/hotel/C339/index.en.shtml""}"
osm:node/12810890700,Balance Muscat Ayurveda and Yoga Center,23.594252,58.441318,,,node,12810890700,,"{""@id"": ""node/12810890700"", ""healthcare"": ""alternative"", ""healthcare:speciality"": ""ayurveda"", ""name"": ""Balance Muscat Ayurveda and Yoga Center""}"
osm:node/12819524002,Lamborghini Muscat,23.5969157,58.4461297,,,node,12819524002,,"{""@id"": ""node/12819524002"", ""addr:street"": ""Way 3307, bldg. 30 Alkhuwair,"", ""brand"": ""Lamborghini"", ""brand:wikidata"": ""Q35886"", ""name"": ""Lamborghini Muscat"", ""phone"": ""+968 24472695"", ""shop"": ""car""}"
osm:node/12850981790,Meat Moot Muscat,23.5726567,58.4065972,,,node,12850981790,,"{""@id"": ""node/12850981790"", ""addr:city"": ""Muscat"", ""addr:postcode"": ""101"", ""addr:street"": ""Dauhat Al Adab St"", ""amenity"": ""restaurant"", ""cuisine"": ""barbecue"", ""name"": ""Meat Moot Muscat"", ""opening_hours"": ""Mo-Su 12:00-23:30"", ""phone"": ""+96893222107"", ""website"": ""https://meatmoot.com.tr/menu/muscatmenu/""}"
osm:node/12954086001,Mövenpick Hotel & Apartments Ghala Muscat,23.5884303,58.3594144,,,node,12954086001,,"{""@id"": ""node/12954086001"", ""addr:street"": ""Al Maaridh Street Ghala Heights Complex Adjacent to Sultan Qaboos St."", ""name"": ""Mövenpick Hotel & Apartments Ghala Muscat"", ""tourism"": ""hotel""}"
osm:node/13027954569,Muscat Super Spikers,23.5700731,58.5678199,,,node,13027954569,,"{""@id"": ""node/13027954569"", ""club"": ""sport"", ""name"": ""Muscat Super Spikers""}"
osm:node/13306429602,Bank Muscat,24.3676706,56.7463525,,,node,13306429602,,"{""@id"": ""node/13306429602"", ""amenity"": ""bank"", ""name"": ""Bank Muscat""}"
osm:node/13306435901,Marina Sohar,24.3723108,56.7428933,,,node,13306435901,,"{""@id"": ""node/13306435901"", ""internet_access"": ""wlan"", ""name"": ""Marina Sohar"", ""phone"": ""97866338"", ""tourism"": ""hotel""}"
osm:node/13404166217,Muscat Bikes,23.5843879,58.3208746,,,node,13404166217,,"{""@id"": ""node/13404166217"", ""alt_name"": ""Muscat Bike Shop"", ""int_name"": ""Muscat Bikes"", ""name"": ""Muscat Bikes"", ""name:en"": ""Muscat Bikes"", ""phone"": ""+968 9178 0591"", ""service:bicycle:repair"": ""yes"", ""service:bicycle:retail"": ""yes"", ""shop"": ""bicycle"", ""website"": ""https://muscatbike.com/""}"
osm:way/368173509,محطة تحلية مياه الصرف الصحي,22.9875033,57.3387918,,,way,368173509,,"{""@id"": ""way/368173509"", ""highway"": ""unclassified"", ""name"": ""محطة تحلية مياه الصرف الصحي"", ""oneway"": ""no"", ""@geometry"": ""center""}"
osm:way/386838289,محطة تحلية المياة والطاقة بالغبرة,23.6018997,58.4137212,,,way,386838289,Al Ghubrah Power and Desalination Company SAOC,"{""@id"": ""way/386838289"", ""landuse"": ""industrial"", ""name"": ""محطة تحلية المياة والطاقة بالغبرة"", ""name:en"": ""Ghubrah Power & Desalination Plant"", ""name:fa"": ""نیروگاه و نمک‌زدایی آب غبره"", ""operator"": ""Al Ghubrah Power and Desalination Company SAOC"", ""plant:output:electricity"": ""190 MW"", ""plant:source"": ""gas"", ""power"": ""plant"", ""@geometry"": ""center""}"
osm:way/761434596,Euro Arabian Specialist Dental Center,22.5928012,59.4975016,,,way,761434596,,"{""@id"": ""way/761434596"", ""amenity"": ""dentist"", ""building"": ""yes"", ""healthcare"": ""dentist"", ""name"": ""Euro Arabian Specialist Dental Center"", ""opening_hours"": ""Sa-We 09:00-21:00"", ""phone"": ""+968 9408 0100"", ""@geometry"": ""center""}"
osm:way/897718173,محطة تحلية مياه الصرف الصحي,22.9847507,57.3435253,,,way,897718173,,"{""@id"": ""way/897718173"", ""highway"": ""unclassified"", ""name"": ""محطة تحلية مياه الصرف الصحي"", ""oneway"": ""no"", ""@geometry"": ""center""}"
osm:way/1079022886,محطة تحلية المياه,25.6716585,56.2667608,,,way,1079022886,,"{""@id"": ""way/1079022886"", ""building"": ""yes"", ""name"": ""محطة تحلية المياه"", ""@geometry"": ""center""}"
osm:way/1236881046,Sharqiyah Desalination solar farm,21.9310725,59.6321193,,,way,1236881046,Total Energies,"{""@id"": ""way/1236881046"", ""name"": ""Sharqiyah Desalination solar farm"", ""operator"": ""Total Energies"", ""plant:method"": ""photovoltaic"", ""plant:output:electricity"": ""17 MW"", ""plant:source"": ""solar"", ""power"": ""plant"", ""@geometry"": ""center""}"
osm:node/3691000225,Maestro Cafe,17.0216218,54.0583946,,,node,3691000225,,"{""@id"": ""node/3691000225"", ""addr:city"": ""salalah"", ""addr:state"": ""dhofar"", ""addr:street"": ""Robat Street"", ""amenity"": ""restaurant"", ""name"": ""Maestro Cafe"", ""outdoor_seating"": ""yes""}"
osm:node/4957529779,Pro Tech,23.5742174,58.4165327,,,node,4957529779,,"{""@id"": ""node/4957529779"", ""addr:street"": ""Al Maha Street"", ""name"": ""Pro Tech"", ""shop"": ""electronics"", ""source"": ""Kaart Ground Survey 2017""}"
osm:node/5468980000,Euro-Divers Oman,23.5817935,58.6062562,,,node,5468980000,Euro-Divers,"{""@id"": ""node/5468980000"", ""addr:city"": ""Muscat"", ""addr:postcode"": ""940"", ""addr:street"": ""شارع السعيدية"", ""email"": ""oman@euro-divers.com"", ""name"": ""Euro-Divers Oman"", ""operator"": ""Euro-Divers"", ""payment:cash"": ""yes"", ""payment:credit_cards"": ""yes"", ""shop"": ""scuba_diving""}"
osm:node/5905940285,Kilimanjaro Cafe,23.5630949,58.4114101,,,node,5905940285,,"{""@id"": ""node/5905940285"", ""addr:street"": ""شارع المها"", ""amenity"": ""cafe"", ""cuisine"": ""african"", ""name"": ""Kilimanjaro Cafe"", ""opening_hours"": ""Mo-Su 09:00-23:59"", ""phone"": ""+96897865726""}"
osm:node/6409458586,Sombrero;مطعم سنبريرو,23.6551929,58.1820574,,,node,6409458586,,"{""@id"": ""node/6409458586"", ""amenity"": ""restaurant"", ""internet_access"": ""wlan"", ""name"": ""Sombrero;مطعم سنبريرو"", ""name:ar"": ""سام بريرو مكسيك""}"
osm:node/6723601486,Star zero fat,24.7462497,56.4504453,,,node,6723601486,,"{""@id"": ""node/6723601486"", ""amenity"": ""fast_food"", ""name"": ""Star zero fat""}"
osm:node/7973109137,FanoosPro,23.6404927,58.2039874,,,node,7973109137,,"{""@id"": ""node/7973109137"", ""description"": ""Media Production and Social Media Management Services and Interior Design"", ""ele"": ""Al Salam Tower - Second Floor - Office 22"", ""image"": ""https://www.instagram.com/fanoospro/"", ""name"": ""FanoosPro""}"
osm:node/11963206369,Macro Boost,23.6477298,58.2169797,,,node,11963206369,,"{""@id"": ""node/11963206369"", ""addr:street"": ""سكة 3127"", ""amenity"": ""restaurant"", ""cuisine"": ""arab;chinese;indian;japanese"", ""name"": ""Macro Boost"", ""name:ar"": ""ماكرو بوست"", ""opening_hours"": ""Mo-Su 09:00-00:00"", ""phone"": ""+96872277799"", ""website"": ""https://www.macroboost.com/""}"
