tile,scene_id,datetime,month_key,kd490,chlor_a,nflh,nflh_z,chl_z,hab_label,hab_label_heuristic
S2A_MSIL2A_20170606T065621_R063_T39QXG_20210209T205041_0000.jpg,S2A_MSIL2A_20170606T065621_R063_T39QXG_20210209T205041,2017-06-06 06:56:21.026000+00:00,2017-06,0.0874,0.776011,0.32883,0.6744907567095862,0.6744907575858698,0,1
S2A_MSIL2A_20170825T065621_R063_T39QXG_20210201T094547_0000.jpg,S2A_MSIL2A_20170825T065621_R063_T39QXG_20210201T094547,2017-08-25 06:56:21.026000+00:00,2017-08,0.0738,0.57676,0.235755,0.6744907377196478,1.1520259952124114,0,1
S2A_MSIL2A_20180201T070111_R063_T39QXG_20201013T174623_0000.jpg,S2A_MSIL2A_20180201T070111_R063_T39QXG_20201013T174623,2018-02-01 07:01:11.026000+00:00,2018-02,0.118933,1.20884,0.589822,2.063880493398456,0.0,0,1
S2A_MSIL2A_20180221T065911_R063_T39QXG_20201013T234500_0000.jpg,S2A_MSIL2A_20180221T065911_R063_T39QXG_20201013T234500,2018-02-21 06:59:11.026000+00:00,2018-02,0.3286,4.08212,0.400995,0.0,3.3742975563566295,0,1
S2A_MSIL2A_20180701T065621_R063_T39QXG_20201011T104015_0000.jpg,S2A_MSIL2A_20180701T065621_R063_T39QXG_20201011T104015,2018-07-01 06:56:21.024000+00:00,2018-07,0.0943,0.906392,0.42845,1.0390621954939014,3.3054689961438544,0,1
S2A_MSIL2A_20180830T065621_R063_T39QXG_20201103T141110_0000.jpg,S2A_MSIL2A_20180830T065621_R063_T39QXG_20201103T141110,2018-08-30 06:56:21.024000+00:00,2018-08,0.075,0.575683,0.382635,1.4305361089648256,1.3489814437910312,0,1
S2A_MSIL2A_20190117T070221_R063_T39QXG_20201008T021414_0000.jpg,S2A_MSIL2A_20190117T070221_R063_T39QXG_20201008T021414,2019-01-17 07:02:21.024000+00:00,2019-01,0.0806,0.656402,0.356923,0.674490754420214,0.674490746866057,0,1
S2A_MSIL2A_20190206T070051_R063_T39QXG_20201007T142408_0000.jpg,S2A_MSIL2A_20190206T070051_R063_T39QXG_20201007T142408,2019-02-06 07:00:51.024000+00:00,2019-02,0.0794,0.648246,0.363,0.0,0.707546445561658,0,1
S2A_MSIL2A_20190226T065841_R063_T39QXG_20201007T204648_0000.jpg,S2A_MSIL2A_20190226T065841_R063_T39QXG_20201007T204648,2019-02-26 06:58:41.024000+00:00,2019-02,0.0732667,0.561704,0.415105,0.6744907507454221,0.23618287609322305,0,1
S2A_MSIL2A_20190318T065621_R063_T39QXG_20201007T074707_0000.jpg,S2A_MSIL2A_20190318T065621_R063_T39QXG_20201007T074707,2019-03-18 06:56:21.024000+00:00,2019-03,0.0512,0.298279,0.466275,25287000.000000004,-227731999.99999997,0,1
S2A_MSIL2A_20190815T065631_R063_T39QXG_20201005T003451_0000.jpg,S2A_MSIL2A_20190815T065631_R063_T39QXG_20201005T003451,2019-08-15 06:56:31.024000+00:00,2019-08,0.0494,0.245151,,0.0,245151000.0,0,1
S2A_MSIL2A_20190825T065621_R063_T39QXG_20201005T043538_0000.jpg,S2A_MSIL2A_20190825T065621_R063_T39QXG_20201005T043538,2019-08-25 06:56:21.024000+00:00,2019-08,0.1034,1.04291,0.100123,100123000.0,1042909999.9999999,0,1
S2A_MSIL2A_20200102T070301_R063_T39QXG_20201002T215142_0000.jpg,S2A_MSIL2A_20200102T070301_R063_T39QXG_20201002T215142,2020-01-02 07:03:01.024000+00:00,2020-01,0.0578667,0.387999,0.330983,3.209043603911622,0.0,0,1
S2A_MSIL2A_20200122T070201_R063_T39QXG_20201002T050518_0000.jpg,S2A_MSIL2A_20200122T070201_R063_T39QXG_20201002T050518,2020-01-22 07:02:01.024000+00:00,2020-01,0.0746,0.588291,,-0.6744907515625693,0.9306634235971506,0,1
S2A_MSIL2A_20200302T065801_R063_T39QXG_20200926T020245_0000.jpg,S2A_MSIL2A_20200302T065801_R063_T39QXG_20200926T020245,2020-03-02 06:58:01.024000+00:00,2020-03,0.043,0.1943,0.32968,-0.40423246839028926,1.3180393522644958,0,1
S2A_MSIL2A_20200630T065631_R063_T39QXG_20200824T160716_0000.jpg,S2A_MSIL2A_20200630T065631_R063_T39QXG_20200824T160716,2020-06-30 06:56:31.024000+00:00,2020-06,0.0608667,0.417303,0.16206,0.0,0.0,0,1
S2A_MSIL2A_20200730T065631_R063_T39QXG_20200818T030617_0000.jpg,S2A_MSIL2A_20200730T065631_R063_T39QXG_20200818T030617,2020-07-30 06:56:31.024000+00:00,2020-07,0.079,0.657256,0.549235,4.322689778238733,3.7844683089777598,0,1
S2A_MSIL2A_20200918T065631_R063_T39QXG_20200921T101042_0000.jpg,S2A_MSIL2A_20200918T065631_R063_T39QXG_20200921T101042,2020-09-18 06:56:31.024000+00:00,2020-09,0.0772,0.607346,0.379405,0.6783245045575176,0.0,0,1
S2A_MSIL2A_20200928T065651_R063_T39QXG_20201001T020408_0000.jpg,S2A_MSIL2A_20200928T065651_R063_T39QXG_20201001T020408,2020-09-28 06:56:51.024000+00:00,2020-09,0.0973333,0.944467,0.299165,0.0,0.674490758127116,0,1
S2A_MSIL2A_20210225T065851_R063_T39QXG_20210225T181931_0000.jpg,S2A_MSIL2A_20210225T065851_R063_T39QXG_20210225T181931,2021-02-25 06:58:51.024000+00:00,2021-02,0.0754,0.573955,0.46942,0.674490754187851,1.722030149441917,0,1
S2A_MSIL2A_20210804T065631_R063_T39QXG_20210804T174443_0000.jpg,S2A_MSIL2A_20210804T065631_R063_T39QXG_20210804T174443,2021-08-04 06:56:31.024000+00:00,2021-08,0.1158,1.25599,0.1862,0.9310084899524288,15.833219649409207,0,1
S2A_MSIL2A_20210923T065631_R063_T39QXG_20210924T013326_0000.jpg,S2A_MSIL2A_20210923T065631_R063_T39QXG_20210924T013326,2021-09-23 06:56:31.024000+00:00,2021-09,0.069,0.498898,0.324155,0.7000952399538857,0.6678652666025973,0,1
S2A_MSIL2A_20220210T070031_R063_T39QXG_20220221T065843_0000.jpg,S2A_MSIL2A_20220210T070031_R063_T39QXG_20220221T065843,2022-02-10 07:00:31.024000+00:00,2022-02,0.0672,0.43615,0.158894,158894000.0,436149999.99999994,0,1
S2A_MSIL2A_20220302T065811_R063_T39QXG_20220304T043204_0000.jpg,S2A_MSIL2A_20220302T065811_R063_T39QXG_20220304T043204,2022-03-02 06:58:11.024000+00:00,2022-03,0.0638,0.398474,0.26559,-0.6744907476178309,2.8506737397527666,0,1
S2A_MSIL2A_20220302T065811_R063_T39QXG_20240528T164922_0000.jpg,S2A_MSIL2A_20220302T065811_R063_T39QXG_20240528T164922,2022-03-02 06:58:11.024000+00:00,2022-03,0.0638,0.398474,0.26559,-0.6744907476178309,2.8506737397527666,0,1
S2A_MSIL2A_20220312T065701_R063_T39QXG_20220312T225303_0000.jpg,S2A_MSIL2A_20220312T065701_R063_T39QXG_20220312T225303,2022-03-12 06:57:01.024000+00:00,2022-03,0.0548667,0.284878,0.396263,1.6229763290827621,-0.6744907385454808,0,1
S2A_MSIL2A_20220312T065701_R063_T39QXG_20240523T070747_0000.jpg,S2A_MSIL2A_20220312T065701_R063_T39QXG_20240523T070747,2022-03-12 06:57:01.024000+00:00,2022-03,0.0548667,0.284878,0.396263,1.6229763290827621,-0.6744907385454808,0,1
S2A_MSIL2A_20220819T065641_R063_T39QXG_20220819T215726_0000.jpg,S2A_MSIL2A_20220819T065641_R063_T39QXG_20220819T215726,2022-08-19 06:56:41.024000+00:00,2022-08,0.104,1.05633,0.35977,0.0,0.0,0,1
S2A_MSIL2A_20220819T065641_R063_T39QXG_20240720T015827_0000.jpg,S2A_MSIL2A_20220819T065641_R063_T39QXG_20240720T015827,2022-08-19 06:56:41.024000+00:00,2022-08,0.104,1.05633,0.35977,0.0,0.0,0,1
S2A_MSIL2A_20220928T065651_R063_T39QXG_20220928T234907_0000.jpg,S2A_MSIL2A_20220928T065651_R063_T39QXG_20220928T234907,2022-09-28 06:56:51.024000+00:00,2022-09,0.0947,0.90228,0.405033,1.4522788664616704,0.6744907555781421,0,1
S2A_MSIL2A_20220928T065651_R063_T39QXG_20240730T192859_0000.jpg,S2A_MSIL2A_20220928T065651_R063_T39QXG_20240730T192859,2022-09-28 06:56:51.024000+00:00,2022-09,0.0947,0.90228,0.405033,1.4522788664616704,0.6744907555781421,0,1
S2A_MSIL2A_20230307T065731_R063_T39QXG_20230307T123902_0000.jpg,S2A_MSIL2A_20230307T065731_R063_T39QXG_20230307T123902,2023-03-07 06:57:31.024000+00:00,2023-03,0.084,0.706723,0.45004,0.0,0.0,0,1
S2A_MSIL2A_20230307T065731_R063_T39QXG_20240821T003413_0000.jpg,S2A_MSIL2A_20230307T065731_R063_T39QXG_20240821T003413,2023-03-07 06:57:31.024000+00:00,2023-03,0.084,0.706723,0.45004,0.0,0.0,0,1
S2A_MSIL2A_20230824T065631_R063_T39QXG_20230824T150407_0000.jpg,S2A_MSIL2A_20230824T065631_R063_T39QXG_20230824T150407,2023-08-24 06:56:31.024000+00:00,2023-08,0.0974,0.952578,0.379235,0.6744907550145616,0.6744907576139856,0,1
S2A_MSIL2A_20230824T065631_R063_T39QXG_20241025T152112_0000.jpg,S2A_MSIL2A_20230824T065631_R063_T39QXG_20241025T152112,2023-08-24 06:56:31.024000+00:00,2023-08,0.0974,0.952578,0.379235,0.6744907550145616,0.6744907576139856,0,1
S2A_MSIL2A_20230913T065631_R063_T39QXG_20230913T132300_0000.jpg,S2A_MSIL2A_20230913T065631_R063_T39QXG_20230913T132300,2023-09-13 06:56:31.024000+00:00,2023-09,0.0688,0.498617,0.349825,0.6744907246074482,0.0,0,1
S2A_MSIL2A_20230913T065631_R063_T39QXG_20241027T165012_0000.jpg,S2A_MSIL2A_20230913T065631_R063_T39QXG_20241027T165012,2023-09-13 06:56:31.024000+00:00,2023-09,0.0688,0.498617,0.349825,0.6744907246074482,0.0,0,1
S2A_MSIL2A_20230923T065621_R063_T39QXG_20230923T121348_0000.jpg,S2A_MSIL2A_20230923T065621_R063_T39QXG_20230923T121348,2023-09-23 06:56:21.024000+00:00,2023-09,0.0725,0.542174,0.336778,0.0,1.0104312334782066,0,1
S2A_MSIL2A_20230923T065621_R063_T39QXG_20241028T071613_0000.jpg,S2A_MSIL2A_20230923T065621_R063_T39QXG_20241028T071613,2023-09-23 06:56:21.024000+00:00,2023-09,0.0725,0.542174,0.336778,0.0,1.0104312334782066,0,1
S2A_MSIL2A_20240111T070241_R063_T39QXG_20240111T113149_0000.jpg,S2A_MSIL2A_20240111T070241_R063_T39QXG_20240111T113149,2024-01-11 07:02:41.024000+00:00,2024-01,0.0848667,0.685757,0.176085,-2.264684763835406,2.614099620179741,0,1
S2A_MSIL2A_20240121T070211_R063_T39QXG_20240121T131026_0000.jpg,S2A_MSIL2A_20240121T070211_R063_T39QXG_20240121T131026,2024-01-21 07:02:11.024000+00:00,2024-01,0.0725333,0.537742,0.23907,1.1882187316481412,0.47521136237556527,0,1
S2A_MSIL2A_20240210T070031_R063_T39QXG_20240210T111914_0000.jpg,S2A_MSIL2A_20240210T070031_R063_T39QXG_20240210T111914,2024-02-10 07:00:31.024000+00:00,2024-02,0.0726667,0.548678,0.252118,0.0,0.0,0,1
S2A_MSIL2A_20240311T065701_R063_T39QXG_20240311T150535_0000.jpg,S2A_MSIL2A_20240311T065701_R063_T39QXG_20240311T150535,2024-03-11 06:57:01.024000+00:00,2024-03,0.0607,0.413927,0.361725,5.7612640193126285,0.9194381018581472,0,1
S2A_MSIL2A_20240619T065631_R063_T39QXG_20240619T131334_0000.jpg,S2A_MSIL2A_20240619T065631_R063_T39QXG_20240619T131334,2024-06-19 06:56:31.024000+00:00,2024-06,0.0898,0.53855,0.47588,0.0,0.0,0,1
S2A_MSIL2A_20240719T065621_R063_T39QXG_20240719T132007_0000.jpg,S2A_MSIL2A_20240719T065621_R063_T39QXG_20240719T132007,2024-07-19 06:56:21.024000+00:00,2024-07,0.0767,0.569551,0.231377,0.7590100368443536,0.37706045524573284,0,1
S2A_MSIL2A_20240808T065621_R063_T39QXG_20240808T130850_0000.jpg,S2A_MSIL2A_20240808T065621_R063_T39QXG_20240808T130850,2024-08-08 06:56:21.024000+00:00,2024-08,0.1082,1.12372,0.520335,1.1761058923489394,0.36856263210444346,0,1
S2A_MSIL2A_20240927T065641_R063_T39QXG_20240927T112652_0000.jpg,S2A_MSIL2A_20240927T065641_R063_T39QXG_20240927T112652,2024-09-27 06:56:41.024000+00:00,2024-09,0.0998667,0.988476,0.395725,0.6744854073098349,2.153077562277401,0,1
S2A_MSIL2A_20241226T070311_R063_T39QXG_20241226T100152_0000.jpg,S2A_MSIL2A_20241226T070311_R063_T39QXG_20241226T100152,2024-12-26 07:03:11.024000+00:00,2024-12,0.077,0.627444,,0.0,0.0,0,1
S2A_MSIL2A_20250105T070301_R063_T39QXG_20250105T101308_0000.jpg,S2A_MSIL2A_20250105T070301_R063_T39QXG_20250105T101308,2025-01-05 07:03:01.024000+00:00,2025-01,0.077,0.627444,,0.0,0.0,0,1
S2A_MSIL2A_20250115T070231_R063_T39QXG_20250115T101359_0000.jpg,S2A_MSIL2A_20250115T070231_R063_T39QXG_20250115T101359,2025-01-15 07:02:31.024000+00:00,2025-01,0.077,0.627444,,0.0,0.0,0,1
S2B_MSIL2A_20170731T065619_R063_T39QXG_20210210T172720_0000.jpg,S2B_MSIL2A_20170731T065619_R063_T39QXG_20210210T172720,2017-07-31 06:56:19.027000+00:00,2017-07,0.0652,0.452843,0.379235,0.0,0.0,0,1
S2B_MSIL2A_20170909T065619_R063_T39QXG_20210201T223815_0000.jpg,S2B_MSIL2A_20170909T065619_R063_T39QXG_20210201T223815,2017-09-09 06:56:19.027000+00:00,2017-09,0.0852,0.741344,,0.0,0.0,0,1
S2B_MSIL2A_20171228T070259_R063_T39QXG_20201014T170056_0000.jpg,S2B_MSIL2A_20171228T070259_R063_T39QXG_20201014T170056,2017-12-28 07:02:59.027000+00:00,2017-12,0.1016,1.01705,0.433635,0.0,0.0,0,1
S2B_MSIL2A_20180127T070139_R063_T39QXG_20201014T091640_0000.jpg,S2B_MSIL2A_20180127T070139_R063_T39QXG_20201014T091640,2018-01-27 07:01:39.027000+00:00,2018-01,0.118933,1.20884,0.589822,6.9361592341515514,0.7533591157301767,0,1
S2B_MSIL2A_20190122T070209_R063_T39QXG_20201008T034450_0000.jpg,S2B_MSIL2A_20190122T070209_R063_T39QXG_20201008T034450,2019-01-22 07:02:09.024000+00:00,2019-01,0.0806,0.656402,0.356923,0.674490754420214,0.674490746866057,0,1
S2B_MSIL2A_20190303T065809_R063_T39QXG_20201030T112946_0000.jpg,S2B_MSIL2A_20190303T065809_R063_T39QXG_20201030T112946,2019-03-03 06:58:09.024000+00:00,2019-03,0.0732667,0.561704,0.415105,-25882999.99999999,35692999.99999997,0,1
S2B_MSIL2A_20190701T065629_R063_T39QXG_20201005T075203_0000.jpg,S2B_MSIL2A_20190701T065629_R063_T39QXG_20201005T075203,2019-07-01 06:56:29.024000+00:00,2019-07,0.05196,0.323953,0.071008,71008000.0,323953000.0,0,1
S2B_MSIL2A_20200107T070249_R063_T39QXG_20201029T121541_0000.jpg,S2B_MSIL2A_20200107T070249_R063_T39QXG_20201029T121541,2020-01-07 07:02:49.024000+00:00,2020-01,0.0578667,0.387999,0.330983,3.209043603911622,0.0,0,1
S2B_MSIL2A_20200117T070219_R063_T39QXG_20201002T195630_0000.jpg,S2B_MSIL2A_20200117T070219_R063_T39QXG_20201002T195630,2020-01-17 07:02:19.024000+00:00,2020-01,0.0746,0.588291,,-0.6744907515625693,0.9306634235971506,0,1
S2B_MSIL2A_20200206T070049_R063_T39QXG_20201001T025510_0000.jpg,S2B_MSIL2A_20200206T070049_R063_T39QXG_20201001T025510,2020-02-06 07:00:49.024000+00:00,2020-02,0.0889333,0.798461,0.453355,1.1119622618561495,2.781774450387116,0,1
S2B_MSIL2A_20200317T065619_R063_T39QXG_20201010T111701_0000.jpg,S2B_MSIL2A_20200317T065619_R063_T39QXG_20201010T111701,2020-03-17 06:56:19.024000+00:00,2020-03,0.0389,0.179586,0.40414,0.94474902612359,-0.03094204301389712,0,1
S2B_MSIL2A_20200804T065629_R063_T39QXG_20200816T035441_0000.jpg,S2B_MSIL2A_20200804T065629_R063_T39QXG_20200816T035441,2020-08-04 06:56:29.024000+00:00,2020-08,0.072,0.549494,0.24366,243659999.99999997,549494000.0,0,1
S2B_MSIL2A_20200913T065629_R063_T39QXG_20201027T093056_0000.jpg,S2B_MSIL2A_20200913T065629_R063_T39QXG_20201027T093056,2020-09-13 06:56:29.024000+00:00,2020-09,0.0772,0.607346,0.379405,0.6783245045575176,0.0,0,1
S2B_MSIL2A_20200923T065629_R063_T39QXG_20201028T044418_0000.jpg,S2B_MSIL2A_20200923T065629_R063_T39QXG_20201028T044418,2020-09-23 06:56:29.024000+00:00,2020-09,0.0973333,0.944467,0.299165,0.0,0.674490758127116,0,1
S2B_MSIL2A_20210302T065809_R063_T39QXG_20210302T153932_0000.jpg,S2B_MSIL2A_20210302T065809_R063_T39QXG_20210302T153932,2021-03-02 06:58:09.024000+00:00,2021-03,0.089,0.785385,0.414212,0.7596330909065424,10.270648907812868,0,1
S2B_MSIL2A_20210630T065629_R063_T39QXG_20210701T040612_0000.jpg,S2B_MSIL2A_20210630T065629_R063_T39QXG_20210701T040612,2021-06-30 06:56:29.024000+00:00,2021-06,0.0588,0.40209,0.38544,0.0,0.0,0,1
S2B_MSIL2A_20210730T065629_R063_T39QXG_20210730T184548_0000.jpg,S2B_MSIL2A_20210730T065629_R063_T39QXG_20210730T184548,2021-07-30 06:56:29.024000+00:00,2021-07,0.1158,1.25599,0.1862,1.3489814980052335,1.5957808238414257,0,1
S2B_MSIL2A_20210918T065619_R063_T39QXG_20210918T182437_0000.jpg,S2B_MSIL2A_20210918T065619_R063_T39QXG_20210918T182437,2021-09-18 06:56:19.024000+00:00,2021-09,0.0863333,0.761699,0.0376767,-1.7775705971277127,1.9351034747824432,0,1
S2B_MSIL2A_20210928T065649_R063_T39QXG_20210929T000956_0000.jpg,S2B_MSIL2A_20210928T065649_R063_T39QXG_20210929T000956,2021-09-28 06:56:49.024000+00:00,2021-09,0.069,0.498898,0.324155,0.7000952399538857,0.6678652666025973,0,1
S2B_MSIL2A_20220215T065949_R063_T39QXG_20220223T132730_0000.jpg,S2B_MSIL2A_20220215T065949_R063_T39QXG_20220223T132730,2022-02-15 06:59:49.024000+00:00,2022-02,0.0672,0.43615,0.158894,158894000.0,436149999.99999994,0,1
S2B_MSIL2A_20220307T065729_R063_T39QXG_20220307T200029_0000.jpg,S2B_MSIL2A_20220307T065729_R063_T39QXG_20220307T200029,2022-03-07 06:57:29.024000+00:00,2022-03,0.0548667,0.284878,0.396263,1.6229763290827621,-0.6744907385454808,0,1
S2B_MSIL2A_20220307T065729_R063_T39QXG_20240524T222725_0000.jpg,S2B_MSIL2A_20220307T065729_R063_T39QXG_20240524T222725,2022-03-07 06:57:29.024000+00:00,2022-03,0.0548667,0.284878,0.396263,1.6229763290827621,-0.6744907385454808,0,1
S2B_MSIL2A_20220814T065629_R063_T39QXG_20220814T151723_0000.jpg,S2B_MSIL2A_20220814T065629_R063_T39QXG_20220814T151723,2022-08-14 06:56:29.024000+00:00,2022-08,0.104,1.05633,0.35977,0.0,0.0,0,1
S2B_MSIL2A_20220814T065629_R063_T39QXG_20240704T011425_0000.jpg,S2B_MSIL2A_20220814T065629_R063_T39QXG_20240704T011425,2022-08-14 06:56:29.024000+00:00,2022-08,0.104,1.05633,0.35977,0.0,0.0,0,1
S2B_MSIL2A_20220923T065629_R063_T39QXG_20220924T000152_0000.jpg,S2B_MSIL2A_20220923T065629_R063_T39QXG_20220924T000152,2022-09-23 06:56:29.024000+00:00,2022-09,0.0947,0.90228,0.405033,1.4522788664616704,0.6744907555781421,0,1
S2B_MSIL2A_20220923T065629_R063_T39QXG_20240725T151945_0000.jpg,S2B_MSIL2A_20220923T065629_R063_T39QXG_20240725T151945,2022-09-23 06:56:29.024000+00:00,2022-09,0.0947,0.90228,0.405033,1.4522788664616704,0.6744907555781421,0,1
S2B_MSIL2A_20230131T070119_R063_T39QXG_20230131T235314_0000.jpg,S2B_MSIL2A_20230131T070119_R063_T39QXG_20230131T235314,2023-01-31 07:01:19.024000+00:00,2023-01,0.0776,0.631228,0.49849,0.0,0.0,0,1
S2B_MSIL2A_20230312T065709_R063_T39QXG_20230312T141426_0000.jpg,S2B_MSIL2A_20230312T065709_R063_T39QXG_20230312T141426,2023-03-12 06:57:09.025000+00:00,2023-03,0.084,0.706723,0.45004,0.0,0.0,0,1
S2B_MSIL2A_20230312T065709_R063_T39QXG_20240818T170744_0000.jpg,S2B_MSIL2A_20230312T065709_R063_T39QXG_20240818T170744,2023-03-12 06:57:09.025000+00:00,2023-03,0.084,0.706723,0.45004,0.0,0.0,0,1
S2B_MSIL2A_20230908T065629_R063_T39QXG_20230908T143733_0000.jpg,S2B_MSIL2A_20230908T065629_R063_T39QXG_20230908T143733,2023-09-08 06:56:29.024000+00:00,2023-09,0.0688,0.498617,0.349825,0.6744907246074482,0.0,0,1
S2B_MSIL2A_20230908T065629_R063_T39QXG_20241023T151834_0000.jpg,S2B_MSIL2A_20230908T065629_R063_T39QXG_20241023T151834,2023-09-08 06:56:29.024000+00:00,2023-09,0.0688,0.498617,0.349825,0.6744907246074482,0.0,0,1
S2B_MSIL2A_20230928T065649_R063_T39QXG_20230928T122354_0000.jpg,S2B_MSIL2A_20230928T065649_R063_T39QXG_20230928T122354,2023-09-28 06:56:49.024000+00:00,2023-09,0.0725,0.542174,0.336778,0.0,1.0104312334782066,0,1
S2B_MSIL2A_20230928T065649_R063_T39QXG_20241102T043937_0000.jpg,S2B_MSIL2A_20230928T065649_R063_T39QXG_20241102T043937,2023-09-28 06:56:49.024000+00:00,2023-09,0.0725,0.542174,0.336778,0.0,1.0104312334782066,0,1
S2B_MSIL2A_20231227T070309_R063_T39QXG_20231227T102112_0000.jpg,S2B_MSIL2A_20231227T070309_R063_T39QXG_20231227T102112,2023-12-27 07:03:09.024000+00:00,2023-12,0.0667,0.471971,0.220328,0.0,0.0,0,1
S2B_MSIL2A_20240215T065959_R063_T39QXG_20240215T111952_0000.jpg,S2B_MSIL2A_20240215T065959_R063_T39QXG_20240215T111952,2024-02-15 06:59:59.024000+00:00,2024-02,0.0726667,0.548678,0.252118,0.0,0.0,0,1
S2B_MSIL2A_20240306T065739_R063_T39QXG_20240306T111016_0000.jpg,S2B_MSIL2A_20240306T065739_R063_T39QXG_20240306T111016,2024-03-06 06:57:39.024000+00:00,2024-03,0.0607,0.413927,0.361725,5.7612640193126285,0.9194381018581472,0,1
S2B_MSIL2A_20240624T065629_R063_T39QXG_20240624T103302_0000.jpg,S2B_MSIL2A_20240624T065629_R063_T39QXG_20240624T103302,2024-06-24 06:56:29.024000+00:00,2024-06,0.0898,0.53855,0.47588,0.0,0.0,0,1
S2B_MSIL2A_20240714T065619_R063_T39QXG_20240714T115201_0000.jpg,S2B_MSIL2A_20240714T065619_R063_T39QXG_20240714T115201,2024-07-14 06:56:19.024000+00:00,2024-07,0.095,0.904828,0.217735,0.6744907552977744,1.1711640134149532,0,1
S2B_MSIL2A_20240823T065619_R063_T39QXG_20240823T113539_0000.jpg,S2B_MSIL2A_20240823T065619_R063_T39QXG_20240823T113539,2024-08-23 06:56:19.024000+00:00,2024-08,0.1188,1.30953,,-4.453007472829603,0.9804188824066671,0,1
S2B_MSIL2A_20240922T065619_R063_T39QXG_20240922T102739_0000.jpg,S2B_MSIL2A_20240922T065619_R063_T39QXG_20240922T102739,2024-09-22 06:56:19.024000+00:00,2024-09,0.0998667,0.988476,0.395725,0.6744854073098349,2.153077562277401,0,1
S2B_MSIL2A_20250110T070149_R063_T39QXG_20250110T091744_0000.jpg,S2B_MSIL2A_20250110T070149_R063_T39QXG_20250110T091744,2025-01-10 07:01:49.024000+00:00,2025-01,0.077,0.627444,,0.0,0.0,0,1
S2C_MSIL2A_20250125T070221_R063_T39QXG_20250125T110112_0000.jpg,S2C_MSIL2A_20250125T070221_R063_T39QXG_20250125T110112,2025-01-25 07:02:21.025000+00:00,2025-01,0.077,0.627444,,0.0,0.0,0,1
