tile,scene_id,datetime,ndwi_mean,ndwi_std,fai_mean,fai_std,rednir_mean,rednir_std,valid_px,chip_id,month_key,chlor_a,kd490,flh,sst,nflh,year,month_num,month_sin,month_cos,season,season_winter,season_spring,season_summer,season_autumn,log_kd490,log_chlor_a,log_nflh,ratio_chl_kd,chl_times_nflh,ratio_nflh_kd,fai_mean_rm_mean,fai_mean_anom_rm,fai_mean_z_rm,rednir_mean_rm_mean,rednir_mean_anom_rm,rednir_mean_z_rm,ndwi_mean_rm_mean,ndwi_mean_anom_rm,ndwi_mean_z_rm,kd490_rm_mean,kd490_anom_rm,kd490_z_rm,chlor_a_rm_mean,chlor_a_anom_rm,chlor_a_z_rm,nflh_rm_mean,nflh_anom_rm,nflh_z_rm,sst_rm_mean,sst_anom_rm,sst_z_rm,month_sin_rm_mean,month_sin_anom_rm,month_sin_z_rm,month_cos_rm_mean,month_cos_anom_rm,month_cos_z_rm,ndwi_std_rm_mean,ndwi_std_anom_rm,ndwi_std_z_rm,rednir_std_rm_mean,rednir_std_anom_rm,rednir_std_z_rm,month_num_rm_mean,month_num_anom_rm,month_num_z_rm,sst_clim_rm_rm_mean,sst_clim_rm_anom_rm,sst_clim_rm_z_rm,sst_anom_rm_mean,sst_anom_anom_rm,sst_anom_z_rm,sst_anom_z_rm_mean,sst_anom_z_anom_rm,sst_anom_z_z_rm,log_kd490_rm_mean,log_kd490_anom_rm,log_kd490_z_rm,log_chlor_a_rm_mean,log_chlor_a_anom_rm,log_chlor_a_z_rm,log_nflh_rm_mean,log_nflh_anom_rm,log_nflh_z_rm,ratio_chl_kd_rm_mean,ratio_chl_kd_anom_rm,ratio_chl_kd_z_rm,chl_times_nflh_rm_mean,chl_times_nflh_anom_rm,chl_times_nflh_z_rm,ratio_nflh_kd_rm_mean,ratio_nflh_kd_anom_rm,ratio_nflh_kd_z_rm,sst_anom_x_chlor_a_rm_mean,sst_anom_x_chlor_a_anom_rm,sst_anom_x_chlor_a_z_rm,sst_anom_x_nflh_rm_mean,sst_anom_x_nflh_anom_rm,sst_anom_x_nflh_z_rm,sst_anom_x_fai_mean_rm_mean,sst_anom_x_fai_mean_anom_rm,sst_anom_x_fai_mean_z_rm,sst_anom_x_kd490_rm_mean,sst_anom_x_kd490_anom_rm,sst_anom_x_kd490_z_rm,sst_anom_x_month_sin_rm_mean,sst_anom_x_month_sin_anom_rm,sst_anom_x_month_sin_z_rm,sst_anom_x_month_cos_rm_mean,sst_anom_x_month_cos_anom_rm,sst_anom_x_month_cos_z_rm,p_tab_missing,fai_mean_missing,rednir_mean_missing,ndwi_mean_missing,kd490_missing,chlor_a_missing,nflh_missing,sst_missing,month_sin_missing,month_cos_missing,ndwi_std_missing,rednir_std_missing,month_num_missing,sst_clim_rm_missing,sst_anom_missing,sst_anom_z_missing,log_kd490_missing,log_chlor_a_missing,log_nflh_missing,ratio_chl_kd_missing,chl_times_nflh_missing,ratio_nflh_kd_missing,sst_anom_x_chlor_a_missing,sst_anom_x_nflh_missing,sst_anom_x_fai_mean_missing,sst_anom_x_kd490_missing,sst_anom_x_month_sin_missing,sst_anom_x_month_cos_missing,fai_mean_rm_mean_missing,fai_mean_anom_rm_missing,fai_mean_z_rm_missing,rednir_mean_rm_mean_missing,rednir_mean_anom_rm_missing,rednir_mean_z_rm_missing,ndwi_mean_rm_mean_missing,ndwi_mean_anom_rm_missing,ndwi_mean_z_rm_missing,kd490_rm_mean_missing,kd490_anom_rm_missing,kd490_z_rm_missing,chlor_a_rm_mean_missing,chlor_a_anom_rm_missing,chlor_a_z_rm_missing,nflh_rm_mean_missing,nflh_anom_rm_missing,nflh_z_rm_missing,sst_rm_mean_missing,sst_anom_rm_missing,sst_z_rm_missing,month_sin_rm_mean_missing,month_sin_anom_rm_missing,month_sin_z_rm_missing,month_cos_rm_mean_missing,month_cos_anom_rm_missing,month_cos_z_rm_missing,ndwi_std_rm_mean_missing,ndwi_std_anom_rm_missing,ndwi_std_z_rm_missing,rednir_std_rm_mean_missing,rednir_std_anom_rm_missing,rednir_std_z_rm_missing,month_num_rm_mean_missing,month_num_anom_rm_missing,month_num_z_rm_missing,sst_clim_rm_rm_mean_missing,sst_clim_rm_anom_rm_missing,sst_clim_rm_z_rm_missing,sst_anom_rm_mean_missing,sst_anom_anom_rm_missing,sst_anom_z_rm_missing,sst_anom_z_rm_mean_missing,sst_anom_z_anom_rm_missing,sst_anom_z_z_rm_missing,log_kd490_rm_mean_missing,log_kd490_anom_rm_missing,log_kd490_z_rm_missing,log_chlor_a_rm_mean_missing,log_chlor_a_anom_rm_missing,log_chlor_a_z_rm_missing,log_nflh_rm_mean_missing,log_nflh_anom_rm_missing,log_nflh_z_rm_missing,ratio_chl_kd_rm_mean_missing,ratio_chl_kd_anom_rm_missing,ratio_chl_kd_z_rm_missing,chl_times_nflh_rm_mean_missing,chl_times_nflh_anom_rm_missing,chl_times_nflh_z_rm_missing,ratio_nflh_kd_rm_mean_missing,ratio_nflh_kd_anom_rm_missing,ratio_nflh_kd_z_rm_missing,sst_anom_x_chlor_a_rm_mean_missing,sst_anom_x_chlor_a_anom_rm_missing,sst_anom_x_chlor_a_z_rm_missing,sst_anom_x_nflh_rm_mean_missing,sst_anom_x_nflh_anom_rm_missing,sst_anom_x_nflh_z_rm_missing,sst_anom_x_fai_mean_rm_mean_missing,sst_anom_x_fai_mean_anom_rm_missing,sst_anom_x_fai_mean_z_rm_missing,sst_anom_x_kd490_rm_mean_missing,sst_anom_x_kd490_anom_rm_missing,sst_anom_x_kd490_z_rm_missing,sst_anom_x_month_sin_rm_mean_missing,sst_anom_x_month_sin_anom_rm_missing,sst_anom_x_month_sin_z_rm_missing,sst_anom_x_month_cos_rm_mean_missing,sst_anom_x_month_cos_anom_rm_missing,sst_anom_x_month_cos_z_rm_missing,hab_prob,month,p_frcnn_r50_med,p_frcnn_mb_med,p_ssd_mb_med,p_frcnn_r50_med_missing,p_frcnn_mb_med_missing,p_ssd_mb_med_missing
S2A_MSIL2A_20250116T063221_R077_T40QGL_20250116T093252_0000.jpg,S2A_MSIL2A_20250116T063221_R077_T40QGL_20250116T093252,2025-01-16 06:32:21.024000+00:00,-0.1157608330249786,2.2351741790771484e-08,0.016783595085144,0.0,0.9146977066993712,5.960464477539065e-08,16384,2025-01_50ff6bac3779d446,2025-01,0.227893,0.0544,0.158235,26.34,0.158235,2025,1,0.4999999999999999,0.8660254037844387,winter,1,0,0,0,-2.91139112512024,-1.478879058428197,-1.8436740091802553,4.18920955882353,0.036060648855,2.908731617647059,0.0,0.0,0.0,0.0,0.0,0.0,0.0,0.0,0.0,0.0,0.0,0.0,0.0,0.0,0.0,0.0,0.0,0.0,0.0,0.0,0.0,0.0,0.0,0.0,0.0,0.0,0.0,0.0,0.0,0.0,0.0,0.0,0.0,0.0,0.0,0.0,0.0,0.0,0.0,0.0,0.0,0.0,0.0,0.0,0.0,0.0,0.0,0.0,0.0,0.0,0.0,0.0,0.0,0.0,0.0,0.0,0.0,0.0,0.0,0.0,0.0,0.0,0.0,0.0,0.0,0.0,0.0,0.0,0.0,0.0,0.0,0.0,0.0,0.0,0.0,0.0,0.0,0.0,0.0,0.0,0.0,0.0,0.0,0.0,0.0,0.0,0.0,0.0,0.0,0.0,0.0,0.0,0.0,0.0,0.0,0.0,0.0,0.0,0.0,0.0,0.0,0.0,0.0,0.0,0.0,0.0,0.0,0.0,0.0,0.0,0.0,0.0,0.0,0.0,0.0,0.0,0.0,0.0,0.0,0.0,0.0,0.0,0.0,0.0,0.0,0.0,0.0,0.0,0.0,0.0,0.0,0.0,0.0,0.0,0.0,0.0,0.0,0.0,0.0,0.0,0.0,0.0,0.0,0.0,0.0,0.0,0.0,0.0,0.0,0.0,0.0,0.0,0.0,0.0,0.0,0.0,0.0,0.0,0.0,0.0,0.0,0.0,0.0,0.0,0.0,0.0,0.0,0.0,0.0,0.0,0.0,0.0,0.0,0.0,0.0,0.0,0.0,0.0,0.0,0.0,0.0,0.0,0.0,0.0,0.0,0.0,0.0,0.0,0.0,0.0,0.25170842446476,2025-01,0.9647690653800964,0.3218849599361419,0.4316497147083282,0.0,0.0,0.0
S2A_MSIL2A_20250116T063221_R077_T40QGL_20250116T093252_0001.jpg,S2A_MSIL2A_20250116T063221_R077_T40QGL_20250116T093252,2025-01-16 06:32:21.024000+00:00,-0.1157608330249786,2.2351741790771484e-08,0.016783595085144,0.0,0.9146977066993712,5.960464477539065e-08,16384,2025-01_fd29905fb9a1e2a3,2025-01,0.227893,0.0544,0.158235,26.34,0.158235,2025,1,0.4999999999999999,0.8660254037844387,winter,1,0,0,0,-2.91139112512024,-1.478879058428197,-1.8436740091802553,4.18920955882353,0.036060648855,2.908731617647059,0.0,0.0,0.0,0.0,0.0,0.0,0.0,0.0,0.0,0.0,0.0,0.0,0.0,0.0,0.0,0.0,0.0,0.0,0.0,0.0,0.0,0.0,0.0,0.0,0.0,0.0,0.0,0.0,0.0,0.0,0.0,0.0,0.0,0.0,0.0,0.0,0.0,0.0,0.0,0.0,0.0,0.0,0.0,0.0,0.0,0.0,0.0,0.0,0.0,0.0,0.0,0.0,0.0,0.0,0.0,0.0,0.0,0.0,0.0,0.0,0.0,0.0,0.0,0.0,0.0,0.0,0.0,0.0,0.0,0.0,0.0,0.0,0.0,0.0,0.0,0.0,0.0,0.0,0.0,0.0,0.0,0.0,0.0,0.0,0.0,0.0,0.0,0.0,0.0,0.0,0.0,0.0,0.0,0.0,0.0,0.0,0.0,0.0,0.0,0.0,0.0,0.0,0.0,0.0,0.0,0.0,0.0,0.0,0.0,0.0,0.0,0.0,0.0,0.0,0.0,0.0,0.0,0.0,0.0,0.0,0.0,0.0,0.0,0.0,0.0,0.0,0.0,0.0,0.0,0.0,0.0,0.0,0.0,0.0,0.0,0.0,0.0,0.0,0.0,0.0,0.0,0.0,0.0,0.0,0.0,0.0,0.0,0.0,0.0,0.0,0.0,0.0,0.0,0.0,0.0,0.0,0.0,0.0,0.0,0.0,0.0,0.0,0.0,0.0,0.0,0.0,0.0,0.0,0.0,0.0,0.0,0.0,0.0,0.0,0.0,0.0,0.0,0.0,0.0,0.0,0.0,0.0,0.0,0.0,0.0,0.0,0.0,0.0,0.0,0.0,0.25170842446476,2025-01,0.9256924986839294,0.2798635959625244,0.4395354390144348,0.0,0.0,0.0
S2B_MSIL2A_20250121T063059_R077_T40QGL_20250121T091004_0000.jpg,S2B_MSIL2A_20250121T063059_R077_T40QGL_20250121T091004,2025-01-21 06:30:59.024000+00:00,-0.1208863034844398,1.4901161193847656e-08,0.0208131074905395,0.0,0.9209079146385192,0.0,16384,2025-01_1ecfecffc9beb5be,2025-01,0.0,0.0,,26.18,0.0,2025,1,0.4999999999999999,0.8660254037844387,winter,1,0,0,0,0.0,0.0,0.0,0.0,0.0,0.0,0.0,0.0,0.0,0.0,0.0,0.0,0.0,0.0,0.0,0.0,0.0,0.0,0.0,0.0,0.0,0.0,0.0,0.0,0.0,0.0,0.0,0.0,0.0,0.0,0.0,0.0,0.0,0.0,0.0,0.0,0.0,0.0,0.0,0.0,0.0,0.0,0.0,0.0,0.0,0.0,0.0,0.0,0.0,0.0,0.0,0.0,0.0,0.0,0.0,0.0,0.0,0.0,0.0,0.0,0.0,0.0,0.0,0.0,0.0,0.0,0.0,0.0,0.0,0.0,0.0,0.0,0.0,0.0,0.0,0.0,0.0,0.0,0.0,0.0,0.0,0.0,0.0,0.0,0.0,0.0,0.0,0.0,0.0,0.0,0.0,0.0,0.0,0.0,0.0,0.0,0.0,0.0,0.0,0.0,0.0,0.0,0.0,0.0,0.0,0.0,0.0,0.0,0.0,0.0,0.0,0.0,0.0,0.0,0.0,0.0,0.0,0.0,0.0,0.0,0.0,0.0,0.0,0.0,0.0,0.0,0.0,0.0,0.0,0.0,0.0,0.0,0.0,0.0,0.0,0.0,0.0,0.0,0.0,0.0,0.0,0.0,0.0,0.0,0.0,0.0,0.0,0.0,0.0,0.0,0.0,0.0,0.0,0.0,0.0,0.0,0.0,0.0,0.0,0.0,0.0,0.0,0.0,0.0,0.0,0.0,0.0,0.0,0.0,0.0,0.0,0.0,0.0,0.0,0.0,0.0,0.0,0.0,0.0,0.0,0.0,0.0,0.0,0.0,0.0,0.0,0.0,0.0,0.0,0.0,0.0,0.0,0.0,0.0,0.0,0.0,0.5663088480838148,2025-01,0.9634929299354552,0.3195563554763794,0.3814020156860351,0.0,0.0,0.0
S2B_MSIL2A_20250121T063059_R077_T40QGL_20250121T091004_0001.jpg,S2B_MSIL2A_20250121T063059_R077_T40QGL_20250121T091004,2025-01-21 06:30:59.024000+00:00,-0.1208863034844398,1.4901161193847656e-08,0.0208131074905395,0.0,0.9209079146385192,0.0,16384,2025-01_baf59e497653aa87,2025-01,0.0,0.0,,26.18,0.0,2025,1,0.4999999999999999,0.8660254037844387,winter,1,0,0,0,0.0,0.0,0.0,0.0,0.0,0.0,0.0,0.0,0.0,0.0,0.0,0.0,0.0,0.0,0.0,0.0,0.0,0.0,0.0,0.0,0.0,0.0,0.0,0.0,0.0,0.0,0.0,0.0,0.0,0.0,0.0,0.0,0.0,0.0,0.0,0.0,0.0,0.0,0.0,0.0,0.0,0.0,0.0,0.0,0.0,0.0,0.0,0.0,0.0,0.0,0.0,0.0,0.0,0.0,0.0,0.0,0.0,0.0,0.0,0.0,0.0,0.0,0.0,0.0,0.0,0.0,0.0,0.0,0.0,0.0,0.0,0.0,0.0,0.0,0.0,0.0,0.0,0.0,0.0,0.0,0.0,0.0,0.0,0.0,0.0,0.0,0.0,0.0,0.0,0.0,0.0,0.0,0.0,0.0,0.0,0.0,0.0,0.0,0.0,0.0,0.0,0.0,0.0,0.0,0.0,0.0,0.0,0.0,0.0,0.0,0.0,0.0,0.0,0.0,0.0,0.0,0.0,0.0,0.0,0.0,0.0,0.0,0.0,0.0,0.0,0.0,0.0,0.0,0.0,0.0,0.0,0.0,0.0,0.0,0.0,0.0,0.0,0.0,0.0,0.0,0.0,0.0,0.0,0.0,0.0,0.0,0.0,0.0,0.0,0.0,0.0,0.0,0.0,0.0,0.0,0.0,0.0,0.0,0.0,0.0,0.0,0.0,0.0,0.0,0.0,0.0,0.0,0.0,0.0,0.0,0.0,0.0,0.0,0.0,0.0,0.0,0.0,0.0,0.0,0.0,0.0,0.0,0.0,0.0,0.0,0.0,0.0,0.0,0.0,0.0,0.0,0.0,0.0,0.0,0.0,0.0,0.5663088480838148,2025-01,0.9089031219482422,0.3310891687870025,0.4010502398014068,0.0,0.0,0.0
S2C_MSIL2A_20250307T062751_R077_T40QGL_20250307T094002_0000.jpg,S2C_MSIL2A_20250307T062751_R077_T40QGL_20250307T094002,2025-03-07 06:27:51.025000+00:00,-0.1185466945171356,2.9802322387695312e-08,0.0197868645191192,0.0,0.9173763394355774,1.1920928955078125e-07,16384,2025-03_5e9eb7b3e20b8b47,2025-03,0.144128,0.0362,0.0810975,29.035,0.0810975,2025,3,1.0,6.123233995736766e-17,spring,0,1,0,0,-3.3186961601504117,-1.9370534853450212,-2.5121031444764723,3.9814364640883975,0.01168842048,2.2402624309392265,0.0,0.0,0.0,0.0,0.0,0.0,0.0,0.0,0.0,0.0,0.0,0.0,0.0,0.0,0.0,0.0,0.0,0.0,0.0,0.0,0.0,0.0,0.0,0.0,0.0,0.0,0.0,0.0,0.0,0.0,0.0,0.0,0.0,0.0,0.0,0.0,0.0,0.0,0.0,0.0,0.0,0.0,0.0,0.0,0.0,0.0,0.0,0.0,0.0,0.0,0.0,0.0,0.0,0.0,0.0,0.0,0.0,0.0,0.0,0.0,0.0,0.0,0.0,0.0,0.0,0.0,0.0,0.0,0.0,0.0,0.0,0.0,0.0,0.0,0.0,0.0,0.0,0.0,0.0,0.0,0.0,0.0,0.0,0.0,0.0,0.0,0.0,0.0,0.0,0.0,0.0,0.0,0.0,0.0,0.0,0.0,0.0,0.0,0.0,0.0,0.0,0.0,0.0,0.0,0.0,0.0,0.0,0.0,0.0,0.0,0.0,0.0,0.0,0.0,0.0,0.0,0.0,0.0,0.0,0.0,0.0,0.0,0.0,0.0,0.0,0.0,0.0,0.0,0.0,0.0,0.0,0.0,0.0,0.0,0.0,0.0,0.0,0.0,0.0,0.0,0.0,0.0,0.0,0.0,0.0,0.0,0.0,0.0,0.0,0.0,0.0,0.0,0.0,0.0,0.0,0.0,0.0,0.0,0.0,0.0,0.0,0.0,0.0,0.0,0.0,0.0,0.0,0.0,0.0,0.0,0.0,0.0,0.0,0.0,0.0,0.0,0.0,0.0,0.0,0.0,0.0,0.0,0.0,0.0,0.0,0.0,0.0,0.0,0.0,0.0,0.2609573524251093,2025-03,0.9668606519699096,0.2959486544132232,0.4285311698913574,0.0,0.0,0.0
S2C_MSIL2A_20250307T062751_R077_T40QGL_20250307T094002_0001.jpg,S2C_MSIL2A_20250307T062751_R077_T40QGL_20250307T094002,2025-03-07 06:27:51.025000+00:00,-0.1185466945171356,2.9802322387695312e-08,0.0197868645191192,0.0,0.9173763394355774,1.1920928955078125e-07,16384,2025-03_e7f2fdea0d0cc425,2025-03,0.144128,0.0362,0.0810975,29.035,0.0810975,2025,3,1.0,6.123233995736766e-17,spring,0,1,0,0,-3.3186961601504117,-1.9370534853450212,-2.5121031444764723,3.9814364640883975,0.01168842048,2.2402624309392265,0.0,0.0,0.0,0.0,0.0,0.0,0.0,0.0,0.0,0.0,0.0,0.0,0.0,0.0,0.0,0.0,0.0,0.0,0.0,0.0,0.0,0.0,0.0,0.0,0.0,0.0,0.0,0.0,0.0,0.0,0.0,0.0,0.0,0.0,0.0,0.0,0.0,0.0,0.0,0.0,0.0,0.0,0.0,0.0,0.0,0.0,0.0,0.0,0.0,0.0,0.0,0.0,0.0,0.0,0.0,0.0,0.0,0.0,0.0,0.0,0.0,0.0,0.0,0.0,0.0,0.0,0.0,0.0,0.0,0.0,0.0,0.0,0.0,0.0,0.0,0.0,0.0,0.0,0.0,0.0,0.0,0.0,0.0,0.0,0.0,0.0,0.0,0.0,0.0,0.0,0.0,0.0,0.0,0.0,0.0,0.0,0.0,0.0,0.0,0.0,0.0,0.0,0.0,0.0,0.0,0.0,0.0,0.0,0.0,0.0,0.0,0.0,0.0,0.0,0.0,0.0,0.0,0.0,0.0,0.0,0.0,0.0,0.0,0.0,0.0,0.0,0.0,0.0,0.0,0.0,0.0,0.0,0.0,0.0,0.0,0.0,0.0,0.0,0.0,0.0,0.0,0.0,0.0,0.0,0.0,0.0,0.0,0.0,0.0,0.0,0.0,0.0,0.0,0.0,0.0,0.0,0.0,0.0,0.0,0.0,0.0,0.0,0.0,0.0,0.0,0.0,0.0,0.0,0.0,0.0,0.0,0.0,0.0,0.0,0.0,0.0,0.0,0.0,0.0,0.0,0.0,0.0,0.0,0.0,0.0,0.0,0.0,0.0,0.0,0.0,0.2609573524251093,2025-03,0.9063876867294312,0.2810477614402771,0.4472634792327881,0.0,0.0,0.0
S2B_MSIL2A_20250322T062629_R077_T40QGL_20250322T083211_0000.jpg,S2B_MSIL2A_20250322T062629_R077_T40QGL_20250322T083211,2025-03-22 06:26:29.024000+00:00,-0.1272947937250137,0.0,0.0203573703765869,0.0,0.9071636199951172,0.0,16384,2025-03_719dee6a7d9101d3,2025-03,0.128201,0.0334,0.0887899,29.4,0.0887899,2025,3,1.0,6.123233995736766e-17,spring,0,1,0,0,-3.3991993789994823,-2.054155934213977,-2.421482374191492,3.838353293413174,0.0113829539699,2.6583802395209584,0.0,0.0,0.0,0.0,0.0,0.0,0.0,0.0,0.0,0.0,0.0,0.0,0.0,0.0,0.0,0.0,0.0,0.0,0.0,0.0,0.0,0.0,0.0,0.0,0.0,0.0,0.0,0.0,0.0,0.0,0.0,0.0,0.0,0.0,0.0,0.0,0.0,0.0,0.0,0.0,0.0,0.0,0.0,0.0,0.0,0.0,0.0,0.0,0.0,0.0,0.0,0.0,0.0,0.0,0.0,0.0,0.0,0.0,0.0,0.0,0.0,0.0,0.0,0.0,0.0,0.0,0.0,0.0,0.0,0.0,0.0,0.0,0.0,0.0,0.0,0.0,0.0,0.0,0.0,0.0,0.0,0.0,0.0,0.0,0.0,0.0,0.0,0.0,0.0,0.0,0.0,0.0,0.0,0.0,0.0,0.0,0.0,0.0,0.0,0.0,0.0,0.0,0.0,0.0,0.0,0.0,0.0,0.0,0.0,0.0,0.0,0.0,0.0,0.0,0.0,0.0,0.0,0.0,0.0,0.0,0.0,0.0,0.0,0.0,0.0,0.0,0.0,0.0,0.0,0.0,0.0,0.0,0.0,0.0,0.0,0.0,0.0,0.0,0.0,0.0,0.0,0.0,0.0,0.0,0.0,0.0,0.0,0.0,0.0,0.0,0.0,0.0,0.0,0.0,0.0,0.0,0.0,0.0,0.0,0.0,0.0,0.0,0.0,0.0,0.0,0.0,0.0,0.0,0.0,0.0,0.0,0.0,0.0,0.0,0.0,0.0,0.0,0.0,0.0,0.0,0.0,0.0,0.0,0.0,0.0,0.0,0.0,0.0,0.0,0.0,0.2826312478564207,2025-03,0.9669581055641174,0.2937686443328857,0.3798160552978515,0.0,0.0,0.0
S2B_MSIL2A_20250322T062629_R077_T40QGL_20250322T083211_0001.jpg,S2B_MSIL2A_20250322T062629_R077_T40QGL_20250322T083211,2025-03-22 06:26:29.024000+00:00,-0.1272947937250137,0.0,0.0203573703765869,0.0,0.9071636199951172,0.0,16384,2025-03_185d36f56f489b4d,2025-03,0.128201,0.0334,0.0887899,29.4,0.0887899,2025,3,1.0,6.123233995736766e-17,spring,0,1,0,0,-3.3991993789994823,-2.054155934213977,-2.421482374191492,3.838353293413174,0.0113829539699,2.6583802395209584,0.0,0.0,0.0,0.0,0.0,0.0,0.0,0.0,0.0,0.0,0.0,0.0,0.0,0.0,0.0,0.0,0.0,0.0,0.0,0.0,0.0,0.0,0.0,0.0,0.0,0.0,0.0,0.0,0.0,0.0,0.0,0.0,0.0,0.0,0.0,0.0,0.0,0.0,0.0,0.0,0.0,0.0,0.0,0.0,0.0,0.0,0.0,0.0,0.0,0.0,0.0,0.0,0.0,0.0,0.0,0.0,0.0,0.0,0.0,0.0,0.0,0.0,0.0,0.0,0.0,0.0,0.0,0.0,0.0,0.0,0.0,0.0,0.0,0.0,0.0,0.0,0.0,0.0,0.0,0.0,0.0,0.0,0.0,0.0,0.0,0.0,0.0,0.0,0.0,0.0,0.0,0.0,0.0,0.0,0.0,0.0,0.0,0.0,0.0,0.0,0.0,0.0,0.0,0.0,0.0,0.0,0.0,0.0,0.0,0.0,0.0,0.0,0.0,0.0,0.0,0.0,0.0,0.0,0.0,0.0,0.0,0.0,0.0,0.0,0.0,0.0,0.0,0.0,0.0,0.0,0.0,0.0,0.0,0.0,0.0,0.0,0.0,0.0,0.0,0.0,0.0,0.0,0.0,0.0,0.0,0.0,0.0,0.0,0.0,0.0,0.0,0.0,0.0,0.0,0.0,0.0,0.0,0.0,0.0,0.0,0.0,0.0,0.0,0.0,0.0,0.0,0.0,0.0,0.0,0.0,0.0,0.0,0.0,0.0,0.0,0.0,0.0,0.0,0.0,0.0,0.0,0.0,0.0,0.0,0.0,0.0,0.0,0.0,0.0,0.0,0.2708996587594342,2025-03,0.930098831653595,0.2892869114875793,0.4548313319683075,0.0,0.0,0.0
S2C_MSIL2A_20250406T062651_R077_T40QGL_20250406T111317_0000.jpg,S2C_MSIL2A_20250406T062651_R077_T40QGL_20250406T111317,2025-04-06 06:26:51.024000+00:00,-0.126394972205162,1.4901161193847656e-08,0.0211507976055145,0.0,0.9094781279563904,1.788139343261719e-07,16384,2025-04_3ff5da2caff7b095,2025-04,0.115195,0.0348,0.0990751,29.825,0.0990751,2025,4,0.8660254037844387,-0.4999999999999998,spring,0,1,0,0,-3.3581378922017087,-2.1611289344400517,-2.3118771305697865,3.310201149425288,0.0114129561445,2.8469856321839084,0.0,0.0,0.0,0.0,0.0,0.0,0.0,0.0,0.0,0.0,0.0,0.0,0.0,0.0,0.0,0.0,0.0,0.0,0.0,0.0,0.0,0.0,0.0,0.0,0.0,0.0,0.0,0.0,0.0,0.0,0.0,0.0,0.0,0.0,0.0,0.0,0.0,0.0,0.0,0.0,0.0,0.0,0.0,0.0,0.0,0.0,0.0,0.0,0.0,0.0,0.0,0.0,0.0,0.0,0.0,0.0,0.0,0.0,0.0,0.0,0.0,0.0,0.0,0.0,0.0,0.0,0.0,0.0,0.0,0.0,0.0,0.0,0.0,0.0,0.0,0.0,0.0,0.0,0.0,0.0,0.0,0.0,0.0,0.0,0.0,0.0,0.0,0.0,0.0,0.0,0.0,0.0,0.0,0.0,0.0,0.0,0.0,0.0,0.0,0.0,0.0,0.0,0.0,0.0,0.0,0.0,0.0,0.0,0.0,0.0,0.0,0.0,0.0,0.0,0.0,0.0,0.0,0.0,0.0,0.0,0.0,0.0,0.0,0.0,0.0,0.0,0.0,0.0,0.0,0.0,0.0,0.0,0.0,0.0,0.0,0.0,0.0,0.0,0.0,0.0,0.0,0.0,0.0,0.0,0.0,0.0,0.0,0.0,0.0,0.0,0.0,0.0,0.0,0.0,0.0,0.0,0.0,0.0,0.0,0.0,0.0,0.0,0.0,0.0,0.0,0.0,0.0,0.0,0.0,0.0,0.0,0.0,0.0,0.0,0.0,0.0,0.0,0.0,0.0,0.0,0.0,0.0,0.0,0.0,0.0,0.0,0.0,0.0,0.0,0.0,0.2723956365730959,2025-04,0.97687965631485,0.3146335184574127,0.4070067405700683,0.0,0.0,0.0
S2C_MSIL2A_20250406T062651_R077_T40QGL_20250406T111317_0001.jpg,S2C_MSIL2A_20250406T062651_R077_T40QGL_20250406T111317,2025-04-06 06:26:51.024000+00:00,-0.126394972205162,1.4901161193847656e-08,0.0211507976055145,0.0,0.9094781279563904,1.788139343261719e-07,16384,2025-04_cf1fcaaa7a970f87,2025-04,0.115195,0.0348,0.0990751,29.825,0.0990751,2025,4,0.8660254037844387,-0.4999999999999998,spring,0,1,0,0,-3.3581378922017087,-2.1611289344400517,-2.3118771305697865,3.310201149425288,0.0114129561445,2.8469856321839084,0.0,0.0,0.0,0.0,0.0,0.0,0.0,0.0,0.0,0.0,0.0,0.0,0.0,0.0,0.0,0.0,0.0,0.0,0.0,0.0,0.0,0.0,0.0,0.0,0.0,0.0,0.0,0.0,0.0,0.0,0.0,0.0,0.0,0.0,0.0,0.0,0.0,0.0,0.0,0.0,0.0,0.0,0.0,0.0,0.0,0.0,0.0,0.0,0.0,0.0,0.0,0.0,0.0,0.0,0.0,0.0,0.0,0.0,0.0,0.0,0.0,0.0,0.0,0.0,0.0,0.0,0.0,0.0,0.0,0.0,0.0,0.0,0.0,0.0,0.0,0.0,0.0,0.0,0.0,0.0,0.0,0.0,0.0,0.0,0.0,0.0,0.0,0.0,0.0,0.0,0.0,0.0,0.0,0.0,0.0,0.0,0.0,0.0,0.0,0.0,0.0,0.0,0.0,0.0,0.0,0.0,0.0,0.0,0.0,0.0,0.0,0.0,0.0,0.0,0.0,0.0,0.0,0.0,0.0,0.0,0.0,0.0,0.0,0.0,0.0,0.0,0.0,0.0,0.0,0.0,0.0,0.0,0.0,0.0,0.0,0.0,0.0,0.0,0.0,0.0,0.0,0.0,0.0,0.0,0.0,0.0,0.0,0.0,0.0,0.0,0.0,0.0,0.0,0.0,0.0,0.0,0.0,0.0,0.0,0.0,0.0,0.0,0.0,0.0,0.0,0.0,0.0,0.0,0.0,0.0,0.0,0.0,0.0,0.0,0.0,0.0,0.0,0.0,0.0,0.0,0.0,0.0,0.0,0.0,0.0,0.0,0.0,0.0,0.0,0.0,0.2841667606407677,2025-04,0.9075916409492492,0.2113551050424575,0.3851439654827118,0.0,0.0,0.0
S2C_MSIL2A_20250416T062651_R077_T40QGL_20250416T113912_0000.jpg,S2C_MSIL2A_20250416T062651_R077_T40QGL_20250416T113912,2025-04-16 06:26:51.025000+00:00,-0.1217337772250175,7.450580596923828e-09,0.0229704976081848,0.0,0.9184730648994446,1.1920928955078125e-07,16384,2025-04_fc0f6715525c01b3,2025-04,0.0690187,0.0248,0.0264001,31.835,0.0264001,2025,4,0.8660254037844387,-0.4999999999999998,spring,0,1,0,0,-3.6969116258112007,-2.673377796609918,-3.6343874809582526,2.783012096774194,0.00182210058187,1.0645201612903226,0.0,0.0,0.0,0.0,0.0,0.0,0.0,0.0,0.0,0.0,0.0,0.0,0.0,0.0,0.0,0.0,0.0,0.0,0.0,0.0,0.0,0.0,0.0,0.0,0.0,0.0,0.0,0.0,0.0,0.0,0.0,0.0,0.0,0.0,0.0,0.0,0.0,0.0,0.0,0.0,0.0,0.0,0.0,0.0,0.0,0.0,0.0,0.0,0.0,0.0,0.0,0.0,0.0,0.0,0.0,0.0,0.0,0.0,0.0,0.0,0.0,0.0,0.0,0.0,0.0,0.0,0.0,0.0,0.0,0.0,0.0,0.0,0.0,0.0,0.0,0.0,0.0,0.0,0.0,0.0,0.0,0.0,0.0,0.0,0.0,0.0,0.0,0.0,0.0,0.0,0.0,0.0,0.0,0.0,0.0,0.0,0.0,0.0,0.0,0.0,0.0,0.0,0.0,0.0,0.0,0.0,0.0,0.0,0.0,0.0,0.0,0.0,0.0,0.0,0.0,0.0,0.0,0.0,0.0,0.0,0.0,0.0,0.0,0.0,0.0,0.0,0.0,0.0,0.0,0.0,0.0,0.0,0.0,0.0,0.0,0.0,0.0,0.0,0.0,0.0,0.0,0.0,0.0,0.0,0.0,0.0,0.0,0.0,0.0,0.0,0.0,0.0,0.0,0.0,0.0,0.0,0.0,0.0,0.0,0.0,0.0,0.0,0.0,0.0,0.0,0.0,0.0,0.0,0.0,0.0,0.0,0.0,0.0,0.0,0.0,0.0,0.0,0.0,0.0,0.0,0.0,0.0,0.0,0.0,0.0,0.0,0.0,0.0,0.0,0.0,0.3819806246612627,2025-04,0.9743998050689696,0.3208813369274139,0.4559073448181152,0.0,0.0,0.0
S2C_MSIL2A_20250416T062651_R077_T40QGL_20250416T113912_0001.jpg,S2C_MSIL2A_20250416T062651_R077_T40QGL_20250416T113912,2025-04-16 06:26:51.025000+00:00,-0.1217337772250175,7.450580596923828e-09,0.0229704976081848,0.0,0.9184730648994446,1.1920928955078125e-07,16384,2025-04_61f4fd0fa32a75a2,2025-04,0.0690187,0.0248,0.0264001,31.835,0.0264001,2025,4,0.8660254037844387,-0.4999999999999998,spring,0,1,0,0,-3.6969116258112007,-2.673377796609918,-3.6343874809582526,2.783012096774194,0.00182210058187,1.0645201612903226,0.0,0.0,0.0,0.0,0.0,0.0,0.0,0.0,0.0,0.0,0.0,0.0,0.0,0.0,0.0,0.0,0.0,0.0,0.0,0.0,0.0,0.0,0.0,0.0,0.0,0.0,0.0,0.0,0.0,0.0,0.0,0.0,0.0,0.0,0.0,0.0,0.0,0.0,0.0,0.0,0.0,0.0,0.0,0.0,0.0,0.0,0.0,0.0,0.0,0.0,0.0,0.0,0.0,0.0,0.0,0.0,0.0,0.0,0.0,0.0,0.0,0.0,0.0,0.0,0.0,0.0,0.0,0.0,0.0,0.0,0.0,0.0,0.0,0.0,0.0,0.0,0.0,0.0,0.0,0.0,0.0,0.0,0.0,0.0,0.0,0.0,0.0,0.0,0.0,0.0,0.0,0.0,0.0,0.0,0.0,0.0,0.0,0.0,0.0,0.0,0.0,0.0,0.0,0.0,0.0,0.0,0.0,0.0,0.0,0.0,0.0,0.0,0.0,0.0,0.0,0.0,0.0,0.0,0.0,0.0,0.0,0.0,0.0,0.0,0.0,0.0,0.0,0.0,0.0,0.0,0.0,0.0,0.0,0.0,0.0,0.0,0.0,0.0,0.0,0.0,0.0,0.0,0.0,0.0,0.0,0.0,0.0,0.0,0.0,0.0,0.0,0.0,0.0,0.0,0.0,0.0,0.0,0.0,0.0,0.0,0.0,0.0,0.0,0.0,0.0,0.0,0.0,0.0,0.0,0.0,0.0,0.0,0.0,0.0,0.0,0.0,0.0,0.0,0.0,0.0,0.0,0.0,0.0,0.0,0.0,0.0,0.0,0.0,0.0,0.0,0.3819806246612627,2025-04,0.9241542220115662,0.2603072822093963,0.4484762549400329,0.0,0.0,0.0
S2B_MSIL2A_20250421T062629_R077_T40QGL_20250421T081920_0000.jpg,S2B_MSIL2A_20250421T062629_R077_T40QGL_20250421T081920,2025-04-21 06:26:29.024000+00:00,-0.1170489713549614,2.2351741790771484e-08,0.0228524804115295,0.0,0.9219942688941956,1.788139343261719e-07,16384,2025-04_15068390c7af474e,2025-04,0.0690187,0.0248,0.0264001,31.835,0.0264001,2025,4,0.8660254037844387,-0.4999999999999998,spring,0,1,0,0,-3.6969116258112007,-2.673377796609918,-3.6343874809582526,2.783012096774194,0.00182210058187,1.0645201612903226,0.0,0.0,0.0,0.0,0.0,0.0,0.0,0.0,0.0,0.0,0.0,0.0,0.0,0.0,0.0,0.0,0.0,0.0,0.0,0.0,0.0,0.0,0.0,0.0,0.0,0.0,0.0,0.0,0.0,0.0,0.0,0.0,0.0,0.0,0.0,0.0,0.0,0.0,0.0,0.0,0.0,0.0,0.0,0.0,0.0,0.0,0.0,0.0,0.0,0.0,0.0,0.0,0.0,0.0,0.0,0.0,0.0,0.0,0.0,0.0,0.0,0.0,0.0,0.0,0.0,0.0,0.0,0.0,0.0,0.0,0.0,0.0,0.0,0.0,0.0,0.0,0.0,0.0,0.0,0.0,0.0,0.0,0.0,0.0,0.0,0.0,0.0,0.0,0.0,0.0,0.0,0.0,0.0,0.0,0.0,0.0,0.0,0.0,0.0,0.0,0.0,0.0,0.0,0.0,0.0,0.0,0.0,0.0,0.0,0.0,0.0,0.0,0.0,0.0,0.0,0.0,0.0,0.0,0.0,0.0,0.0,0.0,0.0,0.0,0.0,0.0,0.0,0.0,0.0,0.0,0.0,0.0,0.0,0.0,0.0,0.0,0.0,0.0,0.0,0.0,0.0,0.0,0.0,0.0,0.0,0.0,0.0,0.0,0.0,0.0,0.0,0.0,0.0,0.0,0.0,0.0,0.0,0.0,0.0,0.0,0.0,0.0,0.0,0.0,0.0,0.0,0.0,0.0,0.0,0.0,0.0,0.0,0.0,0.0,0.0,0.0,0.0,0.0,0.0,0.0,0.0,0.0,0.0,0.0,0.0,0.0,0.0,0.0,0.0,0.0,0.3521625588148723,2025-04,0.9658907055854796,0.2876256704330444,0.3692102134227752,0.0,0.0,0.0
S2B_MSIL2A_20250421T062629_R077_T40QGL_20250421T081920_0001.jpg,S2B_MSIL2A_20250421T062629_R077_T40QGL_20250421T081920,2025-04-21 06:26:29.024000+00:00,-0.1170489713549614,2.2351741790771484e-08,0.0228524804115295,0.0,0.9219942688941956,1.788139343261719e-07,16384,2025-04_fec71a5c0b74d40d,2025-04,0.0690187,0.0248,0.0264001,31.835,0.0264001,2025,4,0.8660254037844387,-0.4999999999999998,spring,0,1,0,0,-3.6969116258112007,-2.673377796609918,-3.6343874809582526,2.783012096774194,0.00182210058187,1.0645201612903226,0.0,0.0,0.0,0.0,0.0,0.0,0.0,0.0,0.0,0.0,0.0,0.0,0.0,0.0,0.0,0.0,0.0,0.0,0.0,0.0,0.0,0.0,0.0,0.0,0.0,0.0,0.0,0.0,0.0,0.0,0.0,0.0,0.0,0.0,0.0,0.0,0.0,0.0,0.0,0.0,0.0,0.0,0.0,0.0,0.0,0.0,0.0,0.0,0.0,0.0,0.0,0.0,0.0,0.0,0.0,0.0,0.0,0.0,0.0,0.0,0.0,0.0,0.0,0.0,0.0,0.0,0.0,0.0,0.0,0.0,0.0,0.0,0.0,0.0,0.0,0.0,0.0,0.0,0.0,0.0,0.0,0.0,0.0,0.0,0.0,0.0,0.0,0.0,0.0,0.0,0.0,0.0,0.0,0.0,0.0,0.0,0.0,0.0,0.0,0.0,0.0,0.0,0.0,0.0,0.0,0.0,0.0,0.0,0.0,0.0,0.0,0.0,0.0,0.0,0.0,0.0,0.0,0.0,0.0,0.0,0.0,0.0,0.0,0.0,0.0,0.0,0.0,0.0,0.0,0.0,0.0,0.0,0.0,0.0,0.0,0.0,0.0,0.0,0.0,0.0,0.0,0.0,0.0,0.0,0.0,0.0,0.0,0.0,0.0,0.0,0.0,0.0,0.0,0.0,0.0,0.0,0.0,0.0,0.0,0.0,0.0,0.0,0.0,0.0,0.0,0.0,0.0,0.0,0.0,0.0,0.0,0.0,0.0,0.0,0.0,0.0,0.0,0.0,0.0,0.0,0.0,0.0,0.0,0.0,0.0,0.0,0.0,0.0,0.0,0.0,0.3521625588148723,2025-04,0.937024176120758,0.2368936389684677,0.3801513910293579,0.0,0.0,0.0
S2A_MSIL2A_20250428T063321_R077_T40QGL_20250428T113258_0000.jpg,S2A_MSIL2A_20250428T063321_R077_T40QGL_20250428T113258,2025-04-28 06:33:21.024000+00:00,-0.1264499276876449,1.4901161193847656e-08,0.0243803262710571,0.0,0.9155485033988952,1.1920928955078125e-07,16384,2025-04_9f41a78c6588d825,2025-04,0.0638932,0.0254,0.031075,31.755,0.031075,2025,4,0.8660254037844387,-0.4999999999999998,spring,0,1,0,0,-3.673006104957646,-2.750542339536692,-3.4713516415853625,2.5154803149606297,0.00198548119,1.2234251968503935,0.0,0.0,0.0,0.0,0.0,0.0,0.0,0.0,0.0,0.0,0.0,0.0,0.0,0.0,0.0,0.0,0.0,0.0,0.0,0.0,0.0,0.0,0.0,0.0,0.0,0.0,0.0,0.0,0.0,0.0,0.0,0.0,0.0,0.0,0.0,0.0,0.0,0.0,0.0,0.0,0.0,0.0,0.0,0.0,0.0,0.0,0.0,0.0,0.0,0.0,0.0,0.0,0.0,0.0,0.0,0.0,0.0,0.0,0.0,0.0,0.0,0.0,0.0,0.0,0.0,0.0,0.0,0.0,0.0,0.0,0.0,0.0,0.0,0.0,0.0,0.0,0.0,0.0,0.0,0.0,0.0,0.0,0.0,0.0,0.0,0.0,0.0,0.0,0.0,0.0,0.0,0.0,0.0,0.0,0.0,0.0,0.0,0.0,0.0,0.0,0.0,0.0,0.0,0.0,0.0,0.0,0.0,0.0,0.0,0.0,0.0,0.0,0.0,0.0,0.0,0.0,0.0,0.0,0.0,0.0,0.0,0.0,0.0,0.0,0.0,0.0,0.0,0.0,0.0,0.0,0.0,0.0,0.0,0.0,0.0,0.0,0.0,0.0,0.0,0.0,0.0,0.0,0.0,0.0,0.0,0.0,0.0,0.0,0.0,0.0,0.0,0.0,0.0,0.0,0.0,0.0,0.0,0.0,0.0,0.0,0.0,0.0,0.0,0.0,0.0,0.0,0.0,0.0,0.0,0.0,0.0,0.0,0.0,0.0,0.0,0.0,0.0,0.0,0.0,0.0,0.0,0.0,0.0,0.0,0.0,0.0,0.0,0.0,0.0,0.0,0.3822721180299004,2025-04,0.980581283569336,0.2872727811336517,0.4473870098590851,0.0,0.0,0.0
S2A_MSIL2A_20250428T063321_R077_T40QGL_20250428T113258_0001.jpg,S2A_MSIL2A_20250428T063321_R077_T40QGL_20250428T113258,2025-04-28 06:33:21.024000+00:00,-0.1264499276876449,1.4901161193847656e-08,0.0243803262710571,0.0,0.9155485033988952,1.1920928955078125e-07,16384,2025-04_ee7ffbadf76b3667,2025-04,0.0638932,0.0254,0.031075,31.755,0.031075,2025,4,0.8660254037844387,-0.4999999999999998,spring,0,1,0,0,-3.673006104957646,-2.750542339536692,-3.4713516415853625,2.5154803149606297,0.00198548119,1.2234251968503935,0.0,0.0,0.0,0.0,0.0,0.0,0.0,0.0,0.0,0.0,0.0,0.0,0.0,0.0,0.0,0.0,0.0,0.0,0.0,0.0,0.0,0.0,0.0,0.0,0.0,0.0,0.0,0.0,0.0,0.0,0.0,0.0,0.0,0.0,0.0,0.0,0.0,0.0,0.0,0.0,0.0,0.0,0.0,0.0,0.0,0.0,0.0,0.0,0.0,0.0,0.0,0.0,0.0,0.0,0.0,0.0,0.0,0.0,0.0,0.0,0.0,0.0,0.0,0.0,0.0,0.0,0.0,0.0,0.0,0.0,0.0,0.0,0.0,0.0,0.0,0.0,0.0,0.0,0.0,0.0,0.0,0.0,0.0,0.0,0.0,0.0,0.0,0.0,0.0,0.0,0.0,0.0,0.0,0.0,0.0,0.0,0.0,0.0,0.0,0.0,0.0,0.0,0.0,0.0,0.0,0.0,0.0,0.0,0.0,0.0,0.0,0.0,0.0,0.0,0.0,0.0,0.0,0.0,0.0,0.0,0.0,0.0,0.0,0.0,0.0,0.0,0.0,0.0,0.0,0.0,0.0,0.0,0.0,0.0,0.0,0.0,0.0,0.0,0.0,0.0,0.0,0.0,0.0,0.0,0.0,0.0,0.0,0.0,0.0,0.0,0.0,0.0,0.0,0.0,0.0,0.0,0.0,0.0,0.0,0.0,0.0,0.0,0.0,0.0,0.0,0.0,0.0,0.0,0.0,0.0,0.0,0.0,0.0,0.0,0.0,0.0,0.0,0.0,0.0,0.0,0.0,0.0,0.0,0.0,0.0,0.0,0.0,0.0,0.0,0.0,0.3822721180299004,2025-04,0.9185675978660583,0.279960960149765,0.4276434183120727,0.0,0.0,0.0
S2B_MSIL2A_20250501T062629_R077_T40QGL_20250501T083615_0000.jpg,S2B_MSIL2A_20250501T062629_R077_T40QGL_20250501T083615,2025-05-01 06:26:29.024000+00:00,-0.124602310359478,7.450580596923828e-09,0.0253245830535888,0.0,0.919792115688324,1.1920928955078125e-07,16384,2025-05_bc73413171373016,2025-05,0.0581226,0.018,0.0216401,31.61,0.0216401,2025,5,0.4999999999999999,-0.8660254037844387,spring,0,1,0,0,-4.017383521085972,-2.845200706249666,-3.833207203942445,3.2290333333333336,0.00125777887626,1.202227777777778,0.0,0.0,0.0,0.0,0.0,0.0,0.0,0.0,0.0,0.0,0.0,0.0,0.0,0.0,0.0,0.0,0.0,0.0,0.0,0.0,0.0,0.0,0.0,0.0,0.0,0.0,0.0,0.0,0.0,0.0,0.0,0.0,0.0,0.0,0.0,0.0,0.0,0.0,0.0,0.0,0.0,0.0,0.0,0.0,0.0,0.0,0.0,0.0,0.0,0.0,0.0,0.0,0.0,0.0,0.0,0.0,0.0,0.0,0.0,0.0,0.0,0.0,0.0,0.0,0.0,0.0,0.0,0.0,0.0,0.0,0.0,0.0,0.0,0.0,0.0,0.0,0.0,0.0,0.0,0.0,0.0,0.0,0.0,0.0,0.0,0.0,0.0,0.0,0.0,0.0,0.0,0.0,0.0,0.0,0.0,0.0,0.0,0.0,0.0,0.0,0.0,0.0,0.0,0.0,0.0,0.0,0.0,0.0,0.0,0.0,0.0,0.0,0.0,0.0,0.0,0.0,0.0,0.0,0.0,0.0,0.0,0.0,0.0,0.0,0.0,0.0,0.0,0.0,0.0,0.0,0.0,0.0,0.0,0.0,0.0,0.0,0.0,0.0,0.0,0.0,0.0,0.0,0.0,0.0,0.0,0.0,0.0,0.0,0.0,0.0,0.0,0.0,0.0,0.0,0.0,0.0,0.0,0.0,0.0,0.0,0.0,0.0,0.0,0.0,0.0,0.0,0.0,0.0,0.0,0.0,0.0,0.0,0.0,0.0,0.0,0.0,0.0,0.0,0.0,0.0,0.0,0.0,0.0,0.0,0.0,0.0,0.0,0.0,0.0,0.0,0.3741638819899932,2025-05,0.9793582558631896,0.2866803407669067,0.4418303072452545,0.0,0.0,0.0
S2B_MSIL2A_20250501T062629_R077_T40QGL_20250501T083615_0001.jpg,S2B_MSIL2A_20250501T062629_R077_T40QGL_20250501T083615,2025-05-01 06:26:29.024000+00:00,-0.124602310359478,7.450580596923828e-09,0.0253245830535888,0.0,0.919792115688324,1.1920928955078125e-07,16384,2025-05_567ce48a4acaa0c2,2025-05,0.0581226,0.018,0.0216401,31.61,0.0216401,2025,5,0.4999999999999999,-0.8660254037844387,spring,0,1,0,0,-4.017383521085972,-2.845200706249666,-3.833207203942445,3.2290333333333336,0.00125777887626,1.202227777777778,0.0,0.0,0.0,0.0,0.0,0.0,0.0,0.0,0.0,0.0,0.0,0.0,0.0,0.0,0.0,0.0,0.0,0.0,0.0,0.0,0.0,0.0,0.0,0.0,0.0,0.0,0.0,0.0,0.0,0.0,0.0,0.0,0.0,0.0,0.0,0.0,0.0,0.0,0.0,0.0,0.0,0.0,0.0,0.0,0.0,0.0,0.0,0.0,0.0,0.0,0.0,0.0,0.0,0.0,0.0,0.0,0.0,0.0,0.0,0.0,0.0,0.0,0.0,0.0,0.0,0.0,0.0,0.0,0.0,0.0,0.0,0.0,0.0,0.0,0.0,0.0,0.0,0.0,0.0,0.0,0.0,0.0,0.0,0.0,0.0,0.0,0.0,0.0,0.0,0.0,0.0,0.0,0.0,0.0,0.0,0.0,0.0,0.0,0.0,0.0,0.0,0.0,0.0,0.0,0.0,0.0,0.0,0.0,0.0,0.0,0.0,0.0,0.0,0.0,0.0,0.0,0.0,0.0,0.0,0.0,0.0,0.0,0.0,0.0,0.0,0.0,0.0,0.0,0.0,0.0,0.0,0.0,0.0,0.0,0.0,0.0,0.0,0.0,0.0,0.0,0.0,0.0,0.0,0.0,0.0,0.0,0.0,0.0,0.0,0.0,0.0,0.0,0.0,0.0,0.0,0.0,0.0,0.0,0.0,0.0,0.0,0.0,0.0,0.0,0.0,0.0,0.0,0.0,0.0,0.0,0.0,0.0,0.0,0.0,0.0,0.0,0.0,0.0,0.0,0.0,0.0,0.0,0.0,0.0,0.0,0.0,0.0,0.0,0.0,0.0,0.3741638819899932,2025-05,0.93155437707901,0.3030771315097809,0.4580998122692108,0.0,0.0,0.0
S2C_MSIL2A_20250516T062641_R077_T40QGL_20250516T093413_0000.jpg,S2C_MSIL2A_20250516T062641_R077_T40QGL_20250516T093413,2025-05-16 06:26:41.025000+00:00,-0.1266324371099472,0.0,0.0226918160915374,0.0,0.9097757935523988,5.960464477539065e-08,16384,2025-05_98d5ecc1c43aa0de,2025-05,0.0619687,0.0222286,0.11718,30.05,0.11718,2025,5,0.4999999999999999,-0.8660254037844387,spring,0,1,0,0,-3.8063755309469416,-2.7811258601206887,-2.1440440648654944,2.78779140386709,0.007261492266,5.271587054515354,0.0,0.0,0.0,0.0,0.0,0.0,0.0,0.0,0.0,0.0,0.0,0.0,0.0,0.0,0.0,0.0,0.0,0.0,0.0,0.0,0.0,0.0,0.0,0.0,0.0,0.0,0.0,0.0,0.0,0.0,0.0,0.0,0.0,0.0,0.0,0.0,0.0,0.0,0.0,0.0,0.0,0.0,0.0,0.0,0.0,0.0,0.0,0.0,0.0,0.0,0.0,0.0,0.0,0.0,0.0,0.0,0.0,0.0,0.0,0.0,0.0,0.0,0.0,0.0,0.0,0.0,0.0,0.0,0.0,0.0,0.0,0.0,0.0,0.0,0.0,0.0,0.0,0.0,0.0,0.0,0.0,0.0,0.0,0.0,0.0,0.0,0.0,0.0,0.0,0.0,0.0,0.0,0.0,0.0,0.0,0.0,0.0,0.0,0.0,0.0,0.0,0.0,0.0,0.0,0.0,0.0,0.0,0.0,0.0,0.0,0.0,0.0,0.0,0.0,0.0,0.0,0.0,0.0,0.0,0.0,0.0,0.0,0.0,0.0,0.0,0.0,0.0,0.0,0.0,0.0,0.0,0.0,0.0,0.0,0.0,0.0,0.0,0.0,0.0,0.0,0.0,0.0,0.0,0.0,0.0,0.0,0.0,0.0,0.0,0.0,0.0,0.0,0.0,0.0,0.0,0.0,0.0,0.0,0.0,0.0,0.0,0.0,0.0,0.0,0.0,0.0,0.0,0.0,0.0,0.0,0.0,0.0,0.0,0.0,0.0,0.0,0.0,0.0,0.0,0.0,0.0,0.0,0.0,0.0,0.0,0.0,0.0,0.0,0.0,0.0,0.5168907111241412,2025-05,0.9780392050743104,0.2661061286926269,0.4250825047492981,0.0,0.0,0.0
S2C_MSIL2A_20250516T062641_R077_T40QGL_20250516T093413_0001.jpg,S2C_MSIL2A_20250516T062641_R077_T40QGL_20250516T093413,2025-05-16 06:26:41.025000+00:00,-0.1266324371099472,0.0,0.0226918160915374,0.0,0.9097757935523988,5.960464477539065e-08,16384,2025-05_5dd78cb3428a6d8a,2025-05,0.0619687,0.0222286,0.11718,30.05,0.11718,2025,5,0.4999999999999999,-0.8660254037844387,spring,0,1,0,0,-3.8063755309469416,-2.7811258601206887,-2.1440440648654944,2.78779140386709,0.007261492266,5.271587054515354,0.0,0.0,0.0,0.0,0.0,0.0,0.0,0.0,0.0,0.0,0.0,0.0,0.0,0.0,0.0,0.0,0.0,0.0,0.0,0.0,0.0,0.0,0.0,0.0,0.0,0.0,0.0,0.0,0.0,0.0,0.0,0.0,0.0,0.0,0.0,0.0,0.0,0.0,0.0,0.0,0.0,0.0,0.0,0.0,0.0,0.0,0.0,0.0,0.0,0.0,0.0,0.0,0.0,0.0,0.0,0.0,0.0,0.0,0.0,0.0,0.0,0.0,0.0,0.0,0.0,0.0,0.0,0.0,0.0,0.0,0.0,0.0,0.0,0.0,0.0,0.0,0.0,0.0,0.0,0.0,0.0,0.0,0.0,0.0,0.0,0.0,0.0,0.0,0.0,0.0,0.0,0.0,0.0,0.0,0.0,0.0,0.0,0.0,0.0,0.0,0.0,0.0,0.0,0.0,0.0,0.0,0.0,0.0,0.0,0.0,0.0,0.0,0.0,0.0,0.0,0.0,0.0,0.0,0.0,0.0,0.0,0.0,0.0,0.0,0.0,0.0,0.0,0.0,0.0,0.0,0.0,0.0,0.0,0.0,0.0,0.0,0.0,0.0,0.0,0.0,0.0,0.0,0.0,0.0,0.0,0.0,0.0,0.0,0.0,0.0,0.0,0.0,0.0,0.0,0.0,0.0,0.0,0.0,0.0,0.0,0.0,0.0,0.0,0.0,0.0,0.0,0.0,0.0,0.0,0.0,0.0,0.0,0.0,0.0,0.0,0.0,0.0,0.0,0.0,0.0,0.0,0.0,0.0,0.0,0.0,0.0,0.0,0.0,0.0,0.0,0.5168907111241412,2025-05,0.9294463992118835,0.2325181812047958,0.4385794401168823,0.0,0.0,0.0
S2B_MSIL2A_20250521T062629_R077_T40QGL_20250521T082313_0000.jpg,S2B_MSIL2A_20250521T062629_R077_T40QGL_20250521T082313,2025-05-21 06:26:29.024000+00:00,-0.1064192801713943,1.4901161193847656e-08,0.024118036031723,0.0,0.936046838760376,2.384185791015625e-07,16384,2025-05_4dc7ce6df1bc64b0,2025-05,0.071796,0.0196,0.0153501,30.695,0.0153501,2025,5,0.4999999999999999,-0.8660254037844387,spring,0,1,0,0,-3.9322257127456655,-2.633926514786242,-4.176633290312171,3.663061224489796,0.0011020757796,0.7831683673469388,0.0,0.0,0.0,0.0,0.0,0.0,0.0,0.0,0.0,0.0,0.0,0.0,0.0,0.0,0.0,0.0,0.0,0.0,0.0,0.0,0.0,0.0,0.0,0.0,0.0,0.0,0.0,0.0,0.0,0.0,0.0,0.0,0.0,0.0,0.0,0.0,0.0,0.0,0.0,0.0,0.0,0.0,0.0,0.0,0.0,0.0,0.0,0.0,0.0,0.0,0.0,0.0,0.0,0.0,0.0,0.0,0.0,0.0,0.0,0.0,0.0,0.0,0.0,0.0,0.0,0.0,0.0,0.0,0.0,0.0,0.0,0.0,0.0,0.0,0.0,0.0,0.0,0.0,0.0,0.0,0.0,0.0,0.0,0.0,0.0,0.0,0.0,0.0,0.0,0.0,0.0,0.0,0.0,0.0,0.0,0.0,0.0,0.0,0.0,0.0,0.0,0.0,0.0,0.0,0.0,0.0,0.0,0.0,0.0,0.0,0.0,0.0,0.0,0.0,0.0,0.0,0.0,0.0,0.0,0.0,0.0,0.0,0.0,0.0,0.0,0.0,0.0,0.0,0.0,0.0,0.0,0.0,0.0,0.0,0.0,0.0,0.0,0.0,0.0,0.0,0.0,0.0,0.0,0.0,0.0,0.0,0.0,0.0,0.0,0.0,0.0,0.0,0.0,0.0,0.0,0.0,0.0,0.0,0.0,0.0,0.0,0.0,0.0,0.0,0.0,0.0,0.0,0.0,0.0,0.0,0.0,0.0,0.0,0.0,0.0,0.0,0.0,0.0,0.0,0.0,0.0,0.0,0.0,0.0,0.0,0.0,0.0,0.0,0.0,0.0,0.3361529808489581,2025-05,0.9721961617469788,0.2691851556301117,0.4645073711872101,0.0,0.0,0.0
S2B_MSIL2A_20250521T062629_R077_T40QGL_20250521T082313_0001.jpg,S2B_MSIL2A_20250521T062629_R077_T40QGL_20250521T082313,2025-05-21 06:26:29.024000+00:00,-0.1064192801713943,1.4901161193847656e-08,0.024118036031723,0.0,0.936046838760376,2.384185791015625e-07,16384,2025-05_fe97c5e00d883d1b,2025-05,0.071796,0.0196,0.0153501,30.695,0.0153501,2025,5,0.4999999999999999,-0.8660254037844387,spring,0,1,0,0,-3.9322257127456655,-2.633926514786242,-4.176633290312171,3.663061224489796,0.0011020757796,0.7831683673469388,0.0,0.0,0.0,0.0,0.0,0.0,0.0,0.0,0.0,0.0,0.0,0.0,0.0,0.0,0.0,0.0,0.0,0.0,0.0,0.0,0.0,0.0,0.0,0.0,0.0,0.0,0.0,0.0,0.0,0.0,0.0,0.0,0.0,0.0,0.0,0.0,0.0,0.0,0.0,0.0,0.0,0.0,0.0,0.0,0.0,0.0,0.0,0.0,0.0,0.0,0.0,0.0,0.0,0.0,0.0,0.0,0.0,0.0,0.0,0.0,0.0,0.0,0.0,0.0,0.0,0.0,0.0,0.0,0.0,0.0,0.0,0.0,0.0,0.0,0.0,0.0,0.0,0.0,0.0,0.0,0.0,0.0,0.0,0.0,0.0,0.0,0.0,0.0,0.0,0.0,0.0,0.0,0.0,0.0,0.0,0.0,0.0,0.0,0.0,0.0,0.0,0.0,0.0,0.0,0.0,0.0,0.0,0.0,0.0,0.0,0.0,0.0,0.0,0.0,0.0,0.0,0.0,0.0,0.0,0.0,0.0,0.0,0.0,0.0,0.0,0.0,0.0,0.0,0.0,0.0,0.0,0.0,0.0,0.0,0.0,0.0,0.0,0.0,0.0,0.0,0.0,0.0,0.0,0.0,0.0,0.0,0.0,0.0,0.0,0.0,0.0,0.0,0.0,0.0,0.0,0.0,0.0,0.0,0.0,0.0,0.0,0.0,0.0,0.0,0.0,0.0,0.0,0.0,0.0,0.0,0.0,0.0,0.0,0.0,0.0,0.0,0.0,0.0,0.0,0.0,0.0,0.0,0.0,0.0,0.0,0.0,0.0,0.0,0.0,0.0,0.3361529808489581,2025-05,0.9505496025085448,0.2219114452600479,0.460299402475357,0.0,0.0,0.0
S2A_MSIL2A_20250607T063321_R077_T40QGL_20250607T092212_0000.jpg,S2A_MSIL2A_20250607T063321_R077_T40QGL_20250607T092212,2025-06-07 06:33:21.024000+00:00,-0.1161177158355712,0.0,0.0267212986946105,0.0,0.9327096939086914,0.0,16384,2025-06_f43fcdb87871de52,2025-06,0.227706,0.03055,0.0680287,28.05,0.0680287,2025,6,1.2246467991473532e-16,-1.0,summer,0,0,1,0,-3.4883905933645325,-1.4796999557984774,-2.6878256040242734,7.45355155482815,0.0154905431621999,2.226798690671031,0.0,0.0,0.0,0.0,0.0,0.0,0.0,0.0,0.0,0.0,0.0,0.0,0.0,0.0,0.0,0.0,0.0,0.0,0.0,0.0,0.0,0.0,0.0,0.0,0.0,0.0,0.0,0.0,0.0,0.0,0.0,0.0,0.0,0.0,0.0,0.0,0.0,0.0,0.0,0.0,0.0,0.0,0.0,0.0,0.0,0.0,0.0,0.0,0.0,0.0,0.0,0.0,0.0,0.0,0.0,0.0,0.0,0.0,0.0,0.0,0.0,0.0,0.0,0.0,0.0,0.0,0.0,0.0,0.0,0.0,0.0,0.0,0.0,0.0,0.0,0.0,0.0,0.0,0.0,0.0,0.0,0.0,0.0,0.0,0.0,0.0,0.0,0.0,0.0,0.0,0.0,0.0,0.0,0.0,0.0,0.0,0.0,0.0,0.0,0.0,0.0,0.0,0.0,0.0,0.0,0.0,0.0,0.0,0.0,0.0,0.0,0.0,0.0,0.0,0.0,0.0,0.0,0.0,0.0,0.0,0.0,0.0,0.0,0.0,0.0,0.0,0.0,0.0,0.0,0.0,0.0,0.0,0.0,0.0,0.0,0.0,0.0,0.0,0.0,0.0,0.0,0.0,0.0,0.0,0.0,0.0,0.0,0.0,0.0,0.0,0.0,0.0,0.0,0.0,0.0,0.0,0.0,0.0,0.0,0.0,0.0,0.0,0.0,0.0,0.0,0.0,0.0,0.0,0.0,0.0,0.0,0.0,0.0,0.0,0.0,0.0,0.0,0.0,0.0,0.0,0.0,0.0,0.0,0.0,0.0,0.0,0.0,0.0,0.0,0.0,0.369233791523512,2025-06,0.9727975130081176,0.2489356845617294,0.4386385083198547,0.0,0.0,0.0
S2A_MSIL2A_20250607T063321_R077_T40QGL_20250607T092212_0001.jpg,S2A_MSIL2A_20250607T063321_R077_T40QGL_20250607T092212,2025-06-07 06:33:21.024000+00:00,-0.1161177158355712,0.0,0.0267212986946105,0.0,0.9327096939086914,0.0,16384,2025-06_1a16d390dbb0bd6d,2025-06,0.227706,0.03055,0.0680287,28.05,0.0680287,2025,6,1.2246467991473532e-16,-1.0,summer,0,0,1,0,-3.4883905933645325,-1.4796999557984774,-2.6878256040242734,7.45355155482815,0.0154905431621999,2.226798690671031,0.0,0.0,0.0,0.0,0.0,0.0,0.0,0.0,0.0,0.0,0.0,0.0,0.0,0.0,0.0,0.0,0.0,0.0,0.0,0.0,0.0,0.0,0.0,0.0,0.0,0.0,0.0,0.0,0.0,0.0,0.0,0.0,0.0,0.0,0.0,0.0,0.0,0.0,0.0,0.0,0.0,0.0,0.0,0.0,0.0,0.0,0.0,0.0,0.0,0.0,0.0,0.0,0.0,0.0,0.0,0.0,0.0,0.0,0.0,0.0,0.0,0.0,0.0,0.0,0.0,0.0,0.0,0.0,0.0,0.0,0.0,0.0,0.0,0.0,0.0,0.0,0.0,0.0,0.0,0.0,0.0,0.0,0.0,0.0,0.0,0.0,0.0,0.0,0.0,0.0,0.0,0.0,0.0,0.0,0.0,0.0,0.0,0.0,0.0,0.0,0.0,0.0,0.0,0.0,0.0,0.0,0.0,0.0,0.0,0.0,0.0,0.0,0.0,0.0,0.0,0.0,0.0,0.0,0.0,0.0,0.0,0.0,0.0,0.0,0.0,0.0,0.0,0.0,0.0,0.0,0.0,0.0,0.0,0.0,0.0,0.0,0.0,0.0,0.0,0.0,0.0,0.0,0.0,0.0,0.0,0.0,0.0,0.0,0.0,0.0,0.0,0.0,0.0,0.0,0.0,0.0,0.0,0.0,0.0,0.0,0.0,0.0,0.0,0.0,0.0,0.0,0.0,0.0,0.0,0.0,0.0,0.0,0.0,0.0,0.0,0.0,0.0,0.0,0.0,0.0,0.0,0.0,0.0,0.0,0.0,0.0,0.0,0.0,0.0,0.0,0.3829869274517369,2025-06,0.9410455226898192,0.2925066649913788,0.3567710816860199,0.0,0.0,0.0
S2B_MSIL2A_20250610T062629_R077_T40QGL_20250610T083203_0000.jpg,S2B_MSIL2A_20250610T062629_R077_T40QGL_20250610T083203,2025-06-10 06:26:29.024000+00:00,-0.1144818142056465,1.4901161193847656e-08,0.0222590267658233,0.0,0.9224423766136168,0.0,16384,2025-06_0a253a26221942c8,2025-06,0.277606,0.0496,0.17923,28.205,0.17923,2025,6,1.2246467991473532e-16,-1.0,summer,0,0,1,0,-3.0037644452512553,-1.28155243675021,-1.7190853817386311,5.596895161290323,0.04975532338,3.6135080645161297,0.0,0.0,0.0,0.0,0.0,0.0,0.0,0.0,0.0,0.0,0.0,0.0,0.0,0.0,0.0,0.0,0.0,0.0,0.0,0.0,0.0,0.0,0.0,0.0,0.0,0.0,0.0,0.0,0.0,0.0,0.0,0.0,0.0,0.0,0.0,0.0,0.0,0.0,0.0,0.0,0.0,0.0,0.0,0.0,0.0,0.0,0.0,0.0,0.0,0.0,0.0,0.0,0.0,0.0,0.0,0.0,0.0,0.0,0.0,0.0,0.0,0.0,0.0,0.0,0.0,0.0,0.0,0.0,0.0,0.0,0.0,0.0,0.0,0.0,0.0,0.0,0.0,0.0,0.0,0.0,0.0,0.0,0.0,0.0,0.0,0.0,0.0,0.0,0.0,0.0,0.0,0.0,0.0,0.0,0.0,0.0,0.0,0.0,0.0,0.0,0.0,0.0,0.0,0.0,0.0,0.0,0.0,0.0,0.0,0.0,0.0,0.0,0.0,0.0,0.0,0.0,0.0,0.0,0.0,0.0,0.0,0.0,0.0,0.0,0.0,0.0,0.0,0.0,0.0,0.0,0.0,0.0,0.0,0.0,0.0,0.0,0.0,0.0,0.0,0.0,0.0,0.0,0.0,0.0,0.0,0.0,0.0,0.0,0.0,0.0,0.0,0.0,0.0,0.0,0.0,0.0,0.0,0.0,0.0,0.0,0.0,0.0,0.0,0.0,0.0,0.0,0.0,0.0,0.0,0.0,0.0,0.0,0.0,0.0,0.0,0.0,0.0,0.0,0.0,0.0,0.0,0.0,0.0,0.0,0.0,0.0,0.0,0.0,0.0,0.0,0.3768194363544848,2025-06,0.98709237575531,0.2596044838428497,0.4317995011806488,0.0,0.0,0.0
S2B_MSIL2A_20250610T062629_R077_T40QGL_20250610T083203_0001.jpg,S2B_MSIL2A_20250610T062629_R077_T40QGL_20250610T083203,2025-06-10 06:26:29.024000+00:00,-0.1144818142056465,1.4901161193847656e-08,0.0222590267658233,0.0,0.9224423766136168,0.0,16384,2025-06_b26f4889f61a1140,2025-06,0.277606,0.0496,0.17923,28.205,0.17923,2025,6,1.2246467991473532e-16,-1.0,summer,0,0,1,0,-3.0037644452512553,-1.28155243675021,-1.7190853817386311,5.596895161290323,0.04975532338,3.6135080645161297,0.0,0.0,0.0,0.0,0.0,0.0,0.0,0.0,0.0,0.0,0.0,0.0,0.0,0.0,0.0,0.0,0.0,0.0,0.0,0.0,0.0,0.0,0.0,0.0,0.0,0.0,0.0,0.0,0.0,0.0,0.0,0.0,0.0,0.0,0.0,0.0,0.0,0.0,0.0,0.0,0.0,0.0,0.0,0.0,0.0,0.0,0.0,0.0,0.0,0.0,0.0,0.0,0.0,0.0,0.0,0.0,0.0,0.0,0.0,0.0,0.0,0.0,0.0,0.0,0.0,0.0,0.0,0.0,0.0,0.0,0.0,0.0,0.0,0.0,0.0,0.0,0.0,0.0,0.0,0.0,0.0,0.0,0.0,0.0,0.0,0.0,0.0,0.0,0.0,0.0,0.0,0.0,0.0,0.0,0.0,0.0,0.0,0.0,0.0,0.0,0.0,0.0,0.0,0.0,0.0,0.0,0.0,0.0,0.0,0.0,0.0,0.0,0.0,0.0,0.0,0.0,0.0,0.0,0.0,0.0,0.0,0.0,0.0,0.0,0.0,0.0,0.0,0.0,0.0,0.0,0.0,0.0,0.0,0.0,0.0,0.0,0.0,0.0,0.0,0.0,0.0,0.0,0.0,0.0,0.0,0.0,0.0,0.0,0.0,0.0,0.0,0.0,0.0,0.0,0.0,0.0,0.0,0.0,0.0,0.0,0.0,0.0,0.0,0.0,0.0,0.0,0.0,0.0,0.0,0.0,0.0,0.0,0.0,0.0,0.0,0.0,0.0,0.0,0.0,0.0,0.0,0.0,0.0,0.0,0.0,0.0,0.0,0.0,0.0,0.0,0.3768194363544848,2025-06,0.9374592900276184,0.2552361786365509,0.4278736114501953,0.0,0.0,0.0
S2B_MSIL2A_20250620T062629_R077_T40QGL_20250620T083331_0000.jpg,S2B_MSIL2A_20250620T062629_R077_T40QGL_20250620T083331,2025-06-20 06:26:29.024000+00:00,-0.1056438609957695,0.0,0.0226688385009765,0.0,0.9340288043022156,1.1920928955078125e-07,16384,2025-06_d30bf49c5340bdeb,2025-06,0.28513,0.0476,0.181525,28.13,0.181525,2025,6,1.2246467991473532e-16,-1.0,summer,0,0,1,0,-3.0449225177447627,-1.2548100623629943,-1.7063618937158267,5.990126050420168,0.05175822325,3.813550420168067,0.0,0.0,0.0,0.0,0.0,0.0,0.0,0.0,0.0,0.0,0.0,0.0,0.0,0.0,0.0,0.0,0.0,0.0,0.0,0.0,0.0,0.0,0.0,0.0,0.0,0.0,0.0,0.0,0.0,0.0,0.0,0.0,0.0,0.0,0.0,0.0,0.0,0.0,0.0,0.0,0.0,0.0,0.0,0.0,0.0,0.0,0.0,0.0,0.0,0.0,0.0,0.0,0.0,0.0,0.0,0.0,0.0,0.0,0.0,0.0,0.0,0.0,0.0,0.0,0.0,0.0,0.0,0.0,0.0,0.0,0.0,0.0,0.0,0.0,0.0,0.0,0.0,0.0,0.0,0.0,0.0,0.0,0.0,0.0,0.0,0.0,0.0,0.0,0.0,0.0,0.0,0.0,0.0,0.0,0.0,0.0,0.0,0.0,0.0,0.0,0.0,0.0,0.0,0.0,0.0,0.0,0.0,0.0,0.0,0.0,0.0,0.0,0.0,0.0,0.0,0.0,0.0,0.0,0.0,0.0,0.0,0.0,0.0,0.0,0.0,0.0,0.0,0.0,0.0,0.0,0.0,0.0,0.0,0.0,0.0,0.0,0.0,0.0,0.0,0.0,0.0,0.0,0.0,0.0,0.0,0.0,0.0,0.0,0.0,0.0,0.0,0.0,0.0,0.0,0.0,0.0,0.0,0.0,0.0,0.0,0.0,0.0,0.0,0.0,0.0,0.0,0.0,0.0,0.0,0.0,0.0,0.0,0.0,0.0,0.0,0.0,0.0,0.0,0.0,0.0,0.0,0.0,0.0,0.0,0.0,0.0,0.0,0.0,0.0,0.0,0.5597494043486364,2025-06,0.9733219146728516,0.2327446341514587,0.3788898885250091,0.0,0.0,0.0
S2B_MSIL2A_20250620T062629_R077_T40QGL_20250620T083331_0001.jpg,S2B_MSIL2A_20250620T062629_R077_T40QGL_20250620T083331,2025-06-20 06:26:29.024000+00:00,-0.1056438609957695,0.0,0.0226688385009765,0.0,0.9340288043022156,1.1920928955078125e-07,16384,2025-06_15cb80654fc54c2c,2025-06,0.28513,0.0476,0.181525,28.13,0.181525,2025,6,1.2246467991473532e-16,-1.0,summer,0,0,1,0,-3.0449225177447627,-1.2548100623629943,-1.7063618937158267,5.990126050420168,0.05175822325,3.813550420168067,0.0,0.0,0.0,0.0,0.0,0.0,0.0,0.0,0.0,0.0,0.0,0.0,0.0,0.0,0.0,0.0,0.0,0.0,0.0,0.0,0.0,0.0,0.0,0.0,0.0,0.0,0.0,0.0,0.0,0.0,0.0,0.0,0.0,0.0,0.0,0.0,0.0,0.0,0.0,0.0,0.0,0.0,0.0,0.0,0.0,0.0,0.0,0.0,0.0,0.0,0.0,0.0,0.0,0.0,0.0,0.0,0.0,0.0,0.0,0.0,0.0,0.0,0.0,0.0,0.0,0.0,0.0,0.0,0.0,0.0,0.0,0.0,0.0,0.0,0.0,0.0,0.0,0.0,0.0,0.0,0.0,0.0,0.0,0.0,0.0,0.0,0.0,0.0,0.0,0.0,0.0,0.0,0.0,0.0,0.0,0.0,0.0,0.0,0.0,0.0,0.0,0.0,0.0,0.0,0.0,0.0,0.0,0.0,0.0,0.0,0.0,0.0,0.0,0.0,0.0,0.0,0.0,0.0,0.0,0.0,0.0,0.0,0.0,0.0,0.0,0.0,0.0,0.0,0.0,0.0,0.0,0.0,0.0,0.0,0.0,0.0,0.0,0.0,0.0,0.0,0.0,0.0,0.0,0.0,0.0,0.0,0.0,0.0,0.0,0.0,0.0,0.0,0.0,0.0,0.0,0.0,0.0,0.0,0.0,0.0,0.0,0.0,0.0,0.0,0.0,0.0,0.0,0.0,0.0,0.0,0.0,0.0,0.0,0.0,0.0,0.0,0.0,0.0,0.0,0.0,0.0,0.0,0.0,0.0,0.0,0.0,0.0,0.0,0.0,0.0,0.545258082759305,2025-06,0.9412469267845154,0.2825763821601867,0.4379598796367645,0.0,0.0,0.0
S2C_MSIL2A_20250625T062651_R077_T40QGL_20250625T104601_0000.jpg,S2C_MSIL2A_20250625T062651_R077_T40QGL_20250625T104601,2025-06-25 06:26:51.025000+00:00,-0.1221818625926971,2.2351741790771484e-08,0.0267737507820129,0.0,0.9236087799072266,0.0,16384,2025-06_8870ba327d16b244,2025-06,0.28513,0.0476,0.181525,28.13,0.181525,2025,6,1.2246467991473532e-16,-1.0,summer,0,0,1,0,-3.0449225177447627,-1.2548100623629943,-1.7063618937158267,5.990126050420168,0.05175822325,3.813550420168067,0.0,0.0,0.0,0.0,0.0,0.0,0.0,0.0,0.0,0.0,0.0,0.0,0.0,0.0,0.0,0.0,0.0,0.0,0.0,0.0,0.0,0.0,0.0,0.0,0.0,0.0,0.0,0.0,0.0,0.0,0.0,0.0,0.0,0.0,0.0,0.0,0.0,0.0,0.0,0.0,0.0,0.0,0.0,0.0,0.0,0.0,0.0,0.0,0.0,0.0,0.0,0.0,0.0,0.0,0.0,0.0,0.0,0.0,0.0,0.0,0.0,0.0,0.0,0.0,0.0,0.0,0.0,0.0,0.0,0.0,0.0,0.0,0.0,0.0,0.0,0.0,0.0,0.0,0.0,0.0,0.0,0.0,0.0,0.0,0.0,0.0,0.0,0.0,0.0,0.0,0.0,0.0,0.0,0.0,0.0,0.0,0.0,0.0,0.0,0.0,0.0,0.0,0.0,0.0,0.0,0.0,0.0,0.0,0.0,0.0,0.0,0.0,0.0,0.0,0.0,0.0,0.0,0.0,0.0,0.0,0.0,0.0,0.0,0.0,0.0,0.0,0.0,0.0,0.0,0.0,0.0,0.0,0.0,0.0,0.0,0.0,0.0,0.0,0.0,0.0,0.0,0.0,0.0,0.0,0.0,0.0,0.0,0.0,0.0,0.0,0.0,0.0,0.0,0.0,0.0,0.0,0.0,0.0,0.0,0.0,0.0,0.0,0.0,0.0,0.0,0.0,0.0,0.0,0.0,0.0,0.0,0.0,0.0,0.0,0.0,0.0,0.0,0.0,0.0,0.0,0.0,0.0,0.0,0.0,0.0,0.0,0.0,0.0,0.0,0.0,0.4993078785106682,2025-06,0.9644954204559326,0.2164823859930038,0.4361133277416229,0.0,0.0,0.0
S2C_MSIL2A_20250625T062651_R077_T40QGL_20250625T104601_0001.jpg,S2C_MSIL2A_20250625T062651_R077_T40QGL_20250625T104601,2025-06-25 06:26:51.025000+00:00,-0.1221818625926971,2.2351741790771484e-08,0.0267737507820129,0.0,0.9236087799072266,0.0,16384,2025-06_bef1c6d9f44ab8f1,2025-06,0.28513,0.0476,0.181525,28.13,0.181525,2025,6,1.2246467991473532e-16,-1.0,summer,0,0,1,0,-3.0449225177447627,-1.2548100623629943,-1.7063618937158267,5.990126050420168,0.05175822325,3.813550420168067,0.0,0.0,0.0,0.0,0.0,0.0,0.0,0.0,0.0,0.0,0.0,0.0,0.0,0.0,0.0,0.0,0.0,0.0,0.0,0.0,0.0,0.0,0.0,0.0,0.0,0.0,0.0,0.0,0.0,0.0,0.0,0.0,0.0,0.0,0.0,0.0,0.0,0.0,0.0,0.0,0.0,0.0,0.0,0.0,0.0,0.0,0.0,0.0,0.0,0.0,0.0,0.0,0.0,0.0,0.0,0.0,0.0,0.0,0.0,0.0,0.0,0.0,0.0,0.0,0.0,0.0,0.0,0.0,0.0,0.0,0.0,0.0,0.0,0.0,0.0,0.0,0.0,0.0,0.0,0.0,0.0,0.0,0.0,0.0,0.0,0.0,0.0,0.0,0.0,0.0,0.0,0.0,0.0,0.0,0.0,0.0,0.0,0.0,0.0,0.0,0.0,0.0,0.0,0.0,0.0,0.0,0.0,0.0,0.0,0.0,0.0,0.0,0.0,0.0,0.0,0.0,0.0,0.0,0.0,0.0,0.0,0.0,0.0,0.0,0.0,0.0,0.0,0.0,0.0,0.0,0.0,0.0,0.0,0.0,0.0,0.0,0.0,0.0,0.0,0.0,0.0,0.0,0.0,0.0,0.0,0.0,0.0,0.0,0.0,0.0,0.0,0.0,0.0,0.0,0.0,0.0,0.0,0.0,0.0,0.0,0.0,0.0,0.0,0.0,0.0,0.0,0.0,0.0,0.0,0.0,0.0,0.0,0.0,0.0,0.0,0.0,0.0,0.0,0.0,0.0,0.0,0.0,0.0,0.0,0.0,0.0,0.0,0.0,0.0,0.0,0.4993078785106682,2025-06,0.9378832578659058,0.2250435948371887,0.4219060242176056,0.0,0.0,0.0
S2A_MSIL2A_20250717T063331_R077_T40QGL_20250717T091809_0000.jpg,S2A_MSIL2A_20250717T063331_R077_T40QGL_20250717T091809,2025-07-17 06:33:31.024000+00:00,-0.1228998973965644,2.2351741790771484e-08,0.026088535785675,0.0,0.9249317646026612,1.1920928955078125e-07,16384,2025-07_cff5f6dd2a1b0678,2025-07,0.387758,0.0652,0.185435,26.445,0.185435,2025,7,-0.5000000000000001,-0.8660254037844386,summer,0,0,1,0,-2.73029581004953,-0.9473738452879036,-1.685050862653252,5.947208588957055,0.07190390473,2.84409509202454,0.0,0.0,0.0,0.0,0.0,0.0,0.0,0.0,0.0,0.0,0.0,0.0,0.0,0.0,0.0,0.0,0.0,0.0,0.0,0.0,0.0,0.0,0.0,0.0,0.0,0.0,0.0,0.0,0.0,0.0,0.0,0.0,0.0,0.0,0.0,0.0,0.0,0.0,0.0,0.0,0.0,0.0,0.0,0.0,0.0,0.0,0.0,0.0,0.0,0.0,0.0,0.0,0.0,0.0,0.0,0.0,0.0,0.0,0.0,0.0,0.0,0.0,0.0,0.0,0.0,0.0,0.0,0.0,0.0,0.0,0.0,0.0,0.0,0.0,0.0,0.0,0.0,0.0,0.0,0.0,0.0,0.0,0.0,0.0,0.0,0.0,0.0,0.0,0.0,0.0,0.0,0.0,0.0,0.0,0.0,0.0,0.0,0.0,0.0,0.0,0.0,0.0,0.0,0.0,0.0,0.0,0.0,0.0,0.0,0.0,0.0,0.0,0.0,0.0,0.0,0.0,0.0,0.0,0.0,0.0,0.0,0.0,0.0,0.0,0.0,0.0,0.0,0.0,0.0,0.0,0.0,0.0,0.0,0.0,0.0,0.0,0.0,0.0,0.0,0.0,0.0,0.0,0.0,0.0,0.0,0.0,0.0,0.0,0.0,0.0,0.0,0.0,0.0,0.0,0.0,0.0,0.0,0.0,0.0,0.0,0.0,0.0,0.0,0.0,0.0,0.0,0.0,0.0,0.0,0.0,0.0,0.0,0.0,0.0,0.0,0.0,0.0,0.0,0.0,0.0,0.0,0.0,0.0,0.0,0.0,0.0,0.0,0.0,0.0,0.0,0.4169576928950219,2025-07,0.9840332865715028,0.2062524855136871,0.4786161482334137,0.0,0.0,0.0
S2A_MSIL2A_20250717T063331_R077_T40QGL_20250717T091809_0001.jpg,S2A_MSIL2A_20250717T063331_R077_T40QGL_20250717T091809,2025-07-17 06:33:31.024000+00:00,-0.1228998973965644,2.2351741790771484e-08,0.026088535785675,0.0,0.9249317646026612,1.1920928955078125e-07,16384,2025-07_6c3b7f157fe0565e,2025-07,0.387758,0.0652,0.185435,26.445,0.185435,2025,7,-0.5000000000000001,-0.8660254037844386,summer,0,0,1,0,-2.73029581004953,-0.9473738452879036,-1.685050862653252,5.947208588957055,0.07190390473,2.84409509202454,0.0,0.0,0.0,0.0,0.0,0.0,0.0,0.0,0.0,0.0,0.0,0.0,0.0,0.0,0.0,0.0,0.0,0.0,0.0,0.0,0.0,0.0,0.0,0.0,0.0,0.0,0.0,0.0,0.0,0.0,0.0,0.0,0.0,0.0,0.0,0.0,0.0,0.0,0.0,0.0,0.0,0.0,0.0,0.0,0.0,0.0,0.0,0.0,0.0,0.0,0.0,0.0,0.0,0.0,0.0,0.0,0.0,0.0,0.0,0.0,0.0,0.0,0.0,0.0,0.0,0.0,0.0,0.0,0.0,0.0,0.0,0.0,0.0,0.0,0.0,0.0,0.0,0.0,0.0,0.0,0.0,0.0,0.0,0.0,0.0,0.0,0.0,0.0,0.0,0.0,0.0,0.0,0.0,0.0,0.0,0.0,0.0,0.0,0.0,0.0,0.0,0.0,0.0,0.0,0.0,0.0,0.0,0.0,0.0,0.0,0.0,0.0,0.0,0.0,0.0,0.0,0.0,0.0,0.0,0.0,0.0,0.0,0.0,0.0,0.0,0.0,0.0,0.0,0.0,0.0,0.0,0.0,0.0,0.0,0.0,0.0,0.0,0.0,0.0,0.0,0.0,0.0,0.0,0.0,0.0,0.0,0.0,0.0,0.0,0.0,0.0,0.0,0.0,0.0,0.0,0.0,0.0,0.0,0.0,0.0,0.0,0.0,0.0,0.0,0.0,0.0,0.0,0.0,0.0,0.0,0.0,0.0,0.0,0.0,0.0,0.0,0.0,0.0,0.0,0.0,0.0,0.0,0.0,0.0,0.0,0.0,0.0,0.0,0.0,0.0,0.4050106194028257,2025-07,0.9310208559036256,0.2842491269111633,0.4308452308177948,0.0,0.0,0.0
S2B_MSIL2A_20250730T062629_R077_T40QGL_20250730T083814_0000.jpg,S2B_MSIL2A_20250730T062629_R077_T40QGL_20250730T083814,2025-07-30 06:26:29.024000+00:00,-0.114637367427349,2.2351741790771484e-08,0.0261508226394653,0.0,0.9293053150177002,1.788139343261719e-07,16384,2025-07_917d6d3e55076207,2025-07,0.312833,0.0570667,,24.9275,0.0,2025,7,-0.5000000000000001,-0.8660254037844386,summer,0,0,1,0,-2.863534519830626,-1.162085777154352,0.0,5.481883480208248,0.0,0.0,0.0,0.0,0.0,0.0,0.0,0.0,0.0,0.0,0.0,0.0,0.0,0.0,0.0,0.0,0.0,0.0,0.0,0.0,0.0,0.0,0.0,0.0,0.0,0.0,0.0,0.0,0.0,0.0,0.0,0.0,0.0,0.0,0.0,0.0,0.0,0.0,0.0,0.0,0.0,0.0,0.0,0.0,0.0,0.0,0.0,0.0,0.0,0.0,0.0,0.0,0.0,0.0,0.0,0.0,0.0,0.0,0.0,0.0,0.0,0.0,0.0,0.0,0.0,0.0,0.0,0.0,0.0,0.0,0.0,0.0,0.0,0.0,0.0,0.0,0.0,0.0,0.0,0.0,0.0,0.0,0.0,0.0,0.0,0.0,0.0,0.0,0.0,0.0,0.0,0.0,0.0,0.0,0.0,0.0,0.0,0.0,0.0,0.0,0.0,0.0,0.0,0.0,0.0,0.0,0.0,0.0,0.0,0.0,0.0,0.0,0.0,0.0,0.0,0.0,0.0,0.0,0.0,0.0,0.0,0.0,0.0,0.0,0.0,0.0,0.0,0.0,0.0,0.0,0.0,0.0,0.0,0.0,0.0,0.0,0.0,0.0,0.0,0.0,0.0,0.0,0.0,0.0,0.0,0.0,0.0,0.0,0.0,0.0,0.0,0.0,0.0,0.0,0.0,0.0,0.0,0.0,0.0,0.0,0.0,0.0,0.0,0.0,0.0,0.0,0.0,0.0,0.0,0.0,0.0,0.0,0.0,0.0,0.0,0.0,0.0,0.0,0.0,0.0,0.0,0.0,0.0,0.0,0.0,0.0,0.0,0.0,0.0,0.0,0.0,0.0,0.4058702931103545,2025-07,0.9912286996841432,0.2691548466682434,0.4612313508987427,0.0,0.0,0.0
S2B_MSIL2A_20250730T062629_R077_T40QGL_20250730T083814_0001.jpg,S2B_MSIL2A_20250730T062629_R077_T40QGL_20250730T083814,2025-07-30 06:26:29.024000+00:00,-0.114637367427349,2.2351741790771484e-08,0.0261508226394653,0.0,0.9293053150177002,1.788139343261719e-07,16384,2025-07_c1372579abd390a0,2025-07,0.312833,0.0570667,,24.9275,0.0,2025,7,-0.5000000000000001,-0.8660254037844386,summer,0,0,1,0,-2.863534519830626,-1.162085777154352,0.0,5.481883480208248,0.0,0.0,0.0,0.0,0.0,0.0,0.0,0.0,0.0,0.0,0.0,0.0,0.0,0.0,0.0,0.0,0.0,0.0,0.0,0.0,0.0,0.0,0.0,0.0,0.0,0.0,0.0,0.0,0.0,0.0,0.0,0.0,0.0,0.0,0.0,0.0,0.0,0.0,0.0,0.0,0.0,0.0,0.0,0.0,0.0,0.0,0.0,0.0,0.0,0.0,0.0,0.0,0.0,0.0,0.0,0.0,0.0,0.0,0.0,0.0,0.0,0.0,0.0,0.0,0.0,0.0,0.0,0.0,0.0,0.0,0.0,0.0,0.0,0.0,0.0,0.0,0.0,0.0,0.0,0.0,0.0,0.0,0.0,0.0,0.0,0.0,0.0,0.0,0.0,0.0,0.0,0.0,0.0,0.0,0.0,0.0,0.0,0.0,0.0,0.0,0.0,0.0,0.0,0.0,0.0,0.0,0.0,0.0,0.0,0.0,0.0,0.0,0.0,0.0,0.0,0.0,0.0,0.0,0.0,0.0,0.0,0.0,0.0,0.0,0.0,0.0,0.0,0.0,0.0,0.0,0.0,0.0,0.0,0.0,0.0,0.0,0.0,0.0,0.0,0.0,0.0,0.0,0.0,0.0,0.0,0.0,0.0,0.0,0.0,0.0,0.0,0.0,0.0,0.0,0.0,0.0,0.0,0.0,0.0,0.0,0.0,0.0,0.0,0.0,0.0,0.0,0.0,0.0,0.0,0.0,0.0,0.0,0.0,0.0,0.0,0.0,0.0,0.0,0.0,0.0,0.0,0.0,0.0,0.0,0.0,0.0,0.0,0.0,0.0,0.0,0.0,0.0,0.3978445880258642,2025-07,0.9045811295509338,0.2974981665611267,0.4257237017154693,0.0,0.0,0.0
S2C_MSIL2A_20250804T062651_R077_T40QGL_20250804T094212_0000.jpg,S2C_MSIL2A_20250804T062651_R077_T40QGL_20250804T094212,2025-08-04 06:26:51.025000+00:00,-0.1205154955387115,1.4901161193847656e-08,0.0279934406280517,0.0,0.928961992263794,1.1920928955078125e-07,16384,2025-08_a0c2259e6b60a722,2025-08,0.312833,0.0570667,,24.9275,0.0,2025,8,-0.8660254037844384,-0.5000000000000004,summer,0,0,1,0,-2.863534519830626,-1.162085777154352,0.0,5.481883480208248,0.0,0.0,0.0,0.0,0.0,0.0,0.0,0.0,0.0,0.0,0.0,0.0,0.0,0.0,0.0,0.0,0.0,0.0,0.0,0.0,0.0,0.0,0.0,0.0,0.0,0.0,0.0,0.0,0.0,0.0,0.0,0.0,0.0,0.0,0.0,0.0,0.0,0.0,0.0,0.0,0.0,0.0,0.0,0.0,0.0,0.0,0.0,0.0,0.0,0.0,0.0,0.0,0.0,0.0,0.0,0.0,0.0,0.0,0.0,0.0,0.0,0.0,0.0,0.0,0.0,0.0,0.0,0.0,0.0,0.0,0.0,0.0,0.0,0.0,0.0,0.0,0.0,0.0,0.0,0.0,0.0,0.0,0.0,0.0,0.0,0.0,0.0,0.0,0.0,0.0,0.0,0.0,0.0,0.0,0.0,0.0,0.0,0.0,0.0,0.0,0.0,0.0,0.0,0.0,0.0,0.0,0.0,0.0,0.0,0.0,0.0,0.0,0.0,0.0,0.0,0.0,0.0,0.0,0.0,0.0,0.0,0.0,0.0,0.0,0.0,0.0,0.0,0.0,0.0,0.0,0.0,0.0,0.0,0.0,0.0,0.0,0.0,0.0,0.0,0.0,0.0,0.0,0.0,0.0,0.0,0.0,0.0,0.0,0.0,0.0,0.0,0.0,0.0,0.0,0.0,0.0,0.0,0.0,0.0,0.0,0.0,0.0,0.0,0.0,0.0,0.0,0.0,0.0,0.0,0.0,0.0,0.0,0.0,0.0,0.0,0.0,0.0,0.0,0.0,0.0,0.0,0.0,0.0,0.0,0.0,0.0,0.0,0.0,0.0,0.0,0.0,0.0,0.4020761122540405,2025-08,0.9796419143676758,0.2236291915178299,0.5085151791572571,0.0,0.0,0.0
S2C_MSIL2A_20250804T062651_R077_T40QGL_20250804T094212_0001.jpg,S2C_MSIL2A_20250804T062651_R077_T40QGL_20250804T094212,2025-08-04 06:26:51.025000+00:00,-0.1205154955387115,1.4901161193847656e-08,0.0279934406280517,0.0,0.928961992263794,1.1920928955078125e-07,16384,2025-08_4ae404d509f42364,2025-08,0.312833,0.0570667,,24.9275,0.0,2025,8,-0.8660254037844384,-0.5000000000000004,summer,0,0,1,0,-2.863534519830626,-1.162085777154352,0.0,5.481883480208248,0.0,0.0,0.0,0.0,0.0,0.0,0.0,0.0,0.0,0.0,0.0,0.0,0.0,0.0,0.0,0.0,0.0,0.0,0.0,0.0,0.0,0.0,0.0,0.0,0.0,0.0,0.0,0.0,0.0,0.0,0.0,0.0,0.0,0.0,0.0,0.0,0.0,0.0,0.0,0.0,0.0,0.0,0.0,0.0,0.0,0.0,0.0,0.0,0.0,0.0,0.0,0.0,0.0,0.0,0.0,0.0,0.0,0.0,0.0,0.0,0.0,0.0,0.0,0.0,0.0,0.0,0.0,0.0,0.0,0.0,0.0,0.0,0.0,0.0,0.0,0.0,0.0,0.0,0.0,0.0,0.0,0.0,0.0,0.0,0.0,0.0,0.0,0.0,0.0,0.0,0.0,0.0,0.0,0.0,0.0,0.0,0.0,0.0,0.0,0.0,0.0,0.0,0.0,0.0,0.0,0.0,0.0,0.0,0.0,0.0,0.0,0.0,0.0,0.0,0.0,0.0,0.0,0.0,0.0,0.0,0.0,0.0,0.0,0.0,0.0,0.0,0.0,0.0,0.0,0.0,0.0,0.0,0.0,0.0,0.0,0.0,0.0,0.0,0.0,0.0,0.0,0.0,0.0,0.0,0.0,0.0,0.0,0.0,0.0,0.0,0.0,0.0,0.0,0.0,0.0,0.0,0.0,0.0,0.0,0.0,0.0,0.0,0.0,0.0,0.0,0.0,0.0,0.0,0.0,0.0,0.0,0.0,0.0,0.0,0.0,0.0,0.0,0.0,0.0,0.0,0.0,0.0,0.0,0.0,0.0,0.0,0.0,0.0,0.0,0.0,0.0,0.0,0.3828539905508573,2025-08,0.910991370677948,0.2868212163448334,0.4814819693565368,0.0,0.0,0.0
S2C_MSIL2A_20250824T062651_R077_T40QGL_20250824T094213_0000.jpg,S2C_MSIL2A_20250824T062651_R077_T40QGL_20250824T094213,2025-08-24 06:26:51.024000+00:00,-0.1113016605377197,0.0,0.0314164161682128,0.0,0.9495343565940856,1.788139343261719e-07,16384,2025-08_567c287743563129,2025-08,0.30289,0.0554,0.119815,26.315,0.119815,2025,8,-0.8660254037844384,-0.5000000000000004,summer,0,0,1,0,-2.893175685228899,-1.1943855756900303,-2.1218063924576054,5.467328519855596,0.03629076535,2.162725631768953,0.0,0.0,0.0,0.0,0.0,0.0,0.0,0.0,0.0,0.0,0.0,0.0,0.0,0.0,0.0,0.0,0.0,0.0,0.0,0.0,0.0,0.0,0.0,0.0,0.0,0.0,0.0,0.0,0.0,0.0,0.0,0.0,0.0,0.0,0.0,0.0,0.0,0.0,0.0,0.0,0.0,0.0,0.0,0.0,0.0,0.0,0.0,0.0,0.0,0.0,0.0,0.0,0.0,0.0,0.0,0.0,0.0,0.0,0.0,0.0,0.0,0.0,0.0,0.0,0.0,0.0,0.0,0.0,0.0,0.0,0.0,0.0,0.0,0.0,0.0,0.0,0.0,0.0,0.0,0.0,0.0,0.0,0.0,0.0,0.0,0.0,0.0,0.0,0.0,0.0,0.0,0.0,0.0,0.0,0.0,0.0,0.0,0.0,0.0,0.0,0.0,0.0,0.0,0.0,0.0,0.0,0.0,0.0,0.0,0.0,0.0,0.0,0.0,0.0,0.0,0.0,0.0,0.0,0.0,0.0,0.0,0.0,0.0,0.0,0.0,0.0,0.0,0.0,0.0,0.0,0.0,0.0,0.0,0.0,0.0,0.0,0.0,0.0,0.0,0.0,0.0,0.0,0.0,0.0,0.0,0.0,0.0,0.0,0.0,0.0,0.0,0.0,0.0,0.0,0.0,0.0,0.0,0.0,0.0,0.0,0.0,0.0,0.0,0.0,0.0,0.0,0.0,0.0,0.0,0.0,0.0,0.0,0.0,0.0,0.0,0.0,0.0,0.0,0.0,0.0,0.0,0.0,0.0,0.0,0.0,0.0,0.0,0.0,0.0,0.0,0.2440266919542587,2025-08,0.9784514904022216,0.2352927029132843,0.4567697942256927,0.0,0.0,0.0
S2C_MSIL2A_20250824T062651_R077_T40QGL_20250824T094213_0001.jpg,S2C_MSIL2A_20250824T062651_R077_T40QGL_20250824T094213,2025-08-24 06:26:51.024000+00:00,-0.1113016605377197,0.0,0.0314164161682128,0.0,0.9495343565940856,1.788139343261719e-07,16384,2025-08_537d9f5444f8718e,2025-08,0.30289,0.0554,0.119815,26.315,0.119815,2025,8,-0.8660254037844384,-0.5000000000000004,summer,0,0,1,0,-2.893175685228899,-1.1943855756900303,-2.1218063924576054,5.467328519855596,0.03629076535,2.162725631768953,0.0,0.0,0.0,0.0,0.0,0.0,0.0,0.0,0.0,0.0,0.0,0.0,0.0,0.0,0.0,0.0,0.0,0.0,0.0,0.0,0.0,0.0,0.0,0.0,0.0,0.0,0.0,0.0,0.0,0.0,0.0,0.0,0.0,0.0,0.0,0.0,0.0,0.0,0.0,0.0,0.0,0.0,0.0,0.0,0.0,0.0,0.0,0.0,0.0,0.0,0.0,0.0,0.0,0.0,0.0,0.0,0.0,0.0,0.0,0.0,0.0,0.0,0.0,0.0,0.0,0.0,0.0,0.0,0.0,0.0,0.0,0.0,0.0,0.0,0.0,0.0,0.0,0.0,0.0,0.0,0.0,0.0,0.0,0.0,0.0,0.0,0.0,0.0,0.0,0.0,0.0,0.0,0.0,0.0,0.0,0.0,0.0,0.0,0.0,0.0,0.0,0.0,0.0,0.0,0.0,0.0,0.0,0.0,0.0,0.0,0.0,0.0,0.0,0.0,0.0,0.0,0.0,0.0,0.0,0.0,0.0,0.0,0.0,0.0,0.0,0.0,0.0,0.0,0.0,0.0,0.0,0.0,0.0,0.0,0.0,0.0,0.0,0.0,0.0,0.0,0.0,0.0,0.0,0.0,0.0,0.0,0.0,0.0,0.0,0.0,0.0,0.0,0.0,0.0,0.0,0.0,0.0,0.0,0.0,0.0,0.0,0.0,0.0,0.0,0.0,0.0,0.0,0.0,0.0,0.0,0.0,0.0,0.0,0.0,0.0,0.0,0.0,0.0,0.0,0.0,0.0,0.0,0.0,0.0,0.0,0.0,0.0,0.0,0.0,0.0,0.2440266919542587,2025-08,0.9213295578956604,0.3051067590713501,0.4447132647037506,0.0,0.0,0.0
S2A_MSIL2A_20250915T063321_R077_T40QGL_20250915T091514_0000.jpg,S2A_MSIL2A_20250915T063321_R077_T40QGL_20250915T091514,2025-09-15 06:33:21.024000+00:00,-0.1050226762890815,0.0,0.0286459028720855,0.0,0.95426744222641,1.788139343261719e-07,16384,2025-09_62605daf018c349c,2025-09,0.48499,0.0666,0.136475,26.37,0.136475,2025,9,-1.0,-1.8369701987210294e-16,autumn,0,0,0,1,-2.7090507014357934,-0.7236270068139203,-1.9916138313143157,7.282132132132131,0.06618901025,2.049174174174174,0.0,0.0,0.0,0.0,0.0,0.0,0.0,0.0,0.0,0.0,0.0,0.0,0.0,0.0,0.0,0.0,0.0,0.0,0.0,0.0,0.0,0.0,0.0,0.0,0.0,0.0,0.0,0.0,0.0,0.0,0.0,0.0,0.0,0.0,0.0,0.0,0.0,0.0,0.0,0.0,0.0,0.0,0.0,0.0,0.0,0.0,0.0,0.0,0.0,0.0,0.0,0.0,0.0,0.0,0.0,0.0,0.0,0.0,0.0,0.0,0.0,0.0,0.0,0.0,0.0,0.0,0.0,0.0,0.0,0.0,0.0,0.0,0.0,0.0,0.0,0.0,0.0,0.0,0.0,0.0,0.0,0.0,0.0,0.0,0.0,0.0,0.0,0.0,0.0,0.0,0.0,0.0,0.0,0.0,0.0,0.0,0.0,0.0,0.0,0.0,0.0,0.0,0.0,0.0,0.0,0.0,0.0,0.0,0.0,0.0,0.0,0.0,0.0,0.0,0.0,0.0,0.0,0.0,0.0,0.0,0.0,0.0,0.0,0.0,0.0,0.0,0.0,0.0,0.0,0.0,0.0,0.0,0.0,0.0,0.0,0.0,0.0,0.0,0.0,0.0,0.0,0.0,0.0,0.0,0.0,0.0,0.0,0.0,0.0,0.0,0.0,0.0,0.0,0.0,0.0,0.0,0.0,0.0,0.0,0.0,0.0,0.0,0.0,0.0,0.0,0.0,0.0,0.0,0.0,0.0,0.0,0.0,0.0,0.0,0.0,0.0,0.0,0.0,0.0,0.0,0.0,0.0,0.0,0.0,0.0,0.0,0.0,0.0,0.0,0.0,0.4523780262085242,2025-09,0.9230648279190063,0.2117329686880111,0.4647595286369324,0.0,0.0,0.0
S2C_MSIL2A_20250923T062641_R077_T40QGL_20250923T111816_0000.jpg,S2C_MSIL2A_20250923T062641_R077_T40QGL_20250923T111816,2025-09-23 06:26:41.025000+00:00,-0.1184604465961456,2.2351741790771484e-08,0.0294721126556396,0.0,0.9403199553489684,0.0,16384,2025-09_8600de27cb185e47,2025-09,0.282559,0.06,0.28769,26.415,0.28769,2025,9,-1.0,-1.8369701987210294e-16,autumn,0,0,0,1,-2.8134107167600364,-1.263867900644152,-1.245871767457642,4.709316666666667,0.08128939871,4.794833333333334,0.0,0.0,0.0,0.0,0.0,0.0,0.0,0.0,0.0,0.0,0.0,0.0,0.0,0.0,0.0,0.0,0.0,0.0,0.0,0.0,0.0,0.0,0.0,0.0,0.0,0.0,0.0,0.0,0.0,0.0,0.0,0.0,0.0,0.0,0.0,0.0,0.0,0.0,0.0,0.0,0.0,0.0,0.0,0.0,0.0,0.0,0.0,0.0,0.0,0.0,0.0,0.0,0.0,0.0,0.0,0.0,0.0,0.0,0.0,0.0,0.0,0.0,0.0,0.0,0.0,0.0,0.0,0.0,0.0,0.0,0.0,0.0,0.0,0.0,0.0,0.0,0.0,0.0,0.0,0.0,0.0,0.0,0.0,0.0,0.0,0.0,0.0,0.0,0.0,0.0,0.0,0.0,0.0,0.0,0.0,0.0,0.0,0.0,0.0,0.0,0.0,0.0,0.0,0.0,0.0,0.0,0.0,0.0,0.0,0.0,0.0,0.0,0.0,0.0,0.0,0.0,0.0,0.0,0.0,0.0,0.0,0.0,0.0,0.0,0.0,0.0,0.0,0.0,0.0,0.0,0.0,0.0,0.0,0.0,0.0,0.0,0.0,0.0,0.0,0.0,0.0,0.0,0.0,0.0,0.0,0.0,0.0,0.0,0.0,0.0,0.0,0.0,0.0,0.0,0.0,0.0,0.0,0.0,0.0,0.0,0.0,0.0,0.0,0.0,0.0,0.0,0.0,0.0,0.0,0.0,0.0,0.0,0.0,0.0,0.0,0.0,0.0,0.0,0.0,0.0,0.0,0.0,0.0,0.0,0.0,0.0,0.0,0.0,0.0,0.0,0.5909879092445042,2025-09,0.9537100791931152,0.2400161921977996,0.4384103417396545,0.0,0.0,0.0
S2C_MSIL2A_20250923T062641_R077_T40QGL_20250923T111816_0001.jpg,S2C_MSIL2A_20250923T062641_R077_T40QGL_20250923T111816,2025-09-23 06:26:41.025000+00:00,-0.1184604465961456,2.2351741790771484e-08,0.0294721126556396,0.0,0.9403199553489684,0.0,16384,2025-09_1efb986d25d4bc7a,2025-09,0.282559,0.06,0.28769,26.415,0.28769,2025,9,-1.0,-1.8369701987210294e-16,autumn,0,0,0,1,-2.8134107167600364,-1.263867900644152,-1.245871767457642,4.709316666666667,0.08128939871,4.794833333333334,0.0,0.0,0.0,0.0,0.0,0.0,0.0,0.0,0.0,0.0,0.0,0.0,0.0,0.0,0.0,0.0,0.0,0.0,0.0,0.0,0.0,0.0,0.0,0.0,0.0,0.0,0.0,0.0,0.0,0.0,0.0,0.0,0.0,0.0,0.0,0.0,0.0,0.0,0.0,0.0,0.0,0.0,0.0,0.0,0.0,0.0,0.0,0.0,0.0,0.0,0.0,0.0,0.0,0.0,0.0,0.0,0.0,0.0,0.0,0.0,0.0,0.0,0.0,0.0,0.0,0.0,0.0,0.0,0.0,0.0,0.0,0.0,0.0,0.0,0.0,0.0,0.0,0.0,0.0,0.0,0.0,0.0,0.0,0.0,0.0,0.0,0.0,0.0,0.0,0.0,0.0,0.0,0.0,0.0,0.0,0.0,0.0,0.0,0.0,0.0,0.0,0.0,0.0,0.0,0.0,0.0,0.0,0.0,0.0,0.0,0.0,0.0,0.0,0.0,0.0,0.0,0.0,0.0,0.0,0.0,0.0,0.0,0.0,0.0,0.0,0.0,0.0,0.0,0.0,0.0,0.0,0.0,0.0,0.0,0.0,0.0,0.0,0.0,0.0,0.0,0.0,0.0,0.0,0.0,0.0,0.0,0.0,0.0,0.0,0.0,0.0,0.0,0.0,0.0,0.0,0.0,0.0,0.0,0.0,0.0,0.0,0.0,0.0,0.0,0.0,0.0,0.0,0.0,0.0,0.0,0.0,0.0,0.0,0.0,0.0,0.0,0.0,0.0,0.0,0.0,0.0,0.0,0.0,0.0,0.0,0.0,0.0,0.0,0.0,0.0,0.5909879092445042,2025-09,0.8999338150024414,0.2442916333675384,0.4528308510780334,0.0,0.0,0.0
S2C_MSIL2A_20251003T062731_R077_T40QGL_20251003T094319_0000.jpg,S2C_MSIL2A_20251003T062731_R077_T40QGL_20251003T094319,2025-10-03 06:27:31.025000+00:00,-0.1390051692724228,1.4901161193847656e-08,0.0272524356842041,0.0,0.9116230010986328,0.0,16384,2025-10_f50d4854de301f9c,2025-10,0.324943,0.0574,0.177275,27.05,0.177275,2025,10,-0.8660254037844386,0.5000000000000001,autumn,0,0,0,1,-2.8577109756566164,-1.1241054966494644,-1.7300530797920768,5.66102787456446,0.0576042703249999,3.0884146341463414,0.0,0.0,0.0,0.0,0.0,0.0,0.0,0.0,0.0,0.0,0.0,0.0,0.0,0.0,0.0,0.0,0.0,0.0,0.0,0.0,0.0,0.0,0.0,0.0,0.0,0.0,0.0,0.0,0.0,0.0,0.0,0.0,0.0,0.0,0.0,0.0,0.0,0.0,0.0,0.0,0.0,0.0,0.0,0.0,0.0,0.0,0.0,0.0,0.0,0.0,0.0,0.0,0.0,0.0,0.0,0.0,0.0,0.0,0.0,0.0,0.0,0.0,0.0,0.0,0.0,0.0,0.0,0.0,0.0,0.0,0.0,0.0,0.0,0.0,0.0,0.0,0.0,0.0,0.0,0.0,0.0,0.0,0.0,0.0,0.0,0.0,0.0,0.0,0.0,0.0,0.0,0.0,0.0,0.0,0.0,0.0,0.0,0.0,0.0,0.0,0.0,0.0,0.0,0.0,0.0,0.0,0.0,0.0,0.0,0.0,0.0,0.0,0.0,0.0,0.0,0.0,0.0,0.0,0.0,0.0,0.0,0.0,0.0,0.0,0.0,0.0,0.0,0.0,0.0,0.0,0.0,0.0,0.0,0.0,0.0,0.0,0.0,0.0,0.0,0.0,0.0,0.0,0.0,0.0,0.0,0.0,0.0,0.0,0.0,0.0,0.0,0.0,0.0,0.0,0.0,0.0,0.0,0.0,0.0,0.0,0.0,0.0,0.0,0.0,0.0,0.0,0.0,0.0,0.0,0.0,0.0,0.0,0.0,0.0,0.0,0.0,0.0,0.0,0.0,0.0,0.0,0.0,0.0,0.0,0.0,0.0,0.0,0.0,0.0,0.0,0.2841798527219705,2025-10,0.9613886475563048,0.2258613258600235,0.4297788441181183,0.0,0.0,0.0
S2C_MSIL2A_20251003T062731_R077_T40QGL_20251003T094319_0001.jpg,S2C_MSIL2A_20251003T062731_R077_T40QGL_20251003T094319,2025-10-03 06:27:31.025000+00:00,-0.1390051692724228,1.4901161193847656e-08,0.0272524356842041,0.0,0.9116230010986328,0.0,16384,2025-10_d7ba8dcc959f91b4,2025-10,0.324943,0.0574,0.177275,27.05,0.177275,2025,10,-0.8660254037844386,0.5000000000000001,autumn,0,0,0,1,-2.8577109756566164,-1.1241054966494644,-1.7300530797920768,5.66102787456446,0.0576042703249999,3.0884146341463414,0.0,0.0,0.0,0.0,0.0,0.0,0.0,0.0,0.0,0.0,0.0,0.0,0.0,0.0,0.0,0.0,0.0,0.0,0.0,0.0,0.0,0.0,0.0,0.0,0.0,0.0,0.0,0.0,0.0,0.0,0.0,0.0,0.0,0.0,0.0,0.0,0.0,0.0,0.0,0.0,0.0,0.0,0.0,0.0,0.0,0.0,0.0,0.0,0.0,0.0,0.0,0.0,0.0,0.0,0.0,0.0,0.0,0.0,0.0,0.0,0.0,0.0,0.0,0.0,0.0,0.0,0.0,0.0,0.0,0.0,0.0,0.0,0.0,0.0,0.0,0.0,0.0,0.0,0.0,0.0,0.0,0.0,0.0,0.0,0.0,0.0,0.0,0.0,0.0,0.0,0.0,0.0,0.0,0.0,0.0,0.0,0.0,0.0,0.0,0.0,0.0,0.0,0.0,0.0,0.0,0.0,0.0,0.0,0.0,0.0,0.0,0.0,0.0,0.0,0.0,0.0,0.0,0.0,0.0,0.0,0.0,0.0,0.0,0.0,0.0,0.0,0.0,0.0,0.0,0.0,0.0,0.0,0.0,0.0,0.0,0.0,0.0,0.0,0.0,0.0,0.0,0.0,0.0,0.0,0.0,0.0,0.0,0.0,0.0,0.0,0.0,0.0,0.0,0.0,0.0,0.0,0.0,0.0,0.0,0.0,0.0,0.0,0.0,0.0,0.0,0.0,0.0,0.0,0.0,0.0,0.0,0.0,0.0,0.0,0.0,0.0,0.0,0.0,0.0,0.0,0.0,0.0,0.0,0.0,0.0,0.0,0.0,0.0,0.0,0.0,0.2841798527219705,2025-10,0.9046260118484496,0.261221706867218,0.4280422031879425,0.0,0.0,0.0
S2A_MSIL2A_20251015T063321_R077_T40QGL_20251015T092921_0000.jpg,S2A_MSIL2A_20251015T063321_R077_T40QGL_20251015T092921,2025-10-15 06:33:21.024000+00:00,-0.1172626242041587,1.4901161193847656e-08,0.0278426110744476,0.0,0.9398634433746338,2.384185791015625e-07,16384,2025-10_4f7776fc6f29b9cc,2025-10,0.297381,0.0563429,0.161161,27.515,0.161161,2025,10,-0.8660254037844386,0.5000000000000001,autumn,0,0,0,1,-2.876299044660172,-1.2127411340177925,-1.8253514136645903,5.278056330078856,0.047926219341,2.860360400334381,0.0,0.0,0.0,0.0,0.0,0.0,0.0,0.0,0.0,0.0,0.0,0.0,0.0,0.0,0.0,0.0,0.0,0.0,0.0,0.0,0.0,0.0,0.0,0.0,0.0,0.0,0.0,0.0,0.0,0.0,0.0,0.0,0.0,0.0,0.0,0.0,0.0,0.0,0.0,0.0,0.0,0.0,0.0,0.0,0.0,0.0,0.0,0.0,0.0,0.0,0.0,0.0,0.0,0.0,0.0,0.0,0.0,0.0,0.0,0.0,0.0,0.0,0.0,0.0,0.0,0.0,0.0,0.0,0.0,0.0,0.0,0.0,0.0,0.0,0.0,0.0,0.0,0.0,0.0,0.0,0.0,0.0,0.0,0.0,0.0,0.0,0.0,0.0,0.0,0.0,0.0,0.0,0.0,0.0,0.0,0.0,0.0,0.0,0.0,0.0,0.0,0.0,0.0,0.0,0.0,0.0,0.0,0.0,0.0,0.0,0.0,0.0,0.0,0.0,0.0,0.0,0.0,0.0,0.0,0.0,0.0,0.0,0.0,0.0,0.0,0.0,0.0,0.0,0.0,0.0,0.0,0.0,0.0,0.0,0.0,0.0,0.0,0.0,0.0,0.0,0.0,0.0,0.0,0.0,0.0,0.0,0.0,0.0,0.0,0.0,0.0,0.0,0.0,0.0,0.0,0.0,0.0,0.0,0.0,0.0,0.0,0.0,0.0,0.0,0.0,0.0,0.0,0.0,0.0,0.0,0.0,0.0,0.0,0.0,0.0,0.0,0.0,0.0,0.0,0.0,0.0,0.0,0.0,0.0,0.0,0.0,0.0,0.0,0.0,0.0,0.2272211710003729,2025-10,0.9755231142044068,0.2531541883945465,0.4617900252342224,0.0,0.0,0.0
S2A_MSIL2A_20251015T063321_R077_T40QGL_20251015T092921_0001.jpg,S2A_MSIL2A_20251015T063321_R077_T40QGL_20251015T092921,2025-10-15 06:33:21.024000+00:00,-0.1172626242041587,1.4901161193847656e-08,0.0278426110744476,0.0,0.9398634433746338,2.384185791015625e-07,16384,2025-10_39e633b892a66cad,2025-10,0.297381,0.0563429,0.161161,27.515,0.161161,2025,10,-0.8660254037844386,0.5000000000000001,autumn,0,0,0,1,-2.876299044660172,-1.2127411340177925,-1.8253514136645903,5.278056330078856,0.047926219341,2.860360400334381,0.0,0.0,0.0,0.0,0.0,0.0,0.0,0.0,0.0,0.0,0.0,0.0,0.0,0.0,0.0,0.0,0.0,0.0,0.0,0.0,0.0,0.0,0.0,0.0,0.0,0.0,0.0,0.0,0.0,0.0,0.0,0.0,0.0,0.0,0.0,0.0,0.0,0.0,0.0,0.0,0.0,0.0,0.0,0.0,0.0,0.0,0.0,0.0,0.0,0.0,0.0,0.0,0.0,0.0,0.0,0.0,0.0,0.0,0.0,0.0,0.0,0.0,0.0,0.0,0.0,0.0,0.0,0.0,0.0,0.0,0.0,0.0,0.0,0.0,0.0,0.0,0.0,0.0,0.0,0.0,0.0,0.0,0.0,0.0,0.0,0.0,0.0,0.0,0.0,0.0,0.0,0.0,0.0,0.0,0.0,0.0,0.0,0.0,0.0,0.0,0.0,0.0,0.0,0.0,0.0,0.0,0.0,0.0,0.0,0.0,0.0,0.0,0.0,0.0,0.0,0.0,0.0,0.0,0.0,0.0,0.0,0.0,0.0,0.0,0.0,0.0,0.0,0.0,0.0,0.0,0.0,0.0,0.0,0.0,0.0,0.0,0.0,0.0,0.0,0.0,0.0,0.0,0.0,0.0,0.0,0.0,0.0,0.0,0.0,0.0,0.0,0.0,0.0,0.0,0.0,0.0,0.0,0.0,0.0,0.0,0.0,0.0,0.0,0.0,0.0,0.0,0.0,0.0,0.0,0.0,0.0,0.0,0.0,0.0,0.0,0.0,0.0,0.0,0.0,0.0,0.0,0.0,0.0,0.0,0.0,0.0,0.0,0.0,0.0,0.0,0.2214116000436787,2025-10,0.9063522219657898,0.3059665560722351,0.4427967667579651,0.0,0.0,0.0
S2C_MSIL2A_20251023T062941_R077_T40QGL_20251023T095722_0000.jpg,S2C_MSIL2A_20251023T062941_R077_T40QGL_20251023T095722,2025-10-23 06:29:41.025000+00:00,-0.1437420547008514,2.9802322387695312e-08,0.0230524837970733,0.0,0.8976142406463623,1.788139343261719e-07,16384,2025-10_7cc19df654e32afb,2025-10,0.168234,0.0386,0.0501151,27.43,0.0501151,2025,10,-0.8660254037844386,0.5000000000000001,autumn,0,0,0,1,-3.2545030025113517,-1.7823994115617332,-2.9934329190967426,4.358393782383419,0.0084310637334,1.298318652849741,0.0,0.0,0.0,0.0,0.0,0.0,0.0,0.0,0.0,0.0,0.0,0.0,0.0,0.0,0.0,0.0,0.0,0.0,0.0,0.0,0.0,0.0,0.0,0.0,0.0,0.0,0.0,0.0,0.0,0.0,0.0,0.0,0.0,0.0,0.0,0.0,0.0,0.0,0.0,0.0,0.0,0.0,0.0,0.0,0.0,0.0,0.0,0.0,0.0,0.0,0.0,0.0,0.0,0.0,0.0,0.0,0.0,0.0,0.0,0.0,0.0,0.0,0.0,0.0,0.0,0.0,0.0,0.0,0.0,0.0,0.0,0.0,0.0,0.0,0.0,0.0,0.0,0.0,0.0,0.0,0.0,0.0,0.0,0.0,0.0,0.0,0.0,0.0,0.0,0.0,0.0,0.0,0.0,0.0,0.0,0.0,0.0,0.0,0.0,0.0,0.0,0.0,0.0,0.0,0.0,0.0,0.0,0.0,0.0,0.0,0.0,0.0,0.0,0.0,0.0,0.0,0.0,0.0,0.0,0.0,0.0,0.0,0.0,0.0,0.0,0.0,0.0,0.0,0.0,0.0,0.0,0.0,0.0,0.0,0.0,0.0,0.0,0.0,0.0,0.0,0.0,0.0,0.0,0.0,0.0,0.0,0.0,0.0,0.0,0.0,0.0,0.0,0.0,0.0,0.0,0.0,0.0,0.0,0.0,0.0,0.0,0.0,0.0,0.0,0.0,0.0,0.0,0.0,0.0,0.0,0.0,0.0,0.0,0.0,0.0,0.0,0.0,0.0,0.0,0.0,0.0,0.0,0.0,0.0,0.0,0.0,0.0,0.0,0.0,0.0,0.2457975298457133,2025-10,0.9635953307151794,0.2612993121147156,0.4320415556430816,0.0,0.0,0.0
S2C_MSIL2A_20251023T062941_R077_T40QGL_20251023T095722_0001.jpg,S2C_MSIL2A_20251023T062941_R077_T40QGL_20251023T095722,2025-10-23 06:29:41.025000+00:00,-0.1437420547008514,2.9802322387695312e-08,0.0230524837970733,0.0,0.8976142406463623,1.788139343261719e-07,16384,2025-10_c6e55a1284b84ef8,2025-10,0.168234,0.0386,0.0501151,27.43,0.0501151,2025,10,-0.8660254037844386,0.5000000000000001,autumn,0,0,0,1,-3.2545030025113517,-1.7823994115617332,-2.9934329190967426,4.358393782383419,0.0084310637334,1.298318652849741,0.0,0.0,0.0,0.0,0.0,0.0,0.0,0.0,0.0,0.0,0.0,0.0,0.0,0.0,0.0,0.0,0.0,0.0,0.0,0.0,0.0,0.0,0.0,0.0,0.0,0.0,0.0,0.0,0.0,0.0,0.0,0.0,0.0,0.0,0.0,0.0,0.0,0.0,0.0,0.0,0.0,0.0,0.0,0.0,0.0,0.0,0.0,0.0,0.0,0.0,0.0,0.0,0.0,0.0,0.0,0.0,0.0,0.0,0.0,0.0,0.0,0.0,0.0,0.0,0.0,0.0,0.0,0.0,0.0,0.0,0.0,0.0,0.0,0.0,0.0,0.0,0.0,0.0,0.0,0.0,0.0,0.0,0.0,0.0,0.0,0.0,0.0,0.0,0.0,0.0,0.0,0.0,0.0,0.0,0.0,0.0,0.0,0.0,0.0,0.0,0.0,0.0,0.0,0.0,0.0,0.0,0.0,0.0,0.0,0.0,0.0,0.0,0.0,0.0,0.0,0.0,0.0,0.0,0.0,0.0,0.0,0.0,0.0,0.0,0.0,0.0,0.0,0.0,0.0,0.0,0.0,0.0,0.0,0.0,0.0,0.0,0.0,0.0,0.0,0.0,0.0,0.0,0.0,0.0,0.0,0.0,0.0,0.0,0.0,0.0,0.0,0.0,0.0,0.0,0.0,0.0,0.0,0.0,0.0,0.0,0.0,0.0,0.0,0.0,0.0,0.0,0.0,0.0,0.0,0.0,0.0,0.0,0.0,0.0,0.0,0.0,0.0,0.0,0.0,0.0,0.0,0.0,0.0,0.0,0.0,0.0,0.0,0.0,0.0,0.0,0.2457975298457133,2025-10,0.9022474884986876,0.3031807541847229,0.4272992014884949,0.0,0.0,0.0
S2A_MSIL2A_20251104T063321_R077_T40QGL_20251104T090411_0000.jpg,S2A_MSIL2A_20251104T063321_R077_T40QGL_20251104T090411,2025-11-04 06:33:21.024000+00:00,-0.1337170302867889,1.4901161193847656e-08,0.0274196565151214,0.0,0.9226836562156676,1.1920928955078125e-07,16384,2025-11_92ef737075266a82,2025-11,0.161772,0.0232,0.0306499,28.245,0.0306499,2025,11,-0.5000000000000004,0.8660254037844384,autumn,0,0,0,1,-3.763603000309873,-1.8215673424852097,-3.48512587924798,6.972931034482759,0.0049582956228,1.3211163793103449,0.0,0.0,0.0,0.0,0.0,0.0,0.0,0.0,0.0,0.0,0.0,0.0,0.0,0.0,0.0,0.0,0.0,0.0,0.0,0.0,0.0,0.0,0.0,0.0,0.0,0.0,0.0,0.0,0.0,0.0,0.0,0.0,0.0,0.0,0.0,0.0,0.0,0.0,0.0,0.0,0.0,0.0,0.0,0.0,0.0,0.0,0.0,0.0,0.0,0.0,0.0,0.0,0.0,0.0,0.0,0.0,0.0,0.0,0.0,0.0,0.0,0.0,0.0,0.0,0.0,0.0,0.0,0.0,0.0,0.0,0.0,0.0,0.0,0.0,0.0,0.0,0.0,0.0,0.0,0.0,0.0,0.0,0.0,0.0,0.0,0.0,0.0,0.0,0.0,0.0,0.0,0.0,0.0,0.0,0.0,0.0,0.0,0.0,0.0,0.0,0.0,0.0,0.0,0.0,0.0,0.0,0.0,0.0,0.0,0.0,0.0,0.0,0.0,0.0,0.0,0.0,0.0,0.0,0.0,0.0,0.0,0.0,0.0,0.0,0.0,0.0,0.0,0.0,0.0,0.0,0.0,0.0,0.0,0.0,0.0,0.0,0.0,0.0,0.0,0.0,0.0,0.0,0.0,0.0,0.0,0.0,0.0,0.0,0.0,0.0,0.0,0.0,0.0,0.0,0.0,0.0,0.0,0.0,0.0,0.0,0.0,0.0,0.0,0.0,0.0,0.0,0.0,0.0,0.0,0.0,0.0,0.0,0.0,0.0,0.0,0.0,0.0,0.0,0.0,0.0,0.0,0.0,0.0,0.0,0.0,0.0,0.0,0.0,0.0,0.0,0.3044138568747462,2025-11,0.9635934233665466,0.22462098300457,0.4195564687252044,0.0,0.0,0.0
S2A_MSIL2A_20251104T063321_R077_T40QGL_20251104T090411_0001.jpg,S2A_MSIL2A_20251104T063321_R077_T40QGL_20251104T090411,2025-11-04 06:33:21.024000+00:00,-0.1337170302867889,1.4901161193847656e-08,0.0274196565151214,0.0,0.9226836562156676,1.1920928955078125e-07,16384,2025-11_274ee3020e16184a,2025-11,0.161772,0.0232,0.0306499,28.245,0.0306499,2025,11,-0.5000000000000004,0.8660254037844384,autumn,0,0,0,1,-3.763603000309873,-1.8215673424852097,-3.48512587924798,6.972931034482759,0.0049582956228,1.3211163793103449,0.0,0.0,0.0,0.0,0.0,0.0,0.0,0.0,0.0,0.0,0.0,0.0,0.0,0.0,0.0,0.0,0.0,0.0,0.0,0.0,0.0,0.0,0.0,0.0,0.0,0.0,0.0,0.0,0.0,0.0,0.0,0.0,0.0,0.0,0.0,0.0,0.0,0.0,0.0,0.0,0.0,0.0,0.0,0.0,0.0,0.0,0.0,0.0,0.0,0.0,0.0,0.0,0.0,0.0,0.0,0.0,0.0,0.0,0.0,0.0,0.0,0.0,0.0,0.0,0.0,0.0,0.0,0.0,0.0,0.0,0.0,0.0,0.0,0.0,0.0,0.0,0.0,0.0,0.0,0.0,0.0,0.0,0.0,0.0,0.0,0.0,0.0,0.0,0.0,0.0,0.0,0.0,0.0,0.0,0.0,0.0,0.0,0.0,0.0,0.0,0.0,0.0,0.0,0.0,0.0,0.0,0.0,0.0,0.0,0.0,0.0,0.0,0.0,0.0,0.0,0.0,0.0,0.0,0.0,0.0,0.0,0.0,0.0,0.0,0.0,0.0,0.0,0.0,0.0,0.0,0.0,0.0,0.0,0.0,0.0,0.0,0.0,0.0,0.0,0.0,0.0,0.0,0.0,0.0,0.0,0.0,0.0,0.0,0.0,0.0,0.0,0.0,0.0,0.0,0.0,0.0,0.0,0.0,0.0,0.0,0.0,0.0,0.0,0.0,0.0,0.0,0.0,0.0,0.0,0.0,0.0,0.0,0.0,0.0,0.0,0.0,0.0,0.0,0.0,0.0,0.0,0.0,0.0,0.0,0.0,0.0,0.0,0.0,0.0,0.0,0.3044138568747462,2025-11,0.9403322339057922,0.27004474401474,0.4254574775695801,0.0,0.0,0.0
S2C_MSIL2A_20251122T063211_R077_T40QGL_20251122T090818_0000.jpg,S2C_MSIL2A_20251122T063211_R077_T40QGL_20251122T090818,2025-11-22 06:32:11.025000+00:00,-0.1441155225038528,0.0,0.0252655446529388,0.0,0.9042880535125732,1.1920928955078125e-07,16384,2025-11_abe4dcfcd20f80a7,2025-11,0.143597,0.0352,0.068475,28.75,0.068475,2025,11,-0.5000000000000004,0.8660254037844384,autumn,0,0,0,1,-3.3467091963780855,-1.9407445139511432,-2.6812865638329955,4.079460227272727,0.009832804575,1.9453125,0.0,0.0,0.0,0.0,0.0,0.0,0.0,0.0,0.0,0.0,0.0,0.0,0.0,0.0,0.0,0.0,0.0,0.0,0.0,0.0,0.0,0.0,0.0,0.0,0.0,0.0,0.0,0.0,0.0,0.0,0.0,0.0,0.0,0.0,0.0,0.0,0.0,0.0,0.0,0.0,0.0,0.0,0.0,0.0,0.0,0.0,0.0,0.0,0.0,0.0,0.0,0.0,0.0,0.0,0.0,0.0,0.0,0.0,0.0,0.0,0.0,0.0,0.0,0.0,0.0,0.0,0.0,0.0,0.0,0.0,0.0,0.0,0.0,0.0,0.0,0.0,0.0,0.0,0.0,0.0,0.0,0.0,0.0,0.0,0.0,0.0,0.0,0.0,0.0,0.0,0.0,0.0,0.0,0.0,0.0,0.0,0.0,0.0,0.0,0.0,0.0,0.0,0.0,0.0,0.0,0.0,0.0,0.0,0.0,0.0,0.0,0.0,0.0,0.0,0.0,0.0,0.0,0.0,0.0,0.0,0.0,0.0,0.0,0.0,0.0,0.0,0.0,0.0,0.0,0.0,0.0,0.0,0.0,0.0,0.0,0.0,0.0,0.0,0.0,0.0,0.0,0.0,0.0,0.0,0.0,0.0,0.0,0.0,0.0,0.0,0.0,0.0,0.0,0.0,0.0,0.0,0.0,0.0,0.0,0.0,0.0,0.0,0.0,0.0,0.0,0.0,0.0,0.0,0.0,0.0,0.0,0.0,0.0,0.0,0.0,0.0,0.0,0.0,0.0,0.0,0.0,0.0,0.0,0.0,0.0,0.0,0.0,0.0,0.0,0.0,0.3186484962544708,2025-11,0.9684943556785583,0.2517552673816681,0.4499505460262298,0.0,0.0,0.0
S2C_MSIL2A_20251122T063211_R077_T40QGL_20251122T090818_0001.jpg,S2C_MSIL2A_20251122T063211_R077_T40QGL_20251122T090818,2025-11-22 06:32:11.025000+00:00,-0.1441155225038528,0.0,0.0252655446529388,0.0,0.9042880535125732,1.1920928955078125e-07,16384,2025-11_b18255724a2e574e,2025-11,0.143597,0.0352,0.068475,28.75,0.068475,2025,11,-0.5000000000000004,0.8660254037844384,autumn,0,0,0,1,-3.3467091963780855,-1.9407445139511432,-2.6812865638329955,4.079460227272727,0.009832804575,1.9453125,0.0,0.0,0.0,0.0,0.0,0.0,0.0,0.0,0.0,0.0,0.0,0.0,0.0,0.0,0.0,0.0,0.0,0.0,0.0,0.0,0.0,0.0,0.0,0.0,0.0,0.0,0.0,0.0,0.0,0.0,0.0,0.0,0.0,0.0,0.0,0.0,0.0,0.0,0.0,0.0,0.0,0.0,0.0,0.0,0.0,0.0,0.0,0.0,0.0,0.0,0.0,0.0,0.0,0.0,0.0,0.0,0.0,0.0,0.0,0.0,0.0,0.0,0.0,0.0,0.0,0.0,0.0,0.0,0.0,0.0,0.0,0.0,0.0,0.0,0.0,0.0,0.0,0.0,0.0,0.0,0.0,0.0,0.0,0.0,0.0,0.0,0.0,0.0,0.0,0.0,0.0,0.0,0.0,0.0,0.0,0.0,0.0,0.0,0.0,0.0,0.0,0.0,0.0,0.0,0.0,0.0,0.0,0.0,0.0,0.0,0.0,0.0,0.0,0.0,0.0,0.0,0.0,0.0,0.0,0.0,0.0,0.0,0.0,0.0,0.0,0.0,0.0,0.0,0.0,0.0,0.0,0.0,0.0,0.0,0.0,0.0,0.0,0.0,0.0,0.0,0.0,0.0,0.0,0.0,0.0,0.0,0.0,0.0,0.0,0.0,0.0,0.0,0.0,0.0,0.0,0.0,0.0,0.0,0.0,0.0,0.0,0.0,0.0,0.0,0.0,0.0,0.0,0.0,0.0,0.0,0.0,0.0,0.0,0.0,0.0,0.0,0.0,0.0,0.0,0.0,0.0,0.0,0.0,0.0,0.0,0.0,0.0,0.0,0.0,0.0,0.3315077039227525,2025-11,0.9197007417678832,0.2813381254673004,0.3676135540008545,0.0,0.0,0.0
S2C_MSIL2A_20251202T063241_R077_T40QGL_20251202T103810_0000.jpg,S2C_MSIL2A_20251202T063241_R077_T40QGL_20251202T103810,2025-12-02 06:32:41.025000+00:00,-0.1318507045507431,0.0,0.0208131074905395,0.0,0.9048119187355042,1.1920928955078125e-07,16384,2025-12_f37fc687c893e9da,2025-12,0.143597,0.0352,0.068475,28.74,0.068475,2025,12,-2.4492935982947064e-16,1.0,winter,1,0,0,0,-3.3467091963780855,-1.9407445139511432,-2.6812865638329955,4.079460227272727,0.009832804575,1.9453125,0.0,0.0,0.0,0.0,0.0,0.0,0.0,0.0,0.0,0.0,0.0,0.0,0.0,0.0,0.0,0.0,0.0,0.0,0.0,0.0,0.0,0.0,0.0,0.0,0.0,0.0,0.0,0.0,0.0,0.0,0.0,0.0,0.0,0.0,0.0,0.0,0.0,0.0,0.0,0.0,0.0,0.0,0.0,0.0,0.0,0.0,0.0,0.0,0.0,0.0,0.0,0.0,0.0,0.0,0.0,0.0,0.0,0.0,0.0,0.0,0.0,0.0,0.0,0.0,0.0,0.0,0.0,0.0,0.0,0.0,0.0,0.0,0.0,0.0,0.0,0.0,0.0,0.0,0.0,0.0,0.0,0.0,0.0,0.0,0.0,0.0,0.0,0.0,0.0,0.0,0.0,0.0,0.0,0.0,0.0,0.0,0.0,0.0,0.0,0.0,0.0,0.0,0.0,0.0,0.0,0.0,0.0,0.0,0.0,0.0,0.0,0.0,0.0,0.0,0.0,0.0,0.0,0.0,0.0,0.0,0.0,0.0,0.0,0.0,0.0,0.0,0.0,0.0,0.0,0.0,0.0,0.0,0.0,0.0,0.0,0.0,0.0,0.0,0.0,0.0,0.0,0.0,0.0,0.0,0.0,0.0,0.0,0.0,0.0,0.0,0.0,0.0,0.0,0.0,0.0,0.0,0.0,0.0,0.0,0.0,0.0,0.0,0.0,0.0,0.0,0.0,0.0,0.0,0.0,0.0,0.0,0.0,0.0,0.0,0.0,0.0,0.0,0.0,0.0,0.0,0.0,0.0,0.0,0.0,0.0,0.0,0.0,0.0,0.0,0.0,0.3105729201053035,2025-12,0.9624205827713012,0.2560864686965942,0.398248016834259,0.0,0.0,0.0
S2C_MSIL2A_20251202T063241_R077_T40QGL_20251202T103810_0001.jpg,S2C_MSIL2A_20251202T063241_R077_T40QGL_20251202T103810,2025-12-02 06:32:41.025000+00:00,-0.1318507045507431,0.0,0.0208131074905395,0.0,0.9048119187355042,1.1920928955078125e-07,16384,2025-12_33c69b378097f2e5,2025-12,0.143597,0.0352,0.068475,28.74,0.068475,2025,12,-2.4492935982947064e-16,1.0,winter,1,0,0,0,-3.3467091963780855,-1.9407445139511432,-2.6812865638329955,4.079460227272727,0.009832804575,1.9453125,0.0,0.0,0.0,0.0,0.0,0.0,0.0,0.0,0.0,0.0,0.0,0.0,0.0,0.0,0.0,0.0,0.0,0.0,0.0,0.0,0.0,0.0,0.0,0.0,0.0,0.0,0.0,0.0,0.0,0.0,0.0,0.0,0.0,0.0,0.0,0.0,0.0,0.0,0.0,0.0,0.0,0.0,0.0,0.0,0.0,0.0,0.0,0.0,0.0,0.0,0.0,0.0,0.0,0.0,0.0,0.0,0.0,0.0,0.0,0.0,0.0,0.0,0.0,0.0,0.0,0.0,0.0,0.0,0.0,0.0,0.0,0.0,0.0,0.0,0.0,0.0,0.0,0.0,0.0,0.0,0.0,0.0,0.0,0.0,0.0,0.0,0.0,0.0,0.0,0.0,0.0,0.0,0.0,0.0,0.0,0.0,0.0,0.0,0.0,0.0,0.0,0.0,0.0,0.0,0.0,0.0,0.0,0.0,0.0,0.0,0.0,0.0,0.0,0.0,0.0,0.0,0.0,0.0,0.0,0.0,0.0,0.0,0.0,0.0,0.0,0.0,0.0,0.0,0.0,0.0,0.0,0.0,0.0,0.0,0.0,0.0,0.0,0.0,0.0,0.0,0.0,0.0,0.0,0.0,0.0,0.0,0.0,0.0,0.0,0.0,0.0,0.0,0.0,0.0,0.0,0.0,0.0,0.0,0.0,0.0,0.0,0.0,0.0,0.0,0.0,0.0,0.0,0.0,0.0,0.0,0.0,0.0,0.0,0.0,0.0,0.0,0.0,0.0,0.0,0.0,0.0,0.0,0.0,0.0,0.0,0.0,0.0,0.0,0.0,0.0,0.3105729201053035,2025-12,0.9204288125038148,0.3039889633655548,0.3753777146339416,0.0,0.0,0.0
S2B_MSIL2A_20251217T063159_R077_T40QGL_20251217T075428_0000.jpg,S2B_MSIL2A_20251217T063159_R077_T40QGL_20251217T075428,2025-12-17 06:31:59.024000+00:00,-0.1295531094074249,2.9802322387695312e-08,0.0228393375873565,0.0,0.913625955581665,1.788139343261719e-07,16384,2025-12_3d3a9715c1e48d68,2025-12,0.143597,0.0352,0.068475,28.175,0.068475,2025,12,-2.4492935982947064e-16,1.0,winter,1,0,0,0,-3.3467091963780855,-1.9407445139511432,-2.6812865638329955,4.079460227272727,0.009832804575,1.9453125,0.0,0.0,0.0,0.0,0.0,0.0,0.0,0.0,0.0,0.0,0.0,0.0,0.0,0.0,0.0,0.0,0.0,0.0,0.0,0.0,0.0,0.0,0.0,0.0,0.0,0.0,0.0,0.0,0.0,0.0,0.0,0.0,0.0,0.0,0.0,0.0,0.0,0.0,0.0,0.0,0.0,0.0,0.0,0.0,0.0,0.0,0.0,0.0,0.0,0.0,0.0,0.0,0.0,0.0,0.0,0.0,0.0,0.0,0.0,0.0,0.0,0.0,0.0,0.0,0.0,0.0,0.0,0.0,0.0,0.0,0.0,0.0,0.0,0.0,0.0,0.0,0.0,0.0,0.0,0.0,0.0,0.0,0.0,0.0,0.0,0.0,0.0,0.0,0.0,0.0,0.0,0.0,0.0,0.0,0.0,0.0,0.0,0.0,0.0,0.0,0.0,0.0,0.0,0.0,0.0,0.0,0.0,0.0,0.0,0.0,0.0,0.0,0.0,0.0,0.0,0.0,0.0,0.0,0.0,0.0,0.0,0.0,0.0,0.0,0.0,0.0,0.0,0.0,0.0,0.0,0.0,0.0,0.0,0.0,0.0,0.0,0.0,0.0,0.0,0.0,0.0,0.0,0.0,0.0,0.0,0.0,0.0,0.0,0.0,0.0,0.0,0.0,0.0,0.0,0.0,0.0,0.0,0.0,0.0,0.0,0.0,0.0,0.0,0.0,0.0,0.0,0.0,0.0,0.0,0.0,0.0,0.0,0.0,0.0,0.0,0.0,0.0,0.0,0.0,0.0,0.0,0.0,0.0,0.0,0.0,0.0,0.0,0.0,0.0,0.0,0.2724251947206372,2025-12,0.9504780173301696,0.2219216078519821,0.4227518737316131,0.0,0.0,0.0
S2B_MSIL2A_20251217T063159_R077_T40QGL_20251217T075428_0001.jpg,S2B_MSIL2A_20251217T063159_R077_T40QGL_20251217T075428,2025-12-17 06:31:59.024000+00:00,-0.1295531094074249,2.9802322387695312e-08,0.0228393375873565,0.0,0.913625955581665,1.788139343261719e-07,16384,2025-12_dac4bc53fdad7c1d,2025-12,0.143597,0.0352,0.068475,28.175,0.068475,2025,12,-2.4492935982947064e-16,1.0,winter,1,0,0,0,-3.3467091963780855,-1.9407445139511432,-2.6812865638329955,4.079460227272727,0.009832804575,1.9453125,0.0,0.0,0.0,0.0,0.0,0.0,0.0,0.0,0.0,0.0,0.0,0.0,0.0,0.0,0.0,0.0,0.0,0.0,0.0,0.0,0.0,0.0,0.0,0.0,0.0,0.0,0.0,0.0,0.0,0.0,0.0,0.0,0.0,0.0,0.0,0.0,0.0,0.0,0.0,0.0,0.0,0.0,0.0,0.0,0.0,0.0,0.0,0.0,0.0,0.0,0.0,0.0,0.0,0.0,0.0,0.0,0.0,0.0,0.0,0.0,0.0,0.0,0.0,0.0,0.0,0.0,0.0,0.0,0.0,0.0,0.0,0.0,0.0,0.0,0.0,0.0,0.0,0.0,0.0,0.0,0.0,0.0,0.0,0.0,0.0,0.0,0.0,0.0,0.0,0.0,0.0,0.0,0.0,0.0,0.0,0.0,0.0,0.0,0.0,0.0,0.0,0.0,0.0,0.0,0.0,0.0,0.0,0.0,0.0,0.0,0.0,0.0,0.0,0.0,0.0,0.0,0.0,0.0,0.0,0.0,0.0,0.0,0.0,0.0,0.0,0.0,0.0,0.0,0.0,0.0,0.0,0.0,0.0,0.0,0.0,0.0,0.0,0.0,0.0,0.0,0.0,0.0,0.0,0.0,0.0,0.0,0.0,0.0,0.0,0.0,0.0,0.0,0.0,0.0,0.0,0.0,0.0,0.0,0.0,0.0,0.0,0.0,0.0,0.0,0.0,0.0,0.0,0.0,0.0,0.0,0.0,0.0,0.0,0.0,0.0,0.0,0.0,0.0,0.0,0.0,0.0,0.0,0.0,0.0,0.0,0.0,0.0,0.0,0.0,0.0,0.2724251947206372,2025-12,0.8604291081428528,0.315973550081253,0.4133892655372619,0.0,0.0,0.0
S2B_MSIL2A_20251227T063159_R077_T40QGL_20251227T083938_0000.jpg,S2B_MSIL2A_20251227T063159_R077_T40QGL_20251227T083938,2025-12-27 06:31:59.024000+00:00,-0.012377306818962,0.0,-0.0207868814468383,0.0,0.9620562195777892,5.960464477539065e-08,16384,2025-12_8946e680729c809b,2025-12,0.0,0.0,,27.21,0.0,2025,12,-2.4492935982947064e-16,1.0,winter,1,0,0,0,0.0,0.0,0.0,0.0,0.0,0.0,0.0,0.0,0.0,0.0,0.0,0.0,0.0,0.0,0.0,0.0,0.0,0.0,0.0,0.0,0.0,0.0,0.0,0.0,0.0,0.0,0.0,0.0,0.0,0.0,0.0,0.0,0.0,0.0,0.0,0.0,0.0,0.0,0.0,0.0,0.0,0.0,0.0,0.0,0.0,0.0,0.0,0.0,0.0,0.0,0.0,0.0,0.0,0.0,0.0,0.0,0.0,0.0,0.0,0.0,0.0,0.0,0.0,0.0,0.0,0.0,0.0,0.0,0.0,0.0,0.0,0.0,0.0,0.0,0.0,0.0,0.0,0.0,0.0,0.0,0.0,0.0,0.0,0.0,0.0,0.0,0.0,0.0,0.0,0.0,0.0,0.0,0.0,0.0,0.0,0.0,0.0,0.0,0.0,0.0,0.0,0.0,0.0,0.0,0.0,0.0,0.0,0.0,0.0,0.0,0.0,0.0,0.0,0.0,0.0,0.0,0.0,0.0,0.0,0.0,0.0,0.0,0.0,0.0,0.0,0.0,0.0,0.0,0.0,0.0,0.0,0.0,0.0,0.0,0.0,0.0,0.0,0.0,0.0,0.0,0.0,0.0,0.0,0.0,0.0,0.0,0.0,0.0,0.0,0.0,0.0,0.0,0.0,0.0,0.0,0.0,0.0,0.0,0.0,0.0,0.0,0.0,0.0,0.0,0.0,0.0,0.0,0.0,0.0,0.0,0.0,0.0,0.0,0.0,0.0,0.0,0.0,0.0,0.0,0.0,0.0,0.0,0.0,0.0,0.0,0.0,0.0,0.0,0.0,0.0,0.0,0.0,0.0,0.0,0.0,0.0,0.4681028824402359,2025-12,0.9656899571418762,0.2174450904130935,0.3973001539707184,0.0,0.0,0.0
S2B_MSIL2A_20251227T063159_R077_T40QGL_20251227T083938_0001.jpg,S2B_MSIL2A_20251227T063159_R077_T40QGL_20251227T083938,2025-12-27 06:31:59.024000+00:00,-0.012377306818962,0.0,-0.0207868814468383,0.0,0.9620562195777892,5.960464477539065e-08,16384,2025-12_c356f70599fabd02,2025-12,0.0,0.0,,27.21,0.0,2025,12,-2.4492935982947064e-16,1.0,winter,1,0,0,0,0.0,0.0,0.0,0.0,0.0,0.0,0.0,0.0,0.0,0.0,0.0,0.0,0.0,0.0,0.0,0.0,0.0,0.0,0.0,0.0,0.0,0.0,0.0,0.0,0.0,0.0,0.0,0.0,0.0,0.0,0.0,0.0,0.0,0.0,0.0,0.0,0.0,0.0,0.0,0.0,0.0,0.0,0.0,0.0,0.0,0.0,0.0,0.0,0.0,0.0,0.0,0.0,0.0,0.0,0.0,0.0,0.0,0.0,0.0,0.0,0.0,0.0,0.0,0.0,0.0,0.0,0.0,0.0,0.0,0.0,0.0,0.0,0.0,0.0,0.0,0.0,0.0,0.0,0.0,0.0,0.0,0.0,0.0,0.0,0.0,0.0,0.0,0.0,0.0,0.0,0.0,0.0,0.0,0.0,0.0,0.0,0.0,0.0,0.0,0.0,0.0,0.0,0.0,0.0,0.0,0.0,0.0,0.0,0.0,0.0,0.0,0.0,0.0,0.0,0.0,0.0,0.0,0.0,0.0,0.0,0.0,0.0,0.0,0.0,0.0,0.0,0.0,0.0,0.0,0.0,0.0,0.0,0.0,0.0,0.0,0.0,0.0,0.0,0.0,0.0,0.0,0.0,0.0,0.0,0.0,0.0,0.0,0.0,0.0,0.0,0.0,0.0,0.0,0.0,0.0,0.0,0.0,0.0,0.0,0.0,0.0,0.0,0.0,0.0,0.0,0.0,0.0,0.0,0.0,0.0,0.0,0.0,0.0,0.0,0.0,0.0,0.0,0.0,0.0,0.0,0.0,0.0,0.0,0.0,0.0,0.0,0.0,0.0,0.0,0.0,0.0,0.0,0.0,0.0,0.0,0.0,0.5060756046249699,2025-12,0.9077592492103576,0.2932114005088806,0.4875875115394592,0.0,0.0,0.0
