tile,scene_id,hab_label_trusted,month_key,region_key,p_fused,yhat,thr_star
S2B_MSIL2A_20170731T065619_R063_T39QXG_20210210T172720_0000.jpg,S2B_MSIL2A_20170731T065619_R063_T39QXG_20210210T172720,1,2017-07,T39QXG,0.9660844400348402,0,0.9918095040249101
S2A_MSIL2A_20170606T065621_R063_T39QXG_20210209T205041_0000.jpg,S2A_MSIL2A_20170606T065621_R063_T39QXG_20210209T205041,1,2017-06,T39QXG,0.9310108416674597,0,0.9918095040249101
S2A_MSIL2A_20180929T065651_R063_T39QXG_20201009T060705_0000.jpg,S2A_MSIL2A_20180929T065651_R063_T39QXG_20201009T060705,0,2018-09,T39QXG,0.9945553248262994,1,0.9918095040249101
S2B_MSIL2A_20180904T065619_R063_T39QXG_20201011T083613_0000.jpg,S2B_MSIL2A_20180904T065619_R063_T39QXG_20201011T083613,0,2018-09,T39QXG,0.33537671999991264,0,0.9918095040249101
S2A_MSIL2A_20180830T065621_R063_T39QXG_20201103T141110_0000.jpg,S2A_MSIL2A_20180830T065621_R063_T39QXG_20201103T141110,1,2018-08,T39QXG,0.6849056105362596,0,0.9918095040249101
S2B_MSIL2A_20180706T065619_R063_T39QXG_20201011T124309_0000.jpg,S2B_MSIL2A_20180706T065619_R063_T39QXG_20201011T124309,0,2018-07,T39QXG,0.5887372407008383,0,0.9918095040249101
S2A_MSIL2A_20180701T065621_R063_T39QXG_20201011T104015_0000.jpg,S2A_MSIL2A_20180701T065621_R063_T39QXG_20201011T104015,1,2018-07,T39QXG,0.9314641848518881,0,0.9918095040249101
S2A_MSIL2A_20190825T065621_R063_T39QXG_20201005T043538_0000.jpg,S2A_MSIL2A_20190825T065621_R063_T39QXG_20201005T043538,1,2019-08,T39QXG,0.9915801724558537,0,0.9918095040249101
S2A_MSIL2A_20200918T065631_R063_T39QXG_20200921T101042_0000.jpg,S2A_MSIL2A_20200918T065631_R063_T39QXG_20200921T101042,1,2020-09,T39QXG,0.9963256253270024,1,0.9918095040249101
S2A_MSIL2A_20210923T065631_R063_T39QXG_20210924T013326_0000.jpg,S2A_MSIL2A_20210923T065631_R063_T39QXG_20210924T013326,1,2021-09,T39QXG,0.9906864354245288,0,0.9918095040249101
S2A_MSIL2A_20210913T065621_R063_T39QXG_20210913T211924_0000.jpg,S2A_MSIL2A_20210913T065621_R063_T39QXG_20210913T211924,0,2021-09,T39QXG,0.08787234034073801,0,0.9918095040249101
S2B_MSIL2A_20210908T065619_R063_T39QXG_20210908T213712_0000.jpg,S2B_MSIL2A_20210908T065619_R063_T39QXG_20210908T213712,0,2021-09,T39QXG,0.09758680192789208,0,0.9918095040249101
S2B_MSIL2A_20210819T065619_R063_T39QXG_20210819T181500_0000.jpg,S2B_MSIL2A_20210819T065619_R063_T39QXG_20210819T181500,0,2021-08,T39QXG,0.03205527211047094,0,0.9918095040249101
S2A_MSIL2A_20210725T065631_R063_T39QXG_20210726T051413_0000.jpg,S2A_MSIL2A_20210725T065631_R063_T39QXG_20210726T051413,0,2021-07,T39QXG,0.04625043930768658,0,0.9918095040249101
S2A_MSIL2A_20220928T065651_R063_T39QXG_20240730T192859_0000.jpg,S2A_MSIL2A_20220928T065651_R063_T39QXG_20240730T192859,1,2022-09,T39QXG,0.9982038703851428,1,0.9918095040249101
S2B_MSIL2A_20220913T065629_R063_T39QXG_20220913T171218_0000.jpg,S2B_MSIL2A_20220913T065629_R063_T39QXG_20220913T171218,0,2022-09,T39QXG,0.01235317759220095,0,0.9918095040249101
S2A_MSIL2A_20220819T065641_R063_T39QXG_20240720T015827_0000.jpg,S2A_MSIL2A_20220819T065641_R063_T39QXG_20240720T015827,1,2022-08,T39QXG,0.9967441453537316,1,0.9918095040249101
S2B_MSIL2A_20220814T065629_R063_T39QXG_20220814T151723_0000.jpg,S2B_MSIL2A_20220814T065629_R063_T39QXG_20220814T151723,1,2022-08,T39QXG,0.9943567900166959,1,0.9918095040249101
S2A_MSIL2A_20230913T065631_R063_T39QXG_20230913T132300_0000.jpg,S2A_MSIL2A_20230913T065631_R063_T39QXG_20230913T132300,1,2023-09,T39QXG,0.9901479974368997,0,0.9918095040249101
S2B_MSIL2A_20230908T065629_R063_T39QXG_20230908T143733_0000.jpg,S2B_MSIL2A_20230908T065629_R063_T39QXG_20230908T143733,1,2023-09,T39QXG,0.9932901613796438,1,0.9918095040249101
S2A_MSIL2A_20230903T065631_R063_T39QXG_20230903T134044_0000.jpg,S2A_MSIL2A_20230903T065631_R063_T39QXG_20230903T134044,0,2023-09,T39QXG,0.04601606628663335,0,0.9918095040249101
S2B_MSIL2A_20230829T065629_R063_T39QXG_20230829T131134_0000.jpg,S2B_MSIL2A_20230829T065629_R063_T39QXG_20230829T131134,0,2023-08,T39QXG,0.025115616862836698,0,0.9918095040249101
S2B_MSIL2A_20180328T065919_R063_T39QXG_20201013T154107_0000.jpg,S2B_MSIL2A_20180328T065919_R063_T39QXG_20201013T154107,0,2018-03,T39QXG,0.027830217848346408,0,0.9918095040249101
S2A_MSIL2A_20180201T070111_R063_T39QXG_20201013T174623_0000.jpg,S2A_MSIL2A_20180201T070111_R063_T39QXG_20201013T174623,1,2018-02,T39QXG,0.18694276279938202,0,0.9918095040249101
S2B_MSIL2A_20190221T065919_R063_T39QXG_20201007T191341_0000.jpg,S2B_MSIL2A_20190221T065919_R063_T39QXG_20201007T191341,0,2019-02,T39QXG,0.02375206519720356,0,0.9918095040249101
S2A_MSIL2A_20190206T070051_R063_T39QXG_20201007T142408_0000.jpg,S2A_MSIL2A_20190206T070051_R063_T39QXG_20201007T142408,1,2019-02,T39QXG,0.9939793813476069,1,0.9918095040249101
S2B_MSIL2A_20200317T065619_R063_T39QXG_20201010T111701_0000.jpg,S2B_MSIL2A_20200317T065619_R063_T39QXG_20201010T111701,1,2020-03,T39QXG,0.40722011791588897,0,0.9918095040249101
S2B_MSIL2A_20200127T070139_R063_T39QXG_20201002T124936_0000.jpg,S2B_MSIL2A_20200127T070139_R063_T39QXG_20201002T124936,0,2020-01,T39QXG,0.09679877371657354,0,0.9918095040249101
S2B_MSIL2A_20200107T070249_R063_T39QXG_20201029T121541_0000.jpg,S2B_MSIL2A_20200107T070249_R063_T39QXG_20201029T121541,1,2020-01,T39QXG,0.4568921975826425,0,0.9918095040249101
S2A_MSIL2A_20200102T070301_R063_T39QXG_20201002T215142_0000.jpg,S2A_MSIL2A_20200102T070301_R063_T39QXG_20201002T215142,1,2020-01,T39QXG,0.3020741776620426,0,0.9918095040249101
S2B_MSIL2A_20220307T065729_R063_T39QXG_20220307T200029_0000.jpg,S2B_MSIL2A_20220307T065729_R063_T39QXG_20220307T200029,1,2022-03,T39QXG,0.9914747223571573,0,0.9918095040249101
S2A_MSIL2A_20220210T070031_R063_T39QXG_20220221T065843_0000.jpg,S2A_MSIL2A_20220210T070031_R063_T39QXG_20220221T065843,1,2022-02,T39QXG,0.9751801578915447,0,0.9918095040249101
S2B_MSIL2A_20230312T065709_R063_T39QXG_20230312T141426_0000.jpg,S2B_MSIL2A_20230312T065709_R063_T39QXG_20230312T141426,1,2023-03,T39QXG,0.9980422500173122,1,0.9918095040249101
S2B_MSIL2A_20230131T070119_R063_T39QXG_20230131T235314_0000.jpg,S2B_MSIL2A_20230131T070119_R063_T39QXG_20230131T235314,1,2023-01,T39QXG,0.9653618351816089,0,0.9918095040249101
S2A_MSIL2A_20240311T065701_R063_T39QXG_20240311T150535_0000.jpg,S2A_MSIL2A_20240311T065701_R063_T39QXG_20240311T150535,1,2024-03,T39QXG,0.9953915134343978,1,0.9918095040249101
S2C_MSIL2A_20250125T070221_R063_T39QXG_20250125T110112_0000.jpg,S2C_MSIL2A_20250125T070221_R063_T39QXG_20250125T110112,1,2025-01,T39QXG,0.9938723005500049,1,0.9918095040249101
S2A_MSIL2A_20170504T064631_R020_T40RDP_20210209T125341_0000.jpg,S2A_MSIL2A_20170504T064631_R020_T40RDP_20210209T125341,0,2017-05,T40RDP,0.0006501600898902947,0,0.9918095040249101
S2A_MSIL2A_20170504T064631_R020_T40RDP_20210209T125341_0001.jpg,S2A_MSIL2A_20170504T064631_R020_T40RDP_20210209T125341,0,2017-05,T40RDP,0.0008772568960261402,0,0.9918095040249101
S2A_MSIL2A_20170723T064631_R020_T40RDP_20210210T130856_0000.jpg,S2A_MSIL2A_20170723T064631_R020_T40RDP_20210210T130856,0,2017-07,T40RDP,0.005757274821524405,0,0.9918095040249101
S2A_MSIL2A_20170723T064631_R020_T40RDP_20210210T130856_0001.jpg,S2A_MSIL2A_20170723T064631_R020_T40RDP_20210210T130856,0,2017-07,T40RDP,0.0056772251478955475,0,0.9918095040249101
S2B_MSIL2A_20171115T065119_R020_T40RDP_20201014T200318_0000.jpg,S2B_MSIL2A_20171115T065119_R020_T40RDP_20201014T200318,0,2017-11,T40RDP,0.0017472252630727385,0,0.9918095040249101
S2B_MSIL2A_20171115T065119_R020_T40RDP_20201014T200318_0001.jpg,S2B_MSIL2A_20171115T065119_R020_T40RDP_20201014T200318,0,2017-11,T40RDP,0.0017297755725724634,0,0.9918095040249101
S2B_MSIL2A_20171205T065239_R020_T40RDP_20201014T120805_0000.jpg,S2B_MSIL2A_20171205T065239_R020_T40RDP_20201014T120805,0,2017-12,T40RDP,0.000653594268729965,0,0.9918095040249101
S2B_MSIL2A_20171205T065239_R020_T40RDP_20201014T120805_0001.jpg,S2B_MSIL2A_20171205T065239_R020_T40RDP_20201014T120805,0,2017-12,T40RDP,0.0006405977497130975,0,0.9918095040249101
S2B_MSIL2A_20180124T065149_R020_T40RDP_20201014T082610_0000.jpg,S2B_MSIL2A_20180124T065149_R020_T40RDP_20201014T082610,0,2018-01,T40RDP,0.014369584951848445,0,0.9918095040249101
S2B_MSIL2A_20180124T065149_R020_T40RDP_20201014T082610_0001.jpg,S2B_MSIL2A_20180124T065149_R020_T40RDP_20201014T082610,0,2018-01,T40RDP,0.01314583213969101,0,0.9918095040249101
S2A_MSIL2A_20180728T064631_R020_T40RDP_20201011T205420_0000.jpg,S2A_MSIL2A_20180728T064631_R020_T40RDP_20201011T205420,0,2018-07,T40RDP,0.00932649182820948,0,0.9918095040249101
S2A_MSIL2A_20180728T064631_R020_T40RDP_20201011T205420_0001.jpg,S2A_MSIL2A_20180728T064631_R020_T40RDP_20201011T205420,0,2018-07,T40RDP,0.009448951290484968,0,0.9918095040249101
S2B_MSIL2A_20181011T064809_R020_T40RDP_20201009T103222_0000.jpg,S2B_MSIL2A_20181011T064809_R020_T40RDP_20201009T103222,0,2018-10,T40RDP,0.0010474024072102423,0,0.9918095040249101
S2B_MSIL2A_20181011T064809_R020_T40RDP_20201009T103222_0001.jpg,S2B_MSIL2A_20181011T064809_R020_T40RDP_20201009T103222,0,2018-10,T40RDP,0.0011009169158379469,0,0.9918095040249101
S2B_MSIL2A_20181110T065109_R020_T40RDP_20201008T173400_0000.jpg,S2B_MSIL2A_20181110T065109_R020_T40RDP_20201008T173400,0,2018-11,T40RDP,0.0027680536841997398,0,0.9918095040249101
S2B_MSIL2A_20181110T065109_R020_T40RDP_20201008T173400_0001.jpg,S2B_MSIL2A_20181110T065109_R020_T40RDP_20201008T173400,0,2018-11,T40RDP,0.002848629414279548,0,0.9918095040249101
S2B_MSIL2A_20181220T065259_R020_T40RDP_20201008T114314_0000.jpg,S2B_MSIL2A_20181220T065259_R020_T40RDP_20201008T114314,0,2018-12,T40RDP,0.0009061595947308479,0,0.9918095040249101
S2B_MSIL2A_20181220T065259_R020_T40RDP_20201008T114314_0001.jpg,S2B_MSIL2A_20181220T065259_R020_T40RDP_20201008T114314,0,2018-12,T40RDP,0.0009161383666221682,0,0.9918095040249101
S2A_MSIL2A_20181225T065301_R020_T40RDP_20210517T111901_0000.jpg,S2A_MSIL2A_20181225T065301_R020_T40RDP_20210517T111901,0,2018-12,T40RDP,0.0012269752463904939,0,0.9918095040249101
S2A_MSIL2A_20181225T065301_R020_T40RDP_20210517T111901_0001.jpg,S2A_MSIL2A_20181225T065301_R020_T40RDP_20210517T111901,0,2018-12,T40RDP,0.0012740791964259426,0,0.9918095040249101
S2B_MSIL2A_20190109T065249_R020_T40RDP_20201008T000956_0000.jpg,S2B_MSIL2A_20190109T065249_R020_T40RDP_20201008T000956,0,2019-01,T40RDP,0.002673006591444851,0,0.9918095040249101
S2B_MSIL2A_20190109T065249_R020_T40RDP_20201008T000956_0001.jpg,S2B_MSIL2A_20190109T065249_R020_T40RDP_20201008T000956,0,2019-01,T40RDP,0.0027072165408158,0,0.9918095040249101
S2B_MSIL2A_20190320T064629_R020_T40RDP_20201007T084211_0000.jpg,S2B_MSIL2A_20190320T064629_R020_T40RDP_20201007T084211,0,2019-03,T40RDP,0.0012632882091561598,0,0.9918095040249101
S2B_MSIL2A_20190320T064629_R020_T40RDP_20201007T084211_0001.jpg,S2B_MSIL2A_20190320T064629_R020_T40RDP_20201007T084211,0,2019-03,T40RDP,0.0012352544955224613,0,0.9918095040249101
S2A_MSIL2A_20190524T064631_R020_T40RDP_20201006T174148_0000.jpg,S2A_MSIL2A_20190524T064631_R020_T40RDP_20201006T174148,0,2019-05,T40RDP,0.003687094442709516,0,0.9918095040249101
S2A_MSIL2A_20190524T064631_R020_T40RDP_20201006T174148_0001.jpg,S2A_MSIL2A_20190524T064631_R020_T40RDP_20201006T174148,0,2019-05,T40RDP,0.003687094442709516,0,0.9918095040249101
S2B_MSIL2A_20190827T064629_R020_T40RDP_20201005T053726_0000.jpg,S2B_MSIL2A_20190827T064629_R020_T40RDP_20201005T053726,0,2019-08,T40RDP,0.0014723884147302515,0,0.9918095040249101
S2B_MSIL2A_20190827T064629_R020_T40RDP_20201005T053726_0001.jpg,S2B_MSIL2A_20190827T064629_R020_T40RDP_20201005T053726,0,2019-08,T40RDP,0.0013550137271434984,0,0.9918095040249101
S2A_MSIL2A_20191001T064701_R020_T40RDP_20201003T211700_0000.jpg,S2A_MSIL2A_20191001T064701_R020_T40RDP_20201003T211700,0,2019-10,T40RDP,0.005342415348769836,0,0.9918095040249101
S2A_MSIL2A_20191001T064701_R020_T40RDP_20201003T211700_0001.jpg,S2A_MSIL2A_20191001T064701_R020_T40RDP_20201003T211700,0,2019-10,T40RDP,0.00555811717001501,0,0.9918095040249101
S2B_MSIL2A_20191016T064839_R020_T40RDP_20201004T030114_0000.jpg,S2B_MSIL2A_20191016T064839_R020_T40RDP_20201004T030114,0,2019-10,T40RDP,0.0003839810075243596,0,0.9918095040249101
S2B_MSIL2A_20191016T064839_R020_T40RDP_20201004T030114_0001.jpg,S2B_MSIL2A_20191016T064839_R020_T40RDP_20201004T030114,0,2019-10,T40RDP,0.00037665303549502355,0,0.9918095040249101
S2B_MSIL2A_20191105T065049_R020_T40RDP_20201003T132453_0000.jpg,S2B_MSIL2A_20191105T065049_R020_T40RDP_20201003T132453,0,2019-11,T40RDP,0.018997219418987642,0,0.9918095040249101
S2B_MSIL2A_20191105T065049_R020_T40RDP_20201003T132453_0001.jpg,S2B_MSIL2A_20191105T065049_R020_T40RDP_20201003T132453,0,2019-11,T40RDP,0.019091193980467453,0,0.9918095040249101
S2B_MSIL2A_20191205T065239_R020_T40RDP_20201003T010709_0000.jpg,S2B_MSIL2A_20191205T065239_R020_T40RDP_20201003T010709,0,2019-12,T40RDP,0.001125429107404599,0,0.9918095040249101
S2B_MSIL2A_20191205T065239_R020_T40RDP_20201003T010709_0001.jpg,S2B_MSIL2A_20191205T065239_R020_T40RDP_20201003T010709,0,2019-12,T40RDP,0.001847185359692699,0,0.9918095040249101
S2A_MSIL2A_20200228T064821_R020_T40RDP_20200928T220644_0000.jpg,S2A_MSIL2A_20200228T064821_R020_T40RDP_20200928T220644,0,2020-02,T40RDP,0.0007419185050172231,0,0.9918095040249101
S2A_MSIL2A_20200228T064821_R020_T40RDP_20200928T220644_0001.jpg,S2A_MSIL2A_20200228T064821_R020_T40RDP_20200928T220644,0,2020-02,T40RDP,0.0007083020101806632,0,0.9918095040249101
S2A_MSIL2A_20200627T064631_R020_T40RDP_20200908T232057_0000.jpg,S2A_MSIL2A_20200627T064631_R020_T40RDP_20200908T232057,0,2020-06,T40RDP,0.0013304406591353613,0,0.9918095040249101
S2A_MSIL2A_20200627T064631_R020_T40RDP_20200908T232057_0001.jpg,S2A_MSIL2A_20200627T064631_R020_T40RDP_20200908T232057,0,2020-06,T40RDP,0.0012765750008608715,0,0.9918095040249101
S2B_MSIL2A_20200712T064629_R020_T40RDP_20200912T225615_0000.jpg,S2B_MSIL2A_20200712T064629_R020_T40RDP_20200912T225615,0,2020-07,T40RDP,0.0011275264470964564,0,0.9918095040249101
S2B_MSIL2A_20200712T064629_R020_T40RDP_20200912T225615_0001.jpg,S2B_MSIL2A_20200712T064629_R020_T40RDP_20200912T225615,0,2020-07,T40RDP,0.0011206634984745703,0,0.9918095040249101
S2A_MSIL2A_20200727T064631_R020_T40RDP_20200817T172227_0000.jpg,S2A_MSIL2A_20200727T064631_R020_T40RDP_20200817T172227,0,2020-07,T40RDP,0.006819896036220128,0,0.9918095040249101
S2A_MSIL2A_20200727T064631_R020_T40RDP_20200817T172227_0001.jpg,S2A_MSIL2A_20200727T064631_R020_T40RDP_20200817T172227,0,2020-07,T40RDP,0.008131013510654001,0,0.9918095040249101
S2A_MSIL2A_20200915T064631_R020_T40RDP_20200918T105421_0000.jpg,S2A_MSIL2A_20200915T064631_R020_T40RDP_20200918T105421,0,2020-09,T40RDP,0.0019270373711717797,0,0.9918095040249101
S2A_MSIL2A_20200915T064631_R020_T40RDP_20200918T105421_0001.jpg,S2A_MSIL2A_20200915T064631_R020_T40RDP_20200918T105421,0,2020-09,T40RDP,0.0017954683944367744,0,0.9918095040249101
S2A_MSIL2A_20210113T065231_R020_T40RDP_20210122T041210_0000.jpg,S2A_MSIL2A_20210113T065231_R020_T40RDP_20210122T041210,0,2021-01,T40RDP,0.0009123996521315718,0,0.9918095040249101
S2A_MSIL2A_20210113T065231_R020_T40RDP_20210122T041210_0001.jpg,S2A_MSIL2A_20210113T065231_R020_T40RDP_20210122T041210,0,2021-01,T40RDP,0.0008793001100019464,0,0.9918095040249101
S2A_MSIL2A_20210202T065111_R020_T40RDP_20210202T230544_0000.jpg,S2A_MSIL2A_20210202T065111_R020_T40RDP_20210202T230544,0,2021-02,T40RDP,0.0012083364343647885,0,0.9918095040249101
S2A_MSIL2A_20210202T065111_R020_T40RDP_20210202T230544_0001.jpg,S2A_MSIL2A_20210202T065111_R020_T40RDP_20210202T230544,0,2021-02,T40RDP,0.0012626474776853483,0,0.9918095040249101
S2B_MSIL2A_20210329T064619_R020_T40RDP_20210330T054006_0000.jpg,S2B_MSIL2A_20210329T064619_R020_T40RDP_20210330T054006,0,2021-03,T40RDP,0.0012607638628769151,0,0.9918095040249101
S2B_MSIL2A_20210329T064619_R020_T40RDP_20210330T054006_0001.jpg,S2B_MSIL2A_20210329T064619_R020_T40RDP_20210330T054006,0,2021-03,T40RDP,0.001261741161771678,0,0.9918095040249101
S2A_MSIL2A_20210413T064621_R020_T40RDP_20210414T053249_0000.jpg,S2A_MSIL2A_20210413T064621_R020_T40RDP_20210414T053249,0,2021-04,T40RDP,0.002071584012848575,0,0.9918095040249101
S2A_MSIL2A_20210413T064621_R020_T40RDP_20210414T053249_0001.jpg,S2A_MSIL2A_20210413T064621_R020_T40RDP_20210414T053249,0,2021-04,T40RDP,0.0022481247132981413,0,0.9918095040249101
S2A_MSIL2A_20210513T064621_R020_T40RDP_20210514T123915_0000.jpg,S2A_MSIL2A_20210513T064621_R020_T40RDP_20210514T123915,0,2021-05,T40RDP,0.0009516413118920476,0,0.9918095040249101
S2A_MSIL2A_20210513T064621_R020_T40RDP_20210514T123915_0001.jpg,S2A_MSIL2A_20210513T064621_R020_T40RDP_20210514T123915,0,2021-05,T40RDP,0.0009993877479939248,0,0.9918095040249101
S2A_MSIL2A_20210612T064621_R020_T40RDP_20210614T150758_0000.jpg,S2A_MSIL2A_20210612T064621_R020_T40RDP_20210614T150758,0,2021-06,T40RDP,0.004003073063110342,0,0.9918095040249101
S2A_MSIL2A_20210612T064621_R020_T40RDP_20210614T150758_0001.jpg,S2A_MSIL2A_20210612T064621_R020_T40RDP_20210614T150758,0,2021-06,T40RDP,0.005017577721114547,0,0.9918095040249101
S2B_MSIL2A_20210627T064629_R020_T40RDP_20210627T212742_0000.jpg,S2B_MSIL2A_20210627T064629_R020_T40RDP_20210627T212742,0,2021-06,T40RDP,0.0038005036370964414,0,0.9918095040249101
S2B_MSIL2A_20210627T064629_R020_T40RDP_20210627T212742_0001.jpg,S2B_MSIL2A_20210627T064629_R020_T40RDP_20210627T212742,0,2021-06,T40RDP,0.0039941188219809335,0,0.9918095040249101
S2B_MSIL2A_20210806T064629_R020_T40RDP_20210806T172711_0000.jpg,S2B_MSIL2A_20210806T064629_R020_T40RDP_20210806T172711,0,2021-08,T40RDP,0.00044007297597251354,0,0.9918095040249101
S2B_MSIL2A_20210806T064629_R020_T40RDP_20210806T172711_0001.jpg,S2B_MSIL2A_20210806T064629_R020_T40RDP_20210806T172711,0,2021-08,T40RDP,0.0004286982814399155,0,0.9918095040249101
S2B_MSIL2A_20211114T065129_R020_T40RDP_20211114T163648_0000.jpg,S2B_MSIL2A_20211114T065129_R020_T40RDP_20211114T163648,0,2021-11,T40RDP,0.0006651680361554176,0,0.9918095040249101
S2B_MSIL2A_20211114T065129_R020_T40RDP_20211114T163648_0001.jpg,S2B_MSIL2A_20211114T065129_R020_T40RDP_20211114T163648,0,2021-11,T40RDP,0.0006280724147478933,0,0.9918095040249101
S2B_MSIL2A_20211124T065159_R020_T40RDP_20211124T175021_0000.jpg,S2B_MSIL2A_20211124T065159_R020_T40RDP_20211124T175021,0,2021-11,T40RDP,0.0022120653149629355,0,0.9918095040249101
S2B_MSIL2A_20211124T065159_R020_T40RDP_20211124T175021_0001.jpg,S2B_MSIL2A_20211124T065159_R020_T40RDP_20211124T175021,0,2021-11,T40RDP,0.002128910063463876,0,0.9918095040249101
S2B_MSIL2A_20220113T065229_R020_T40RDP_20220113T164556_0000.jpg,S2B_MSIL2A_20220113T065229_R020_T40RDP_20220113T164556,0,2022-01,T40RDP,0.0036227729907353295,0,0.9918095040249101
S2B_MSIL2A_20220113T065229_R020_T40RDP_20220113T164556_0001.jpg,S2B_MSIL2A_20220113T065229_R020_T40RDP_20220113T164556,0,2022-01,T40RDP,0.003601445332008744,0,0.9918095040249101
S2B_MSIL2A_20220212T065009_R020_T40RDP_20220222T053424_0000.jpg,S2B_MSIL2A_20220212T065009_R020_T40RDP_20220222T053424,0,2022-02,T40RDP,0.0008471109656604608,0,0.9918095040249101
S2B_MSIL2A_20220212T065009_R020_T40RDP_20220222T053424_0001.jpg,S2B_MSIL2A_20220212T065009_R020_T40RDP_20220222T053424,0,2022-02,T40RDP,0.0007728059535109924,0,0.9918095040249101
S2A_MSIL2A_20220227T064831_R020_T40RDP_20220302T170652_0000.jpg,S2A_MSIL2A_20220227T064831_R020_T40RDP_20220302T170652,0,2022-02,T40RDP,0.0010751495543267573,0,0.9918095040249101
S2A_MSIL2A_20220227T064831_R020_T40RDP_20220302T170652_0001.jpg,S2A_MSIL2A_20220227T064831_R020_T40RDP_20220302T170652,0,2022-02,T40RDP,0.0011219547520110525,0,0.9918095040249101
S2A_MSIL2A_20220428T064631_R020_T40RDP_20220429T020418_0000.jpg,S2A_MSIL2A_20220428T064631_R020_T40RDP_20220429T020418,0,2022-04,T40RDP,0.004690402666399069,0,0.9918095040249101
S2A_MSIL2A_20220428T064631_R020_T40RDP_20220429T020418_0001.jpg,S2A_MSIL2A_20220428T064631_R020_T40RDP_20220429T020418,0,2022-04,T40RDP,0.004754620180683251,0,0.9918095040249101
S2B_MSIL2A_20220503T064619_R020_T40RDP_20220503T220214_0000.jpg,S2B_MSIL2A_20220503T064619_R020_T40RDP_20220503T220214,0,2022-05,T40RDP,0.0020141794407623047,0,0.9918095040249101
S2B_MSIL2A_20220503T064619_R020_T40RDP_20220503T220214_0001.jpg,S2B_MSIL2A_20220503T064619_R020_T40RDP_20220503T220214,0,2022-05,T40RDP,0.001959055439418329,0,0.9918095040249101
S2A_MSIL2A_20220528T064631_R020_T40RDP_20240629T015931_0000.jpg,S2A_MSIL2A_20220528T064631_R020_T40RDP_20240629T015931,0,2022-05,T40RDP,0.0012008751994479303,0,0.9918095040249101
S2A_MSIL2A_20220528T064631_R020_T40RDP_20240629T015931_0001.jpg,S2A_MSIL2A_20220528T064631_R020_T40RDP_20240629T015931,0,2022-05,T40RDP,0.0011439369361983202,0,0.9918095040249101
S2B_MSIL2A_20220602T064629_R020_T40RDP_20240619T144519_0000.jpg,S2B_MSIL2A_20220602T064629_R020_T40RDP_20240619T144519,0,2022-06,T40RDP,0.0018378876247897517,0,0.9918095040249101
S2B_MSIL2A_20220602T064629_R020_T40RDP_20240619T144519_0001.jpg,S2B_MSIL2A_20220602T064629_R020_T40RDP_20240619T144519,0,2022-06,T40RDP,0.000978626796043286,0,0.9918095040249101
S2B_MSIL2A_20220702T064629_R020_T40RDP_20220702T192355_0000.jpg,S2B_MSIL2A_20220702T064629_R020_T40RDP_20220702T192355,0,2022-07,T40RDP,0.010863487539626005,0,0.9918095040249101
S2B_MSIL2A_20220702T064629_R020_T40RDP_20220702T192355_0001.jpg,S2B_MSIL2A_20220702T064629_R020_T40RDP_20220702T192355,0,2022-07,T40RDP,0.01091007134961546,0,0.9918095040249101
S2B_MSIL2A_20220831T064629_R020_T40RDP_20220901T073019_0000.jpg,S2B_MSIL2A_20220831T064629_R020_T40RDP_20220901T073019,0,2022-08,T40RDP,0.004395603289501884,0,0.9918095040249101
S2B_MSIL2A_20220831T064629_R020_T40RDP_20220901T073019_0001.jpg,S2B_MSIL2A_20220831T064629_R020_T40RDP_20220901T073019,0,2022-08,T40RDP,0.004492903477902366,0,0.9918095040249101
S2B_MSIL2A_20221020T064909_R020_T40RDP_20221020T150922_0000.jpg,S2B_MSIL2A_20221020T064909_R020_T40RDP_20221020T150922,0,2022-10,T40RDP,0.001475351518465658,0,0.9918095040249101
S2B_MSIL2A_20221020T064909_R020_T40RDP_20221020T150922_0001.jpg,S2B_MSIL2A_20221020T064909_R020_T40RDP_20221020T150922,0,2022-10,T40RDP,0.0024049199814494934,0,0.9918095040249101
S2A_MSIL2A_20221114T065131_R020_T40RDP_20221114T201831_0000.jpg,S2A_MSIL2A_20221114T065131_R020_T40RDP_20221114T201831,0,2022-11,T40RDP,0.0005444509026065174,0,0.9918095040249101
S2A_MSIL2A_20221114T065131_R020_T40RDP_20221114T201831_0001.jpg,S2A_MSIL2A_20221114T065131_R020_T40RDP_20221114T201831,0,2022-11,T40RDP,0.0006388389507163374,0,0.9918095040249101
S2A_MSIL2A_20230212T065011_R020_T40RDP_20240814T114255_0000.jpg,S2A_MSIL2A_20230212T065011_R020_T40RDP_20240814T114255,0,2023-02,T40RDP,0.0011401363515805014,0,0.9918095040249101
S2A_MSIL2A_20230212T065011_R020_T40RDP_20240814T114255_0001.jpg,S2A_MSIL2A_20230212T065011_R020_T40RDP_20240814T114255,0,2023-02,T40RDP,0.0011401363515805014,0,0.9918095040249101
S2B_MSIL2A_20230227T064829_R020_T40RDP_20230301T091442_0000.jpg,S2B_MSIL2A_20230227T064829_R020_T40RDP_20230301T091442,0,2023-02,T40RDP,0.00906728736260082,0,0.9918095040249101
S2B_MSIL2A_20230227T064829_R020_T40RDP_20230301T091442_0001.jpg,S2B_MSIL2A_20230227T064829_R020_T40RDP_20230301T091442,0,2023-02,T40RDP,0.009471484603410966,0,0.9918095040249101
S2A_MSIL2A_20230304T064751_R020_T40RDP_20230304T123749_0000.jpg,S2A_MSIL2A_20230304T064751_R020_T40RDP_20230304T123749,0,2023-03,T40RDP,0.0006227952297370038,0,0.9918095040249101
S2A_MSIL2A_20230304T064751_R020_T40RDP_20230304T123749_0001.jpg,S2A_MSIL2A_20230304T064751_R020_T40RDP_20230304T123749,0,2023-03,T40RDP,0.0006852084786863941,0,0.9918095040249101
S2B_MSIL2A_20230428T064629_R020_T40RDP_20230428T123157_0000.jpg,S2B_MSIL2A_20230428T064629_R020_T40RDP_20230428T123157,0,2023-04,T40RDP,0.0018028356102518228,0,0.9918095040249101
S2B_MSIL2A_20230428T064629_R020_T40RDP_20230428T123157_0001.jpg,S2B_MSIL2A_20230428T064629_R020_T40RDP_20230428T123157,0,2023-04,T40RDP,0.0009750252581157207,0,0.9918095040249101
S2A_MSIL2A_20230513T064621_R020_T40RDP_20230513T153330_0000.jpg,S2A_MSIL2A_20230513T064621_R020_T40RDP_20230513T153330,0,2023-05,T40RDP,0.0017020834721405158,0,0.9918095040249101
S2A_MSIL2A_20230513T064621_R020_T40RDP_20230513T153330_0001.jpg,S2A_MSIL2A_20230513T064621_R020_T40RDP_20230513T153330,0,2023-05,T40RDP,0.0014689880224290734,0,0.9918095040249101
S2A_MSIL2A_20230821T064631_R020_T40RDP_20230821T151547_0000.jpg,S2A_MSIL2A_20230821T064631_R020_T40RDP_20230821T151547,0,2023-08,T40RDP,0.007469049186955353,0,0.9918095040249101
S2A_MSIL2A_20230821T064631_R020_T40RDP_20230821T151547_0001.jpg,S2A_MSIL2A_20230821T064631_R020_T40RDP_20230821T151547,0,2023-08,T40RDP,0.0056535513746981195,0,0.9918095040249101
S2A_MSIL2A_20230930T064651_R020_T40RDP_20230930T131923_0000.jpg,S2A_MSIL2A_20230930T064651_R020_T40RDP_20230930T131923,0,2023-09,T40RDP,0.0027792492321658284,0,0.9918095040249101
S2A_MSIL2A_20230930T064651_R020_T40RDP_20230930T131923_0001.jpg,S2A_MSIL2A_20230930T064651_R020_T40RDP_20230930T131923,0,2023-09,T40RDP,0.0027986270142880782,0,0.9918095040249101
S2B_MSIL2A_20231005T064729_R020_T40RDP_20241107T195305_0000.jpg,S2B_MSIL2A_20231005T064729_R020_T40RDP_20241107T195305,0,2023-10,T40RDP,0.0015849567329584962,0,0.9918095040249101
S2B_MSIL2A_20231005T064729_R020_T40RDP_20241107T195305_0001.jpg,S2B_MSIL2A_20231005T064729_R020_T40RDP_20241107T195305,0,2023-10,T40RDP,0.0016048926509833051,0,0.9918095040249101
S2A_MSIL2A_20231010T064801_R020_T40RDP_20241109T034959_0000.jpg,S2A_MSIL2A_20231010T064801_R020_T40RDP_20241109T034959,0,2023-10,T40RDP,0.0009561410249575695,0,0.9918095040249101
S2A_MSIL2A_20231010T064801_R020_T40RDP_20241109T034959_0001.jpg,S2A_MSIL2A_20231010T064801_R020_T40RDP_20241109T034959,0,2023-10,T40RDP,0.000814767556043433,0,0.9918095040249101
S2B_MSIL2A_20231025T064939_R020_T40RDP_20241108T084721_0000.jpg,S2B_MSIL2A_20231025T064939_R020_T40RDP_20241108T084721,0,2023-10,T40RDP,0.0015441974267559873,0,0.9918095040249101
S2B_MSIL2A_20231025T064939_R020_T40RDP_20241108T084721_0001.jpg,S2B_MSIL2A_20231025T064939_R020_T40RDP_20241108T084721,0,2023-10,T40RDP,0.0015176446803354504,0,0.9918095040249101
S2B_MSIL2A_20231204T065239_R020_T40RDP_20231204T111154_0000.jpg,S2B_MSIL2A_20231204T065239_R020_T40RDP_20231204T111154,0,2023-12,T40RDP,0.0008665818201087324,0,0.9918095040249101
S2B_MSIL2A_20231204T065239_R020_T40RDP_20231204T111154_0001.jpg,S2B_MSIL2A_20231204T065239_R020_T40RDP_20231204T111154,0,2023-12,T40RDP,0.0004415279454239361,0,0.9918095040249101
S2B_MSIL2A_20240222T064909_R020_T40RDP_20240222T114827_0000.jpg,S2B_MSIL2A_20240222T064909_R020_T40RDP_20240222T114827,0,2024-02,T40RDP,0.0007308620418194686,0,0.9918095040249101
S2B_MSIL2A_20240222T064909_R020_T40RDP_20240222T114827_0001.jpg,S2B_MSIL2A_20240222T064909_R020_T40RDP_20240222T114827,0,2024-02,T40RDP,0.0007660533266582253,0,0.9918095040249101
S2A_MSIL2A_20240318T064621_R020_T40RDP_20240318T121046_0000.jpg,S2A_MSIL2A_20240318T064621_R020_T40RDP_20240318T121046,0,2024-03,T40RDP,0.0002663566846198762,0,0.9918095040249101
S2A_MSIL2A_20240318T064621_R020_T40RDP_20240318T121046_0001.jpg,S2A_MSIL2A_20240318T064621_R020_T40RDP_20240318T121046,0,2024-03,T40RDP,0.00027785756046370415,0,0.9918095040249101
S2A_MSIL2A_20240606T064631_R020_T40RDP_20240606T122041_0000.jpg,S2A_MSIL2A_20240606T064631_R020_T40RDP_20240606T122041,0,2024-06,T40RDP,0.005466359594125706,0,0.9918095040249101
S2A_MSIL2A_20240606T064631_R020_T40RDP_20240606T122041_0001.jpg,S2A_MSIL2A_20240606T064631_R020_T40RDP_20240606T122041,0,2024-06,T40RDP,0.005280324354917035,0,0.9918095040249101
S2A_MSIL2A_20240616T064631_R020_T40RDP_20240616T131856_0000.jpg,S2A_MSIL2A_20240616T064631_R020_T40RDP_20240616T131856,0,2024-06,T40RDP,0.010114312906043378,0,0.9918095040249101
S2A_MSIL2A_20240616T064631_R020_T40RDP_20240616T131856_0001.jpg,S2A_MSIL2A_20240616T064631_R020_T40RDP_20240616T131856,0,2024-06,T40RDP,0.008575786606294447,0,0.9918095040249101
S2B_MSIL2A_20240909T064629_R020_T40RDP_20240909T110138_0000.jpg,S2B_MSIL2A_20240909T064629_R020_T40RDP_20240909T110138,0,2024-09,T40RDP,0.005577969854838928,0,0.9918095040249101
S2B_MSIL2A_20240909T064629_R020_T40RDP_20240909T110138_0001.jpg,S2B_MSIL2A_20240909T064629_R020_T40RDP_20240909T110138,0,2024-09,T40RDP,0.004517987132003616,0,0.9918095040249101
S2B_MSIL2A_20241029T064919_R020_T40RDP_20241029T090554_0000.jpg,S2B_MSIL2A_20241029T064919_R020_T40RDP_20241029T090554,0,2024-10,T40RDP,0.001884114644169319,0,0.9918095040249101
S2B_MSIL2A_20241029T064919_R020_T40RDP_20241029T090554_0001.jpg,S2B_MSIL2A_20241029T064919_R020_T40RDP_20241029T090554,0,2024-10,T40RDP,0.0018395863864998218,0,0.9918095040249101
S2B_MSIL2A_20170712T062629_R077_T40QGK_20210210T075544_0000.jpg,S2B_MSIL2A_20170712T062629_R077_T40QGK_20210210T075544,0,2017-07,T40QGK,0.0023303296775089768,0,0.9918095040249101
S2B_MSIL2A_20170712T062629_R077_T40QGK_20210210T075544_0001.jpg,S2B_MSIL2A_20170712T062629_R077_T40QGK_20210210T075544,0,2017-07,T40QGK,0.0023086921728621927,0,0.9918095040249101
S2B_MSIL2A_20170930T062629_R077_T40QGK_20210202T120552_0000.jpg,S2B_MSIL2A_20170930T062629_R077_T40QGK_20210202T120552,0,2017-09,T40QGK,0.0011925988633885915,0,0.9918095040249101
S2B_MSIL2A_20170930T062629_R077_T40QGK_20210202T120552_0001.jpg,S2B_MSIL2A_20170930T062629_R077_T40QGK_20210202T120552,0,2017-09,T40QGK,0.0011512257602939314,0,0.9918095040249101
S2B_MSIL2A_20171129T063209_R077_T40QGK_20201014T225521_0000.jpg,S2B_MSIL2A_20171129T063209_R077_T40QGK_20201014T225521,0,2017-11,T40QGK,0.005723302011197057,0,0.9918095040249101
S2B_MSIL2A_20171129T063209_R077_T40QGK_20201014T225521_0001.jpg,S2B_MSIL2A_20171129T063209_R077_T40QGK_20201014T225521,0,2017-11,T40QGK,0.005634779639961683,0,0.9918095040249101
S2A_MSIL2A_20171204T063231_R077_T40QGK_20201014T115634_0000.jpg,S2A_MSIL2A_20171204T063231_R077_T40QGK_20201014T115634,0,2017-12,T40QGK,0.00885278525692869,0,0.9918095040249101
S2A_MSIL2A_20171204T063231_R077_T40QGK_20201014T115634_0001.jpg,S2A_MSIL2A_20171204T063231_R077_T40QGK_20201014T115634,0,2017-12,T40QGK,0.010673022637814472,0,0.9918095040249101
S2B_MSIL2A_20180128T063119_R077_T40QGK_20201014T093452_0000.jpg,S2B_MSIL2A_20180128T063119_R077_T40QGK_20201014T093452,0,2018-01,T40QGK,0.015110063767574355,0,0.9918095040249101
S2B_MSIL2A_20180128T063119_R077_T40QGK_20201014T093452_0001.jpg,S2B_MSIL2A_20180128T063119_R077_T40QGK_20201014T093452,0,2018-01,T40QGK,0.016606057422122917,0,0.9918095040249101
S2B_MSIL2A_20180207T063029_R077_T40QGK_20201013T195615_0000.jpg,S2B_MSIL2A_20180207T063029_R077_T40QGK_20201013T195615,0,2018-02,T40QGK,0.004125327984754316,0,0.9918095040249101
S2B_MSIL2A_20180207T063029_R077_T40QGK_20201013T195615_0001.jpg,S2B_MSIL2A_20180207T063029_R077_T40QGK_20201013T195615,0,2018-02,T40QGK,0.004030645576430932,0,0.9918095040249101
S2B_MSIL2A_20180217T062919_R077_T40QGK_20201013T222432_0000.jpg,S2B_MSIL2A_20180217T062919_R077_T40QGK_20201013T222432,0,2018-02,T40QGK,0.0030634241485491755,0,0.9918095040249101
S2B_MSIL2A_20180217T062919_R077_T40QGK_20201013T222432_0001.jpg,S2B_MSIL2A_20180217T062919_R077_T40QGK_20201013T222432,0,2018-02,T40QGK,0.0030821478617600205,0,0.9918095040249101
S2A_MSIL2A_20180314T062631_R077_T40QGK_20201013T084520_0000.jpg,S2A_MSIL2A_20180314T062631_R077_T40QGK_20201013T084520,0,2018-03,T40QGK,0.0014129303825986996,0,0.9918095040249101
S2A_MSIL2A_20180314T062631_R077_T40QGK_20201013T084520_0001.jpg,S2A_MSIL2A_20180314T062631_R077_T40QGK_20201013T084520,0,2018-03,T40QGK,0.0010110801820724872,0,0.9918095040249101
S2A_MSIL2A_20180413T062631_R077_T40QGK_20201012T214136_0000.jpg,S2A_MSIL2A_20180413T062631_R077_T40QGK_20201012T214136,0,2018-04,T40QGK,0.0057373341959288,0,0.9918095040249101
S2A_MSIL2A_20180413T062631_R077_T40QGK_20201012T214136_0001.jpg,S2A_MSIL2A_20180413T062631_R077_T40QGK_20201012T214136,0,2018-04,T40QGK,0.006499505913400105,0,0.9918095040249101
S2A_MSIL2A_20180503T062631_R077_T40QGK_20201012T051456_0000.jpg,S2A_MSIL2A_20180503T062631_R077_T40QGK_20201012T051456,0,2018-05,T40QGK,0.003715043944962912,0,0.9918095040249101
S2A_MSIL2A_20180503T062631_R077_T40QGK_20201012T051456_0001.jpg,S2A_MSIL2A_20180503T062631_R077_T40QGK_20201012T051456,0,2018-05,T40QGK,0.003696222656440234,0,0.9918095040249101
S2B_MSIL2A_20180717T062629_R077_T40QGK_20201011T165446_0000.jpg,S2B_MSIL2A_20180717T062629_R077_T40QGK_20201011T165446,0,2018-07,T40QGK,0.00479423952271224,0,0.9918095040249101
S2B_MSIL2A_20180717T062629_R077_T40QGK_20201011T165446_0001.jpg,S2B_MSIL2A_20180717T062629_R077_T40QGK_20201011T165446,0,2018-07,T40QGK,0.00490956051743713,0,0.9918095040249101
S2B_MSIL2A_20180806T062629_R077_T40QGK_20201010T220242_0000.jpg,S2B_MSIL2A_20180806T062629_R077_T40QGK_20201010T220242,0,2018-08,T40QGK,0.0035957917891380007,0,0.9918095040249101
S2B_MSIL2A_20180806T062629_R077_T40QGK_20201010T220242_0001.jpg,S2B_MSIL2A_20180806T062629_R077_T40QGK_20201010T220242,0,2018-08,T40QGK,0.003382781459464796,0,0.9918095040249101
S2B_MSIL2A_20181025T062929_R077_T40QGK_20201009T151438_0000.jpg,S2B_MSIL2A_20181025T062929_R077_T40QGK_20201009T151438,0,2018-10,T40QGK,0.003940044287083728,0,0.9918095040249101
S2B_MSIL2A_20181025T062929_R077_T40QGK_20201009T151438_0001.jpg,S2B_MSIL2A_20181025T062929_R077_T40QGK_20201009T151438,0,2018-10,T40QGK,0.004161049774502061,0,0.9918095040249101
S2A_MSIL2A_20181119T063141_R077_T40QGK_20201008T195111_0000.jpg,S2A_MSIL2A_20181119T063141_R077_T40QGK_20201008T195111,0,2018-11,T40QGK,0.0019799822659909232,0,0.9918095040249101
S2A_MSIL2A_20181119T063141_R077_T40QGK_20201008T195111_0001.jpg,S2A_MSIL2A_20181119T063141_R077_T40QGK_20201008T195111,0,2018-11,T40QGK,0.002474794935377486,0,0.9918095040249101
S2A_MSIL2A_20181129T063211_R077_T40QGK_20201008T223706_0000.jpg,S2A_MSIL2A_20181129T063211_R077_T40QGK_20201008T223706,0,2018-11,T40QGK,0.000724980524179632,0,0.9918095040249101
S2A_MSIL2A_20181129T063211_R077_T40QGK_20201008T223706_0001.jpg,S2A_MSIL2A_20181129T063211_R077_T40QGK_20201008T223706,0,2018-11,T40QGK,0.0007705912852936852,0,0.9918095040249101
S2A_MSIL2A_20190207T063031_R077_T40QGK_20210713T232839_0000.jpg,S2A_MSIL2A_20190207T063031_R077_T40QGK_20210713T232839,0,2019-02,T40QGK,0.001977126864014564,0,0.9918095040249101
S2A_MSIL2A_20190207T063031_R077_T40QGK_20210713T232839_0001.jpg,S2A_MSIL2A_20190207T063031_R077_T40QGK_20210713T232839,0,2019-02,T40QGK,0.0019942262007650877,0,0.9918095040249101
S2A_MSIL2A_20190227T062821_R077_T40QGK_20201007T210606_0000.jpg,S2A_MSIL2A_20190227T062821_R077_T40QGK_20201007T210606,0,2019-02,T40QGK,0.002563144132819639,0,0.9918095040249101
S2A_MSIL2A_20190227T062821_R077_T40QGK_20201007T210606_0001.jpg,S2A_MSIL2A_20190227T062821_R077_T40QGK_20201007T210606,0,2019-02,T40QGK,0.002660215502020441,0,0.9918095040249101
S2A_MSIL2A_20190408T062631_R077_T40QGK_20201006T233313_0000.jpg,S2A_MSIL2A_20190408T062631_R077_T40QGK_20201006T233313,0,2019-04,T40QGK,0.0005388770446382027,0,0.9918095040249101
S2A_MSIL2A_20190408T062631_R077_T40QGK_20201006T233313_0001.jpg,S2A_MSIL2A_20190408T062631_R077_T40QGK_20201006T233313,0,2019-04,T40QGK,0.0005693539086566509,0,0.9918095040249101
S2B_MSIL2A_20190722T062639_R077_T40QGK_20201005T180659_0000.jpg,S2B_MSIL2A_20190722T062639_R077_T40QGK_20201005T180659,0,2019-07,T40QGK,0.0026786494660988335,0,0.9918095040249101
S2B_MSIL2A_20190722T062639_R077_T40QGK_20201005T180659_0001.jpg,S2B_MSIL2A_20190722T062639_R077_T40QGK_20201005T180659,0,2019-07,T40QGK,0.0028492720368747913,0,0.9918095040249101
S2B_MSIL2A_20190801T062639_R077_T40QGK_20201004T191404_0000.jpg,S2B_MSIL2A_20190801T062639_R077_T40QGK_20201004T191404,0,2019-08,T40QGK,0.007149722419337968,0,0.9918095040249101
S2B_MSIL2A_20190801T062639_R077_T40QGK_20201004T191404_0001.jpg,S2B_MSIL2A_20190801T062639_R077_T40QGK_20201004T191404,0,2019-08,T40QGK,0.007280853386590782,0,0.9918095040249101
S2B_MSIL2A_20190920T062629_R077_T40QGK_20201004T152316_0000.jpg,S2B_MSIL2A_20190920T062629_R077_T40QGK_20201004T152316,0,2019-09,T40QGK,0.0037296305374528394,0,0.9918095040249101
S2B_MSIL2A_20190920T062629_R077_T40QGK_20201004T152316_0001.jpg,S2B_MSIL2A_20190920T062629_R077_T40QGK_20201004T152316,0,2019-09,T40QGK,0.003628384962995396,0,0.9918095040249101
S2A_MSIL2A_20191025T062931_R077_T40QGK_20201004T055923_0000.jpg,S2A_MSIL2A_20191025T062931_R077_T40QGK_20201004T055923,0,2019-10,T40QGK,0.002510742367659221,0,0.9918095040249101
S2A_MSIL2A_20191025T062931_R077_T40QGK_20201004T055923_0001.jpg,S2A_MSIL2A_20191025T062931_R077_T40QGK_20201004T055923,0,2019-10,T40QGK,0.0019501385000168286,0,0.9918095040249101
S2A_MSIL2A_20200103T063241_R077_T40QGK_20201002T221617_0000.jpg,S2A_MSIL2A_20200103T063241_R077_T40QGK_20201002T221617,0,2020-01,T40QGK,0.011196184676874388,0,0.9918095040249101
S2A_MSIL2A_20200103T063241_R077_T40QGK_20201002T221617_0001.jpg,S2A_MSIL2A_20200103T063241_R077_T40QGK_20201002T221617,0,2020-01,T40QGK,0.011343791679142493,0,0.9918095040249101
S2A_MSIL2A_20200113T063221_R077_T40QGK_20201002T180853_0000.jpg,S2A_MSIL2A_20200113T063221_R077_T40QGK_20201002T180853,0,2020-01,T40QGK,0.015575883951541402,0,0.9918095040249101
S2A_MSIL2A_20200113T063221_R077_T40QGK_20201002T180853_0001.jpg,S2A_MSIL2A_20200113T063221_R077_T40QGK_20201002T180853,0,2020-01,T40QGK,0.013270928579837487,0,0.9918095040249101
S2B_MSIL2A_20200227T062819_R077_T40QGK_20200928T190758_0000.jpg,S2B_MSIL2A_20200227T062819_R077_T40QGK_20200928T190758,0,2020-02,T40QGK,0.0137189880947942,0,0.9918095040249101
S2B_MSIL2A_20200227T062819_R077_T40QGK_20200928T190758_0001.jpg,S2B_MSIL2A_20200227T062819_R077_T40QGK_20200928T190758,0,2020-02,T40QGK,0.014153445895704019,0,0.9918095040249101
S2A_MSIL2A_20200522T062631_R077_T40QGK_20200910T130325_0000.jpg,S2A_MSIL2A_20200522T062631_R077_T40QGK_20200910T130325,0,2020-05,T40QGK,0.002951360453285309,0,0.9918095040249101
S2A_MSIL2A_20200522T062631_R077_T40QGK_20200910T130325_0001.jpg,S2A_MSIL2A_20200522T062631_R077_T40QGK_20200910T130325,0,2020-05,T40QGK,0.004479478250359038,0,0.9918095040249101
S2B_MSIL2A_20200527T062629_R077_T40QGK_20200911T043843_0000.jpg,S2B_MSIL2A_20200527T062629_R077_T40QGK_20200911T043843,0,2020-05,T40QGK,0.002644208347968326,0,0.9918095040249101
S2B_MSIL2A_20200527T062629_R077_T40QGK_20200911T043843_0001.jpg,S2B_MSIL2A_20200527T062629_R077_T40QGK_20200911T043843,0,2020-05,T40QGK,0.0026401816109695836,0,0.9918095040249101
S2B_MSIL2A_20200606T062629_R077_T40QGK_20200826T094141_0000.jpg,S2B_MSIL2A_20200606T062629_R077_T40QGK_20200826T094141,0,2020-06,T40QGK,0.003641754740963772,0,0.9918095040249101
S2B_MSIL2A_20200606T062629_R077_T40QGK_20200826T094141_0001.jpg,S2B_MSIL2A_20200606T062629_R077_T40QGK_20200826T094141,0,2020-06,T40QGK,0.0034257359532678983,0,0.9918095040249101
S2A_MSIL2A_20200621T062631_R077_T40QGK_20200823T124332_0000.jpg,S2A_MSIL2A_20200621T062631_R077_T40QGK_20200823T124332,0,2020-06,T40QGK,0.0028992982923538506,0,0.9918095040249101
S2A_MSIL2A_20200621T062631_R077_T40QGK_20200823T124332_0001.jpg,S2A_MSIL2A_20200621T062631_R077_T40QGK_20200823T124332,0,2020-06,T40QGK,0.0027211397305239105,0,0.9918095040249101
S2A_MSIL2A_20200810T062631_R077_T40QGK_20200814T163206_0000.jpg,S2A_MSIL2A_20200810T062631_R077_T40QGK_20200814T163206,0,2020-08,T40QGK,0.004275217358755134,0,0.9918095040249101
S2A_MSIL2A_20200810T062631_R077_T40QGK_20200814T163206_0001.jpg,S2A_MSIL2A_20200810T062631_R077_T40QGK_20200814T163206,0,2020-08,T40QGK,0.004253299883580369,0,0.9918095040249101
S2A_MSIL2A_20200929T062651_R077_T40QGK_20201001T173451_0000.jpg,S2A_MSIL2A_20200929T062651_R077_T40QGK_20201001T173451,0,2020-09,T40QGK,0.004157256843130918,0,0.9918095040249101
S2A_MSIL2A_20200929T062651_R077_T40QGK_20201001T173451_0001.jpg,S2A_MSIL2A_20200929T062651_R077_T40QGK_20201001T173451,0,2020-09,T40QGK,0.00414930060433995,0,0.9918095040249101
S2A_MSIL2A_20201029T063011_R077_T40QGK_20201101T123504_0000.jpg,S2A_MSIL2A_20201029T063011_R077_T40QGK_20201101T123504,0,2020-10,T40QGK,0.0009323904105088479,0,0.9918095040249101
S2A_MSIL2A_20201029T063011_R077_T40QGK_20201101T123504_0001.jpg,S2A_MSIL2A_20201029T063011_R077_T40QGK_20201101T123504,0,2020-10,T40QGK,0.0011347430748822557,0,0.9918095040249101
S2B_MSIL2A_20201123T063159_R077_T40QGK_20201124T114709_0000.jpg,S2B_MSIL2A_20201123T063159_R077_T40QGK_20201124T114709,0,2020-11,T40QGK,0.0013216407685651352,0,0.9918095040249101
S2B_MSIL2A_20201123T063159_R077_T40QGK_20201124T114709_0001.jpg,S2B_MSIL2A_20201123T063159_R077_T40QGK_20201124T114709,0,2020-11,T40QGK,0.0013408194904955073,0,0.9918095040249101
S2B_MSIL2A_20201203T063229_R077_T40QGK_20201204T003203_0000.jpg,S2B_MSIL2A_20201203T063229_R077_T40QGK_20201204T003203,0,2020-12,T40QGK,0.012789385096953845,0,0.9918095040249101
S2B_MSIL2A_20201203T063229_R077_T40QGK_20201204T003203_0001.jpg,S2B_MSIL2A_20201203T063229_R077_T40QGK_20201204T003203,0,2020-12,T40QGK,0.012900589657117963,0,0.9918095040249101
S2B_MSIL2A_20210102T063249_R077_T40QGK_20210102T170355_0000.jpg,S2B_MSIL2A_20210102T063249_R077_T40QGK_20210102T170355,0,2021-01,T40QGK,0.009249758798128725,0,0.9918095040249101
S2B_MSIL2A_20210102T063249_R077_T40QGK_20210102T170355_0001.jpg,S2B_MSIL2A_20210102T063249_R077_T40QGK_20210102T170355,0,2021-01,T40QGK,0.009028370264516727,0,0.9918095040249101
S2B_MSIL2A_20210201T063059_R077_T40QGK_20210202T030501_0000.jpg,S2B_MSIL2A_20210201T063059_R077_T40QGK_20210202T030501,0,2021-02,T40QGK,0.002050743855355644,0,0.9918095040249101
S2B_MSIL2A_20210201T063059_R077_T40QGK_20210202T030501_0001.jpg,S2B_MSIL2A_20210201T063059_R077_T40QGK_20210202T030501,0,2021-02,T40QGK,0.001964190764803694,0,0.9918095040249101
S2B_MSIL2A_20210502T062629_R077_T40QGK_20210502T213651_0000.jpg,S2B_MSIL2A_20210502T062629_R077_T40QGK_20210502T213651,0,2021-05,T40QGK,0.01820692789202738,0,0.9918095040249101
S2B_MSIL2A_20210502T062629_R077_T40QGK_20210502T213651_0001.jpg,S2B_MSIL2A_20210502T062629_R077_T40QGK_20210502T213651,0,2021-05,T40QGK,0.018237917041887135,0,0.9918095040249101
S2A_MSIL2A_20210805T062631_R077_T40QGK_20210805T143708_0000.jpg,S2A_MSIL2A_20210805T062631_R077_T40QGK_20210805T143708,0,2021-08,T40QGK,0.0030056586293078554,0,0.9918095040249101
S2A_MSIL2A_20210805T062631_R077_T40QGK_20210805T143708_0001.jpg,S2A_MSIL2A_20210805T062631_R077_T40QGK_20210805T143708,0,2021-08,T40QGK,0.002968208443267808,0,0.9918095040249101
S2A_MSIL2A_20211004T062721_R077_T40QGK_20211004T155328_0000.jpg,S2A_MSIL2A_20211004T062721_R077_T40QGK_20211004T155328,0,2021-10,T40QGK,0.011070418422745273,0,0.9918095040249101
S2A_MSIL2A_20211004T062721_R077_T40QGK_20211004T155328_0001.jpg,S2A_MSIL2A_20211004T062721_R077_T40QGK_20211004T155328,0,2021-10,T40QGK,0.011070418422745273,0,0.9918095040249101
S2B_MSIL2A_20211019T062859_R077_T40QGK_20211020T000801_0000.jpg,S2B_MSIL2A_20211019T062859_R077_T40QGK_20211020T000801,0,2021-10,T40QGK,0.00030751401030402,0,0.9918095040249101
S2B_MSIL2A_20211019T062859_R077_T40QGK_20211020T000801_0001.jpg,S2B_MSIL2A_20211019T062859_R077_T40QGK_20211020T000801,0,2021-10,T40QGK,0.0003716796982775244,0,0.9918095040249101
S2A_MSIL2A_20211213T063251_R077_T40QGK_20211213T211840_0000.jpg,S2A_MSIL2A_20211213T063251_R077_T40QGK_20211213T211840,0,2021-12,T40QGK,0.0014916206641226223,0,0.9918095040249101
S2A_MSIL2A_20211213T063251_R077_T40QGK_20211213T211840_0001.jpg,S2A_MSIL2A_20211213T063251_R077_T40QGK_20211213T211840,0,2021-12,T40QGK,0.0016340977412347892,0,0.9918095040249101
S2A_MSIL2A_20220221T062901_R077_T40QGK_20220228T014818_0000.jpg,S2A_MSIL2A_20220221T062901_R077_T40QGK_20220228T014818,0,2022-02,T40QGK,0.001511165306776716,0,0.9918095040249101
S2A_MSIL2A_20220221T062901_R077_T40QGK_20220228T014818_0001.jpg,S2A_MSIL2A_20220221T062901_R077_T40QGK_20220228T014818,0,2022-02,T40QGK,0.0015494266503268887,0,0.9918095040249101
S2B_MSIL2A_20220226T062819_R077_T40QGK_20220302T062015_0000.jpg,S2B_MSIL2A_20220226T062819_R077_T40QGK_20220302T062015,0,2022-02,T40QGK,0.002239502615343394,0,0.9918095040249101
S2B_MSIL2A_20220226T062819_R077_T40QGK_20220302T062015_0001.jpg,S2B_MSIL2A_20220226T062819_R077_T40QGK_20220302T062015,0,2022-02,T40QGK,0.0022168493581520014,0,0.9918095040249101
S2A_MSIL2A_20220412T062631_R077_T40QGK_20220413T050721_0000.jpg,S2A_MSIL2A_20220412T062631_R077_T40QGK_20220413T050721,0,2022-04,T40QGK,0.0010198920152474616,0,0.9918095040249101
S2A_MSIL2A_20220412T062631_R077_T40QGK_20220413T050721_0001.jpg,S2A_MSIL2A_20220412T062631_R077_T40QGK_20220413T050721,0,2022-04,T40QGK,0.0010750948409203839,0,0.9918095040249101
S2A_MSIL2A_20220830T062641_R077_T40QGK_20220831T145107_0000.jpg,S2A_MSIL2A_20220830T062641_R077_T40QGK_20220831T145107,0,2022-08,T40QGK,0.0016776378070276071,0,0.9918095040249101
S2A_MSIL2A_20220830T062641_R077_T40QGK_20220831T145107_0001.jpg,S2A_MSIL2A_20220830T062641_R077_T40QGK_20220831T145107,0,2022-08,T40QGK,0.0016691621887123741,0,0.9918095040249101
S2A_MSIL2A_20220929T062651_R077_T40QGK_20220929T210906_0000.jpg,S2A_MSIL2A_20220929T062651_R077_T40QGK_20220929T210906,0,2022-09,T40QGK,0.006744935411080493,0,0.9918095040249101
S2A_MSIL2A_20220929T062651_R077_T40QGK_20220929T210906_0001.jpg,S2A_MSIL2A_20220929T062651_R077_T40QGK_20220929T210906,0,2022-09,T40QGK,0.006800429964439468,0,0.9918095040249101
S2A_MSIL2A_20221009T062751_R077_T40QGK_20221009T145255_0000.jpg,S2A_MSIL2A_20221009T062751_R077_T40QGK_20221009T145255,0,2022-10,T40QGK,0.003888370404915268,0,0.9918095040249101
S2A_MSIL2A_20221009T062751_R077_T40QGK_20221009T145255_0001.jpg,S2A_MSIL2A_20221009T062751_R077_T40QGK_20221009T145255,0,2022-10,T40QGK,0.0043911925076516355,0,0.9918095040249101
S2A_MSIL2A_20221029T063001_R077_T40QGK_20240716T225017_0000.jpg,S2A_MSIL2A_20221029T063001_R077_T40QGK_20240716T225017,0,2022-10,T40QGK,0.0038268262654680284,0,0.9918095040249101
S2A_MSIL2A_20221029T063001_R077_T40QGK_20240716T225017_0001.jpg,S2A_MSIL2A_20221029T063001_R077_T40QGK_20240716T225017,0,2022-10,T40QGK,0.0038677152111472545,0,0.9918095040249101
S2B_MSIL2A_20221113T063119_R077_T40QGK_20221114T010655_0000.jpg,S2B_MSIL2A_20221113T063119_R077_T40QGK_20221114T010655,0,2022-11,T40QGK,0.000832345498817731,0,0.9918095040249101
S2B_MSIL2A_20221113T063119_R077_T40QGK_20221114T010655_0001.jpg,S2B_MSIL2A_20221113T063119_R077_T40QGK_20221114T010655,0,2022-11,T40QGK,0.0008638874619373096,0,0.9918095040249101
S2A_MSIL2A_20221218T063301_R077_T40QGK_20221218T233324_0000.jpg,S2A_MSIL2A_20221218T063301_R077_T40QGK_20221218T233324,0,2022-12,T40QGK,0.0074400495662680245,0,0.9918095040249101
S2A_MSIL2A_20221218T063301_R077_T40QGK_20221218T233324_0001.jpg,S2A_MSIL2A_20221218T063301_R077_T40QGK_20221218T233324,0,2022-12,T40QGK,0.007508049675248074,0,0.9918095040249101
S2A_MSIL2A_20230107T063241_R077_T40QGK_20230107T193733_0000.jpg,S2A_MSIL2A_20230107T063241_R077_T40QGK_20230107T193733,0,2023-01,T40QGK,0.003918472637334845,0,0.9918095040249101
S2A_MSIL2A_20230107T063241_R077_T40QGK_20230107T193733_0001.jpg,S2A_MSIL2A_20230107T063241_R077_T40QGK_20230107T193733,0,2023-01,T40QGK,0.004589528760471156,0,0.9918095040249101
S2B_MSIL2A_20230211T063009_R077_T40QGK_20240814T000313_0000.jpg,S2B_MSIL2A_20230211T063009_R077_T40QGK_20240814T000313,0,2023-02,T40QGK,0.004428486116583144,0,0.9918095040249101
S2B_MSIL2A_20230211T063009_R077_T40QGK_20240814T000313_0001.jpg,S2B_MSIL2A_20230211T063009_R077_T40QGK_20240814T000313,0,2023-02,T40QGK,0.004539383317571704,0,0.9918095040249101
S2A_MSIL2A_20230308T062711_R077_T40QGK_20240806T105147_0000.jpg,S2A_MSIL2A_20230308T062711_R077_T40QGK_20240806T105147,0,2023-03,T40QGK,0.0008286841343572703,0,0.9918095040249101
S2A_MSIL2A_20230308T062711_R077_T40QGK_20240806T105147_0001.jpg,S2A_MSIL2A_20230308T062711_R077_T40QGK_20240806T105147,0,2023-03,T40QGK,0.00084072895987576,0,0.9918095040249101
S2A_MSIL2A_20230417T062631_R077_T40QGK_20230417T114919_0000.jpg,S2A_MSIL2A_20230417T062631_R077_T40QGK_20230417T114919,0,2023-04,T40QGK,0.0008058668013073836,0,0.9918095040249101
S2A_MSIL2A_20230417T062631_R077_T40QGK_20230417T114919_0001.jpg,S2A_MSIL2A_20230417T062631_R077_T40QGK_20230417T114919,0,2023-04,T40QGK,0.0009379103810753255,0,0.9918095040249101
S2B_MSIL2A_20230522T062629_R077_T40QGK_20240811T071353_0000.jpg,S2B_MSIL2A_20230522T062629_R077_T40QGK_20240811T071353,0,2023-05,T40QGK,0.00797139313952464,0,0.9918095040249101
S2B_MSIL2A_20230522T062629_R077_T40QGK_20240811T071353_0001.jpg,S2B_MSIL2A_20230522T062629_R077_T40QGK_20240811T071353,0,2023-05,T40QGK,0.007956195651940577,0,0.9918095040249101
S2A_MSIL2A_20230527T062631_R077_T40QGK_20230527T104313_0000.jpg,S2A_MSIL2A_20230527T062631_R077_T40QGK_20230527T104313,0,2023-05,T40QGK,0.007684790940440313,0,0.9918095040249101
S2A_MSIL2A_20230527T062631_R077_T40QGK_20230527T104313_0001.jpg,S2A_MSIL2A_20230527T062631_R077_T40QGK_20230527T104313,0,2023-05,T40QGK,0.007992654561661842,0,0.9918095040249101
S2B_MSIL2A_20230621T062629_R077_T40QGK_20240816T025921_0000.jpg,S2B_MSIL2A_20230621T062629_R077_T40QGK_20240816T025921,0,2023-06,T40QGK,0.0012102320854200557,0,0.9918095040249101
S2B_MSIL2A_20230621T062629_R077_T40QGK_20240816T025921_0001.jpg,S2B_MSIL2A_20230621T062629_R077_T40QGK_20240816T025921,0,2023-06,T40QGK,0.00114474564211842,0,0.9918095040249101
S2A_MSIL2A_20230805T062631_R077_T40QGK_20230805T121850_0000.jpg,S2A_MSIL2A_20230805T062631_R077_T40QGK_20230805T121850,0,2023-08,T40QGK,0.009181806131968999,0,0.9918095040249101
S2A_MSIL2A_20230805T062631_R077_T40QGK_20230805T121850_0001.jpg,S2A_MSIL2A_20230805T062631_R077_T40QGK_20230805T121850,0,2023-08,T40QGK,0.009281100145806636,0,0.9918095040249101
S2B_MSIL2A_20230810T062629_R077_T40QGK_20240912T065804_0000.jpg,S2B_MSIL2A_20230810T062629_R077_T40QGK_20240912T065804,0,2023-08,T40QGK,0.009360202914730541,0,0.9918095040249101
S2B_MSIL2A_20230810T062629_R077_T40QGK_20240912T065804_0001.jpg,S2B_MSIL2A_20230810T062629_R077_T40QGK_20240912T065804,0,2023-08,T40QGK,0.009412988829645672,0,0.9918095040249101
S2A_MSIL2A_20231113T063121_R077_T40QGK_20231113T112603_0000.jpg,S2A_MSIL2A_20231113T063121_R077_T40QGK_20231113T112603,0,2023-11,T40QGK,0.0017482736788594763,0,0.9918095040249101
S2A_MSIL2A_20231113T063121_R077_T40QGK_20231113T112603_0001.jpg,S2A_MSIL2A_20231113T063121_R077_T40QGK_20231113T112603,0,2023-11,T40QGK,0.0019141509858473314,0,0.9918095040249101
S2B_MSIL2A_20231228T063259_R077_T40QGK_20231228T092024_0000.jpg,S2B_MSIL2A_20231228T063259_R077_T40QGK_20231228T092024,0,2023-12,T40QGK,0.0016742144721564813,0,0.9918095040249101
S2B_MSIL2A_20231228T063259_R077_T40QGK_20231228T092024_0001.jpg,S2B_MSIL2A_20231228T063259_R077_T40QGK_20231228T092024,0,2023-12,T40QGK,0.001755624887123968,0,0.9918095040249101
S2A_MSIL2A_20240102T063251_R077_T40QGK_20240102T104541_0000.jpg,S2A_MSIL2A_20240102T063251_R077_T40QGK_20240102T104541,0,2024-01,T40QGK,0.00197588125928179,0,0.9918095040249101
S2A_MSIL2A_20240102T063251_R077_T40QGK_20240102T104541_0001.jpg,S2A_MSIL2A_20240102T063251_R077_T40QGK_20240102T104541,0,2024-01,T40QGK,0.0012969801007788855,0,0.9918095040249101
S2B_MSIL2A_20240117T063219_R077_T40QGK_20240117T093150_0000.jpg,S2B_MSIL2A_20240117T063219_R077_T40QGK_20240117T093150,0,2024-01,T40QGK,0.000808109247249401,0,0.9918095040249101
S2B_MSIL2A_20240117T063219_R077_T40QGK_20240117T093150_0001.jpg,S2B_MSIL2A_20240117T063219_R077_T40QGK_20240117T093150,0,2024-01,T40QGK,0.0007615640768939157,0,0.9918095040249101
S2A_MSIL2A_20240201T063101_R077_T40QGK_20240201T112116_0000.jpg,S2A_MSIL2A_20240201T063101_R077_T40QGK_20240201T112116,0,2024-02,T40QGK,0.005097430486389068,0,0.9918095040249101
S2A_MSIL2A_20240201T063101_R077_T40QGK_20240201T112116_0001.jpg,S2A_MSIL2A_20240201T063101_R077_T40QGK_20240201T112116,0,2024-02,T40QGK,0.0050369576163623656,0,0.9918095040249101
S2A_MSIL2A_20240521T062631_R077_T40QGK_20240521T112534_0000.jpg,S2A_MSIL2A_20240521T062631_R077_T40QGK_20240521T112534,0,2024-05,T40QGK,0.0017253123283833456,0,0.9918095040249101
S2A_MSIL2A_20240521T062631_R077_T40QGK_20240521T112534_0001.jpg,S2A_MSIL2A_20240521T062631_R077_T40QGK_20240521T112534,0,2024-05,T40QGK,0.0017268729605320566,0,0.9918095040249101
S2B_MSIL2A_20240625T062629_R077_T40QGK_20240625T102043_0000.jpg,S2B_MSIL2A_20240625T062629_R077_T40QGK_20240625T102043,0,2024-06,T40QGK,0.0055579720904835195,0,0.9918095040249101
S2B_MSIL2A_20240705T062629_R077_T40QGK_20240706T024220_0000.jpg,S2B_MSIL2A_20240705T062629_R077_T40QGK_20240706T024220,0,2024-07,T40QGK,0.019178334734033634,0,0.9918095040249101
S2B_MSIL2A_20240705T062629_R077_T40QGK_20240706T024220_0001.jpg,S2B_MSIL2A_20240705T062629_R077_T40QGK_20240706T024220,0,2024-07,T40QGK,0.017461679859205225,0,0.9918095040249101
S2B_MSIL2A_20240804T062629_R077_T40QGK_20240804T094512_0000.jpg,S2B_MSIL2A_20240804T062629_R077_T40QGK_20240804T094512,0,2024-08,T40QGK,0.00695930308501756,0,0.9918095040249101
S2B_MSIL2A_20240804T062629_R077_T40QGK_20240804T094512_0001.jpg,S2B_MSIL2A_20240804T062629_R077_T40QGK_20240804T094512,0,2024-08,T40QGK,0.006258724363407892,0,0.9918095040249101
S2A_MSIL2A_20240829T062631_R077_T40QGK_20240829T111551_0000.jpg,S2A_MSIL2A_20240829T062631_R077_T40QGK_20240829T111551,0,2024-08,T40QGK,0.017015190938485004,0,0.9918095040249101
S2A_MSIL2A_20240829T062631_R077_T40QGK_20240829T111551_0001.jpg,S2A_MSIL2A_20240829T062631_R077_T40QGK_20240829T111551,0,2024-08,T40QGK,0.017477961598051307,0,0.9918095040249101
S2A_MSIL2A_20240908T062631_R077_T40QGK_20240908T111753_0000.jpg,S2A_MSIL2A_20240908T062631_R077_T40QGK_20240908T111753,0,2024-09,T40QGK,0.0027316063085065126,0,0.9918095040249101
S2A_MSIL2A_20240908T062631_R077_T40QGK_20240908T111753_0001.jpg,S2A_MSIL2A_20240908T062631_R077_T40QGK_20240908T111753,0,2024-09,T40QGK,0.002754860587136116,0,0.9918095040249101
S2B_MSIL2A_20240923T062629_R077_T40QGK_20240923T085510_0000.jpg,S2B_MSIL2A_20240923T062629_R077_T40QGK_20240923T085510,0,2024-09,T40QGK,0.001012319786989781,0,0.9918095040249101
S2B_MSIL2A_20240923T062629_R077_T40QGK_20240923T085510_0001.jpg,S2B_MSIL2A_20240923T062629_R077_T40QGK_20240923T085510,0,2024-09,T40QGK,0.0010598841959579928,0,0.9918095040249101
S2A_MSIL2A_20241028T063001_R077_T40QGK_20241028T100749_0000.jpg,S2A_MSIL2A_20241028T063001_R077_T40QGK_20241028T100749,0,2024-10,T40QGK,0.0004392939263127742,0,0.9918095040249101
S2A_MSIL2A_20241028T063001_R077_T40QGK_20241028T100749_0001.jpg,S2A_MSIL2A_20241028T063001_R077_T40QGK_20241028T100749,0,2024-10,T40QGK,0.0004193808613786286,0,0.9918095040249101
S2B_MSIL2A_20241202T063139_R077_T40QGK_20241202T083601_0000.jpg,S2B_MSIL2A_20241202T063139_R077_T40QGK_20241202T083601,0,2024-12,T40QGK,0.01515825393891398,0,0.9918095040249101
S2B_MSIL2A_20241202T063139_R077_T40QGK_20241202T083601_0001.jpg,S2B_MSIL2A_20241202T063139_R077_T40QGK_20241202T083601,0,2024-12,T40QGK,0.01595657478579441,0,0.9918095040249101
S2A_MSIL2A_20241217T063301_R077_T40QGK_20241217T094151_0000.jpg,S2A_MSIL2A_20241217T063301_R077_T40QGK_20241217T094151,0,2024-12,T40QGK,0.004135240345603211,0,0.9918095040249101
S2A_MSIL2A_20241217T063301_R077_T40QGK_20241217T094151_0001.jpg,S2A_MSIL2A_20241217T063301_R077_T40QGK_20241217T094151,0,2024-12,T40QGK,0.0036852528028873694,0,0.9918095040249101
S2A_MSIL2A_20170302T064011_R120_T40QFM_20210208T184836_0000.jpg,S2A_MSIL2A_20170302T064011_R120_T40QFM_20210208T184836,0,2017-03,T40QFM,0.0006363897648653484,0,0.9918095040249101
S2A_MSIL2A_20170302T064011_R120_T40QFM_20210208T184836_0001.jpg,S2A_MSIL2A_20170302T064011_R120_T40QFM_20210208T184836,0,2017-03,T40QFM,0.0006323256063153008,0,0.9918095040249101
S2A_MSIL2A_20170401T063621_R120_T40QFM_20210209T033740_0000.jpg,S2A_MSIL2A_20170401T063621_R120_T40QFM_20210209T033740,0,2017-04,T40QFM,0.0024654819547701213,0,0.9918095040249101
S2A_MSIL2A_20170401T063621_R120_T40QFM_20210209T033740_0001.jpg,S2A_MSIL2A_20170401T063621_R120_T40QFM_20210209T033740,0,2017-04,T40QFM,0.0024251592913082155,0,0.9918095040249101
S2B_MSIL2A_20170705T064019_R120_T40QFM_20210210T050526_0000.jpg,S2B_MSIL2A_20170705T064019_R120_T40QFM_20210210T050526,0,2017-07,T40QFM,0.004316498109313315,0,0.9918095040249101
S2B_MSIL2A_20170705T064019_R120_T40QFM_20210210T050526_0001.jpg,S2B_MSIL2A_20170705T064019_R120_T40QFM_20210210T050526,0,2017-07,T40QFM,0.004250356454506532,0,0.9918095040249101
S2B_MSIL2A_20170824T064009_R120_T40QFM_20210201T091008_0000.jpg,S2B_MSIL2A_20170824T064009_R120_T40QFM_20210201T091008,0,2017-08,T40QFM,0.003383267908636985,0,0.9918095040249101
S2B_MSIL2A_20170824T064009_R120_T40QFM_20210201T091008_0001.jpg,S2B_MSIL2A_20170824T064009_R120_T40QFM_20210201T091008,0,2017-08,T40QFM,0.003770739586255077,0,0.9918095040249101
S2A_MSIL2A_20170829T064021_R120_T40QFM_20210201T133444_0000.jpg,S2A_MSIL2A_20170829T064021_R120_T40QFM_20210201T133444,0,2017-08,T40QFM,0.0024284810283319016,0,0.9918095040249101
S2A_MSIL2A_20170829T064021_R120_T40QFM_20210201T133444_0001.jpg,S2A_MSIL2A_20170829T064021_R120_T40QFM_20210201T133444,0,2017-08,T40QFM,0.0023486999033804938,0,0.9918095040249101
S2A_MSIL2A_20170908T063621_R120_T40QFM_20210201T212456_0000.jpg,S2A_MSIL2A_20170908T063621_R120_T40QFM_20210201T212456,0,2017-09,T40QFM,0.002408973622904421,0,0.9918095040249101
S2A_MSIL2A_20170908T063621_R120_T40QFM_20210201T212456_0001.jpg,S2A_MSIL2A_20170908T063621_R120_T40QFM_20210201T212456,0,2017-09,T40QFM,0.0023754262355377078,0,0.9918095040249101
S2B_MSIL2A_20180101T064249_R120_T40QFM_20201014T023737_0000.jpg,S2B_MSIL2A_20180101T064249_R120_T40QFM_20201014T023737,0,2018-01,T40QFM,0.004379448279447061,0,0.9918095040249101
S2B_MSIL2A_20180101T064249_R120_T40QFM_20201014T023737_0001.jpg,S2B_MSIL2A_20180101T064249_R120_T40QFM_20201014T023737,0,2018-01,T40QFM,0.004387843879454052,0,0.9918095040249101
S2A_MSIL2A_20180215T063941_R120_T40QFM_20201013T212603_0000.jpg,S2A_MSIL2A_20180215T063941_R120_T40QFM_20201013T212603,0,2018-02,T40QFM,0.0014508238007093046,0,0.9918095040249101
S2A_MSIL2A_20180215T063941_R120_T40QFM_20201013T212603_0001.jpg,S2A_MSIL2A_20180215T063941_R120_T40QFM_20201013T212603,0,2018-02,T40QFM,0.0014536132923413478,0,0.9918095040249101
S2B_MSIL2A_20180220T063909_R120_T40QFM_20201013T233242_0000.jpg,S2B_MSIL2A_20180220T063909_R120_T40QFM_20201013T233242,0,2018-02,T40QFM,0.0008567421252433183,0,0.9918095040249101
S2B_MSIL2A_20180220T063909_R120_T40QFM_20201013T233242_0001.jpg,S2B_MSIL2A_20180220T063909_R120_T40QFM_20201013T233242,0,2018-02,T40QFM,0.0006352160684996539,0,0.9918095040249101
S2B_MSIL2A_20180521T063629_R120_T40QFM_20201026T102945_0000.jpg,S2B_MSIL2A_20180521T063629_R120_T40QFM_20201026T102945,0,2018-05,T40QFM,0.0018634082242523931,0,0.9918095040249101
S2B_MSIL2A_20180521T063629_R120_T40QFM_20201026T102945_0001.jpg,S2B_MSIL2A_20180521T063629_R120_T40QFM_20201026T102945,0,2018-05,T40QFM,0.0013215692972275378,0,0.9918095040249101
S2A_MSIL2A_20180605T063631_R120_T40QFM_20201026T160308_0000.jpg,S2A_MSIL2A_20180605T063631_R120_T40QFM_20201026T160308,0,2018-06,T40QFM,0.007860378962638904,0,0.9918095040249101
S2A_MSIL2A_20180605T063631_R120_T40QFM_20201026T160308_0001.jpg,S2A_MSIL2A_20180605T063631_R120_T40QFM_20201026T160308,0,2018-06,T40QFM,0.007677475806313733,0,0.9918095040249101
S2A_MSIL2A_20180903T063621_R120_T40QFM_20201011T075609_0000.jpg,S2A_MSIL2A_20180903T063621_R120_T40QFM_20201011T075609,0,2018-09,T40QFM,0.003941863111571476,0,0.9918095040249101
S2A_MSIL2A_20180903T063621_R120_T40QFM_20201011T075609_0001.jpg,S2A_MSIL2A_20180903T063621_R120_T40QFM_20201011T075609,0,2018-09,T40QFM,0.0036378121899905184,0,0.9918095040249101
S2B_MSIL2A_20181207T064239_R120_T40QFM_20201008T081206_0000.jpg,S2B_MSIL2A_20181207T064239_R120_T40QFM_20201008T081206,0,2018-12,T40QFM,0.009259467151580195,0,0.9918095040249101
S2B_MSIL2A_20181207T064239_R120_T40QFM_20201008T081206_0001.jpg,S2B_MSIL2A_20181207T064239_R120_T40QFM_20201008T081206,0,2018-12,T40QFM,0.010233755736689892,0,0.9918095040249101
S2A_MSIL2A_20190121T064201_R120_T40QFM_20201008T031932_0000.jpg,S2A_MSIL2A_20190121T064201_R120_T40QFM_20201008T031932,0,2019-01,T40QFM,0.002746637322709652,0,0.9918095040249101
S2A_MSIL2A_20190121T064201_R120_T40QFM_20201008T031932_0001.jpg,S2A_MSIL2A_20190121T064201_R120_T40QFM_20201008T031932,0,2019-01,T40QFM,0.002850769877130983,0,0.9918095040249101
S2B_MSIL2A_20190205T064049_R120_T40QFM_20201007T141559_0000.jpg,S2B_MSIL2A_20190205T064049_R120_T40QFM_20201007T141559,0,2019-02,T40QFM,0.0023713600320849687,0,0.9918095040249101
S2B_MSIL2A_20190205T064049_R120_T40QFM_20201007T141559_0001.jpg,S2B_MSIL2A_20190205T064049_R120_T40QFM_20201007T141559,0,2019-02,T40QFM,0.002459243729191631,0,0.9918095040249101
S2B_MSIL2A_20190317T063629_R120_T40QFM_20201007T074128_0000.jpg,S2B_MSIL2A_20190317T063629_R120_T40QFM_20201007T074128,0,2019-03,T40QFM,0.0014037231846588895,0,0.9918095040249101
S2B_MSIL2A_20190317T063629_R120_T40QFM_20201007T074128_0001.jpg,S2B_MSIL2A_20190317T063629_R120_T40QFM_20201007T074128,0,2019-03,T40QFM,0.0013354898962580348,0,0.9918095040249101
S2B_MSIL2A_20190516T063639_R120_T40QFM_20201006T145732_0000.jpg,S2B_MSIL2A_20190516T063639_R120_T40QFM_20201006T145732,0,2019-05,T40QFM,0.0006711331771028044,0,0.9918095040249101
S2B_MSIL2A_20190516T063639_R120_T40QFM_20201006T145732_0001.jpg,S2B_MSIL2A_20190516T063639_R120_T40QFM_20201006T145732,0,2019-05,T40QFM,0.0006275019494283923,0,0.9918095040249101
S2B_MSIL2A_20190625T063639_R120_T40QFM_20201006T061706_0000.jpg,S2B_MSIL2A_20190625T063639_R120_T40QFM_20201006T061706,0,2019-06,T40QFM,0.017030654262104823,0,0.9918095040249101
S2B_MSIL2A_20190625T063639_R120_T40QFM_20201006T061706_0001.jpg,S2B_MSIL2A_20190625T063639_R120_T40QFM_20201006T061706,0,2019-06,T40QFM,0.015646457257280113,0,0.9918095040249101
S2A_MSIL2A_20190720T063631_R120_T40QFM_20201005T164749_0000.jpg,S2A_MSIL2A_20190720T063631_R120_T40QFM_20201005T164749,0,2019-07,T40QFM,0.0012888472390450343,0,0.9918095040249101
S2A_MSIL2A_20190720T063631_R120_T40QFM_20201005T164749_0001.jpg,S2A_MSIL2A_20190720T063631_R120_T40QFM_20201005T164749,0,2019-07,T40QFM,0.001240274295936545,0,0.9918095040249101
S2B_MSIL2A_20190814T063629_R120_T40QFM_20201005T002201_0000.jpg,S2B_MSIL2A_20190814T063629_R120_T40QFM_20201005T002201,0,2019-08,T40QFM,0.005339042994805796,0,0.9918095040249101
S2B_MSIL2A_20190814T063629_R120_T40QFM_20201005T002201_0001.jpg,S2B_MSIL2A_20190814T063629_R120_T40QFM_20201005T002201,0,2019-08,T40QFM,0.005294261679289234,0,0.9918095040249101
S2B_MSIL2A_20191112T064119_R120_T40QFM_20201003T154909_0000.jpg,S2B_MSIL2A_20191112T064119_R120_T40QFM_20201003T154909,0,2019-11,T40QFM,0.0009995681711665696,0,0.9918095040249101
S2B_MSIL2A_20191112T064119_R120_T40QFM_20201003T154909_0001.jpg,S2B_MSIL2A_20191112T064119_R120_T40QFM_20201003T154909,0,2019-11,T40QFM,0.0009199803968008803,0,0.9918095040249101
S2A_MSIL2A_20191127T064221_R120_T40QFM_20201003T200811_0000.jpg,S2A_MSIL2A_20191127T064221_R120_T40QFM_20201003T200811,0,2019-11,T40QFM,0.0016494473580527026,0,0.9918095040249101
S2A_MSIL2A_20191127T064221_R120_T40QFM_20201003T200811_0001.jpg,S2A_MSIL2A_20191127T064221_R120_T40QFM_20201003T200811,0,2019-11,T40QFM,0.0014885699428929316,0,0.9918095040249101
S2B_MSIL2A_20200210T064019_R120_T40QFM_20201001T152442_0000.jpg,S2B_MSIL2A_20200210T064019_R120_T40QFM_20201001T152442,0,2020-02,T40QFM,0.001989113612133916,0,0.9918095040249101
S2B_MSIL2A_20200210T064019_R120_T40QFM_20201001T152442_0001.jpg,S2B_MSIL2A_20200210T064019_R120_T40QFM_20201001T152442,0,2020-02,T40QFM,0.001989113612133916,0,0.9918095040249101
S2B_MSIL2A_20200331T063629_R120_T40QFM_20201022T153445_0000.jpg,S2B_MSIL2A_20200331T063629_R120_T40QFM_20201022T153445,0,2020-03,T40QFM,0.01024167726466391,0,0.9918095040249101
S2B_MSIL2A_20200331T063629_R120_T40QFM_20201022T153445_0001.jpg,S2B_MSIL2A_20200331T063629_R120_T40QFM_20201022T153445,0,2020-03,T40QFM,0.01012895096702697,0,0.9918095040249101
S2A_MSIL2A_20200505T063631_R120_T40QFM_20200920T135246_0000.jpg,S2A_MSIL2A_20200505T063631_R120_T40QFM_20200920T135246,0,2020-05,T40QFM,0.0004117585565114397,0,0.9918095040249101
S2A_MSIL2A_20200505T063631_R120_T40QFM_20200920T135246_0001.jpg,S2A_MSIL2A_20200505T063631_R120_T40QFM_20200920T135246,0,2020-05,T40QFM,0.0004127073515581057,0,0.9918095040249101
S2B_MSIL2A_20200609T063629_R120_T40QFM_20200826T182918_0000.jpg,S2B_MSIL2A_20200609T063629_R120_T40QFM_20200826T182918,0,2020-06,T40QFM,0.0022992969882733804,0,0.9918095040249101
S2B_MSIL2A_20200609T063629_R120_T40QFM_20200826T182918_0001.jpg,S2B_MSIL2A_20200609T063629_R120_T40QFM_20200826T182918,0,2020-06,T40QFM,0.002383851478281717,0,0.9918095040249101
S2A_MSIL2A_20200714T063631_R120_T40QFM_20200913T031806_0000.jpg,S2A_MSIL2A_20200714T063631_R120_T40QFM_20200913T031806,0,2020-07,T40QFM,0.00511480910335485,0,0.9918095040249101
S2A_MSIL2A_20200714T063631_R120_T40QFM_20200913T031806_0001.jpg,S2A_MSIL2A_20200714T063631_R120_T40QFM_20200913T031806,0,2020-07,T40QFM,0.0050343379111795344,0,0.9918095040249101
S2B_MSIL2A_20200927T063639_R120_T40QFM_20200929T042445_0000.jpg,S2B_MSIL2A_20200927T063639_R120_T40QFM_20200929T042445,0,2020-09,T40QFM,0.0039007219617366545,0,0.9918095040249101
S2B_MSIL2A_20200927T063639_R120_T40QFM_20200929T042445_0001.jpg,S2B_MSIL2A_20200927T063639_R120_T40QFM_20200929T042445,0,2020-09,T40QFM,0.0037252298931172074,0,0.9918095040249101
S2B_MSIL2A_20201017T063849_R120_T40QFM_20201027T140630_0000.jpg,S2B_MSIL2A_20201017T063849_R120_T40QFM_20201027T140630,0,2020-10,T40QFM,0.0005742620939609986,0,0.9918095040249101
S2B_MSIL2A_20201017T063849_R120_T40QFM_20201027T140630_0001.jpg,S2B_MSIL2A_20201017T063849_R120_T40QFM_20201027T140630,0,2020-10,T40QFM,0.0005753671959139318,0,0.9918095040249101
S2A_MSIL2A_20201121T064201_R120_T40QFM_20201123T113122_0000.jpg,S2A_MSIL2A_20201121T064201_R120_T40QFM_20201123T113122,0,2020-11,T40QFM,0.0005677639935081028,0,0.9918095040249101
S2A_MSIL2A_20201121T064201_R120_T40QFM_20201123T113122_0001.jpg,S2A_MSIL2A_20201121T064201_R120_T40QFM_20201123T113122,0,2020-11,T40QFM,0.0006010476063237555,0,0.9918095040249101
S2A_MSIL2A_20201231T064301_R120_T40QFM_20210104T124741_0000.jpg,S2A_MSIL2A_20201231T064301_R120_T40QFM_20210104T124741,0,2020-12,T40QFM,0.0009282775752182013,0,0.9918095040249101
S2A_MSIL2A_20201231T064301_R120_T40QFM_20210104T124741_0001.jpg,S2A_MSIL2A_20201231T064301_R120_T40QFM_20210104T124741,0,2020-12,T40QFM,0.0009234777512702567,0,0.9918095040249101
S2A_MSIL2A_20210130T064121_R120_T40QFM_20210130T202726_0000.jpg,S2A_MSIL2A_20210130T064121_R120_T40QFM_20210130T202726,0,2021-01,T40QFM,0.0033468574597257756,0,0.9918095040249101
S2A_MSIL2A_20210130T064121_R120_T40QFM_20210130T202726_0001.jpg,S2A_MSIL2A_20210130T064121_R120_T40QFM_20210130T202726,0,2021-01,T40QFM,0.003252249602687758,0,0.9918095040249101
S2B_MSIL2A_20210306T063729_R120_T40QFM_20210307T013550_0000.jpg,S2B_MSIL2A_20210306T063729_R120_T40QFM_20210307T013550,0,2021-03,T40QFM,0.002137032515349216,0,0.9918095040249101
S2B_MSIL2A_20210306T063729_R120_T40QFM_20210307T013550_0001.jpg,S2B_MSIL2A_20210306T063729_R120_T40QFM_20210307T013550,0,2021-03,T40QFM,0.0021419360268507917,0,0.9918095040249101
S2B_MSIL2A_20210425T063619_R120_T40QFM_20210426T050414_0000.jpg,S2B_MSIL2A_20210425T063619_R120_T40QFM_20210426T050414,0,2021-04,T40QFM,0.0009765088459280527,0,0.9918095040249101
S2B_MSIL2A_20210425T063619_R120_T40QFM_20210426T050414_0001.jpg,S2B_MSIL2A_20210425T063619_R120_T40QFM_20210426T050414,0,2021-04,T40QFM,0.000852146438741101,0,0.9918095040249101
S2B_MSIL2A_20210505T063629_R120_T40QFM_20210611T033410_0000.jpg,S2B_MSIL2A_20210505T063629_R120_T40QFM_20210611T033410,0,2021-05,T40QFM,0.015480365317758798,0,0.9918095040249101
S2B_MSIL2A_20210505T063629_R120_T40QFM_20210611T033410_0001.jpg,S2B_MSIL2A_20210505T063629_R120_T40QFM_20210611T033410,0,2021-05,T40QFM,0.015480365317758798,0,0.9918095040249101
S2A_MSIL2A_20210520T063631_R120_T40QFM_20210521T083536_0000.jpg,S2A_MSIL2A_20210520T063631_R120_T40QFM_20210521T083536,0,2021-05,T40QFM,0.0005875535585389303,0,0.9918095040249101
S2A_MSIL2A_20210520T063631_R120_T40QFM_20210521T083536_0001.jpg,S2A_MSIL2A_20210520T063631_R120_T40QFM_20210521T083536,0,2021-05,T40QFM,0.0006146888835124768,0,0.9918095040249101
S2B_MSIL2A_20210604T063629_R120_T40QFM_20210604T232437_0000.jpg,S2B_MSIL2A_20210604T063629_R120_T40QFM_20210604T232437,0,2021-06,T40QFM,0.0008369980400883416,0,0.9918095040249101
S2B_MSIL2A_20210604T063629_R120_T40QFM_20210604T232437_0001.jpg,S2B_MSIL2A_20210604T063629_R120_T40QFM_20210604T232437,0,2021-06,T40QFM,0.0007855199971253348,0,0.9918095040249101
S2B_MSIL2A_20211012T063819_R120_T40QFM_20211012T230020_0000.jpg,S2B_MSIL2A_20211012T063819_R120_T40QFM_20211012T230020,0,2021-10,T40QFM,0.0004823322410779512,0,0.9918095040249101
S2B_MSIL2A_20211012T063819_R120_T40QFM_20211012T230020_0001.jpg,S2B_MSIL2A_20211012T063819_R120_T40QFM_20211012T230020,0,2021-10,T40QFM,0.0005055570251975899,0,0.9918095040249101
S2A_MSIL2A_20220326T063631_R120_T40QFM_20220326T173013_0000.jpg,S2A_MSIL2A_20220326T063631_R120_T40QFM_20220326T173013,0,2022-03,T40QFM,0.002093397954532059,0,0.9918095040249101
S2A_MSIL2A_20220326T063631_R120_T40QFM_20220326T173013_0001.jpg,S2A_MSIL2A_20220326T063631_R120_T40QFM_20220326T173013,0,2022-03,T40QFM,0.003767463714417748,0,0.9918095040249101
S2A_MSIL2A_20220604T063631_R120_T40QFM_20220604T212729_0000.jpg,S2A_MSIL2A_20220604T063631_R120_T40QFM_20220604T212729,0,2022-06,T40QFM,0.0018128769020115583,0,0.9918095040249101
S2A_MSIL2A_20220604T063631_R120_T40QFM_20220604T212729_0001.jpg,S2A_MSIL2A_20220604T063631_R120_T40QFM_20220604T212729,0,2022-06,T40QFM,0.00184279886511616,0,0.9918095040249101
S2B_MSIL2A_20221226T064259_R120_T40QFM_20221226T183145_0000.jpg,S2B_MSIL2A_20221226T064259_R120_T40QFM_20221226T183145,0,2022-12,T40QFM,0.000310616123744703,0,0.9918095040249101
S2B_MSIL2A_20221226T064259_R120_T40QFM_20221226T183145_0001.jpg,S2B_MSIL2A_20221226T064259_R120_T40QFM_20221226T183145,0,2022-12,T40QFM,0.000310406328674247,0,0.9918095040249101
S2A_MSIL2A_20230331T063621_R120_T40QFM_20240825T173541_0000.jpg,S2A_MSIL2A_20230331T063621_R120_T40QFM_20240825T173541,0,2023-03,T40QFM,0.004033968075809874,0,0.9918095040249101
S2A_MSIL2A_20230331T063621_R120_T40QFM_20240825T173541_0001.jpg,S2A_MSIL2A_20230331T063621_R120_T40QFM_20240825T173541,0,2023-03,T40QFM,0.004016169701898941,0,0.9918095040249101
S2B_MSIL2A_20230714T063629_R120_T40QFM_20240910T152238_0000.jpg,S2B_MSIL2A_20230714T063629_R120_T40QFM_20240910T152238,0,2023-07,T40QFM,0.002191887739065279,0,0.9918095040249101
S2B_MSIL2A_20230714T063629_R120_T40QFM_20240910T152238_0001.jpg,S2B_MSIL2A_20230714T063629_R120_T40QFM_20240910T152238,0,2023-07,T40QFM,0.002073127425181743,0,0.9918095040249101
S2A_MSIL2A_20230808T063631_R120_T40QFM_20241021T084732_0000.jpg,S2A_MSIL2A_20230808T063631_R120_T40QFM_20241021T084732,0,2023-08,T40QFM,0.0023280760732794013,0,0.9918095040249101
S2A_MSIL2A_20230808T063631_R120_T40QFM_20241021T084732_0001.jpg,S2A_MSIL2A_20230808T063631_R120_T40QFM_20241021T084732,0,2023-08,T40QFM,0.0023621245227496983,0,0.9918095040249101
S2A_MSIL2A_20230927T063631_R120_T40QFM_20230927T125012_0000.jpg,S2A_MSIL2A_20230927T063631_R120_T40QFM_20230927T125012,0,2023-09,T40QFM,0.0008944378228752974,0,0.9918095040249101
S2A_MSIL2A_20230927T063631_R120_T40QFM_20230927T125012_0001.jpg,S2A_MSIL2A_20230927T063631_R120_T40QFM_20230927T125012,0,2023-09,T40QFM,0.0008720991868658998,0,0.9918095040249101
S2B_MSIL2A_20231002T063709_R120_T40QFM_20231002T151612_0000.jpg,S2B_MSIL2A_20231002T063709_R120_T40QFM_20231002T151612,0,2023-10,T40QFM,0.001029606938610615,0,0.9918095040249101
S2B_MSIL2A_20231002T063709_R120_T40QFM_20231002T151612_0001.jpg,S2B_MSIL2A_20231002T063709_R120_T40QFM_20231002T151612,0,2023-10,T40QFM,0.00101714165140512,0,0.9918095040249101
S2B_MSIL2A_20240409T063629_R120_T40QFM_20240411T033313_0000.jpg,S2B_MSIL2A_20240409T063629_R120_T40QFM_20240411T033313,0,2024-04,T40QFM,0.00047262050725489763,0,0.9918095040249101
S2B_MSIL2A_20240409T063629_R120_T40QFM_20240411T033313_0001.jpg,S2B_MSIL2A_20240409T063629_R120_T40QFM_20240411T033313,0,2024-04,T40QFM,0.00044871390469133514,0,0.9918095040249101
S2B_MSIL2A_20240429T063629_R120_T40QFM_20240429T111845_0000.jpg,S2B_MSIL2A_20240429T063629_R120_T40QFM_20240429T111845,0,2024-04,T40QFM,0.0006913734577037141,0,0.9918095040249101
S2B_MSIL2A_20240429T063629_R120_T40QFM_20240429T111845_0001.jpg,S2B_MSIL2A_20240429T063629_R120_T40QFM_20240429T111845,0,2024-04,T40QFM,0.0006837529340220524,0,0.9918095040249101
S2B_MSIL2A_20240618T063629_R120_T40QFM_20240618T111722_0000.jpg,S2B_MSIL2A_20240618T063629_R120_T40QFM_20240618T111722,0,2024-06,T40QFM,0.003925804347116752,0,0.9918095040249101
S2B_MSIL2A_20240618T063629_R120_T40QFM_20240618T111722_0001.jpg,S2B_MSIL2A_20240618T063629_R120_T40QFM_20240618T111722,0,2024-06,T40QFM,0.003810800148791878,0,0.9918095040249101
S2A_MSIL2A_20240703T063631_R120_T40QFM_20240703T111800_0000.jpg,S2A_MSIL2A_20240703T063631_R120_T40QFM_20240703T111800,0,2024-07,T40QFM,0.00452734195932081,0,0.9918095040249101
S2A_MSIL2A_20240703T063631_R120_T40QFM_20240703T111800_0001.jpg,S2A_MSIL2A_20240703T063631_R120_T40QFM_20240703T111800,0,2024-07,T40QFM,0.006073599997621775,0,0.9918095040249101
S2A_MSIL2A_20240723T063631_R120_T40QFM_20240723T113350_0000.jpg,S2A_MSIL2A_20240723T063631_R120_T40QFM_20240723T113350,0,2024-07,T40QFM,0.0017590278534371346,0,0.9918095040249101
S2A_MSIL2A_20240723T063631_R120_T40QFM_20240723T113350_0001.jpg,S2A_MSIL2A_20240723T063631_R120_T40QFM_20240723T113350,0,2024-07,T40QFM,0.0012326253185985033,0,0.9918095040249101
S2A_MSIL2A_20241021T063921_R120_T40QFM_20241021T103950_0000.jpg,S2A_MSIL2A_20241021T063921_R120_T40QFM_20241021T103950,0,2024-10,T40QFM,0.008704278568527905,0,0.9918095040249101
S2A_MSIL2A_20241021T063921_R120_T40QFM_20241021T103950_0001.jpg,S2A_MSIL2A_20241021T063921_R120_T40QFM_20241021T103950,0,2024-10,T40QFM,0.008704278568527905,0,0.9918095040249101
S2A_MSIL2A_20241120T064201_R120_T40QFM_20241120T094700_0000.jpg,S2A_MSIL2A_20241120T064201_R120_T40QFM_20241120T094700,0,2024-11,T40QFM,0.0003970242147636463,0,0.9918095040249101
S2A_MSIL2A_20241120T064201_R120_T40QFM_20241120T094700_0001.jpg,S2A_MSIL2A_20241120T064201_R120_T40QFM_20241120T094700,0,2024-11,T40QFM,0.0004299278762673459,0,0.9918095040249101
S2A_MSIL2A_20170607T062631_R077_T40QGL_20210209T210403_0000.jpg,S2A_MSIL2A_20170607T062631_R077_T40QGL_20210209T210403,0,2017-06,T40QGL,0.0010964074134786584,0,0.9918095040249101
S2A_MSIL2A_20170607T062631_R077_T40QGL_20210209T210403_0001.jpg,S2A_MSIL2A_20170607T062631_R077_T40QGL_20210209T210403,0,2017-06,T40QGL,0.000969371466200285,0,0.9918095040249101
S2B_MSIL2A_20171020T062849_R077_T40QGL_20201015T010903_0000.jpg,S2B_MSIL2A_20171020T062849_R077_T40QGL_20201015T010903,0,2017-10,T40QGL,0.0013142241214218289,0,0.9918095040249101
S2B_MSIL2A_20171020T062849_R077_T40QGL_20201015T010903_0001.jpg,S2B_MSIL2A_20171020T062849_R077_T40QGL_20201015T010903,0,2017-10,T40QGL,0.0014016979279506197,0,0.9918095040249101
S2A_MSIL2A_20171224T063251_R077_T40QGL_20201014T155901_0000.jpg,S2A_MSIL2A_20171224T063251_R077_T40QGL_20201014T155901,0,2017-12,T40QGL,0.0030836721119844534,0,0.9918095040249101
S2A_MSIL2A_20171224T063251_R077_T40QGL_20201014T155901_0001.jpg,S2A_MSIL2A_20171224T063251_R077_T40QGL_20201014T155901,0,2017-12,T40QGL,0.0032482788023860242,0,0.9918095040249101
S2B_MSIL2A_20180408T062629_R077_T40QGL_20201012T195312_0000.jpg,S2B_MSIL2A_20180408T062629_R077_T40QGL_20201012T195312,0,2018-04,T40QGL,0.0008079443047083665,0,0.9918095040249101
S2B_MSIL2A_20180408T062629_R077_T40QGL_20201012T195312_0001.jpg,S2B_MSIL2A_20180408T062629_R077_T40QGL_20201012T195312,0,2018-04,T40QGL,0.000816931746206428,0,0.9918095040249101
S2A_MSIL2A_20180413T062631_R077_T40QGL_20201012T214132_0000.jpg,S2A_MSIL2A_20180413T062631_R077_T40QGL_20201012T214132,0,2018-04,T40QGL,0.000855955821036743,0,0.9918095040249101
S2A_MSIL2A_20180413T062631_R077_T40QGL_20201012T214132_0001.jpg,S2A_MSIL2A_20180413T062631_R077_T40QGL_20201012T214132,0,2018-04,T40QGL,0.0008541758663734256,0,0.9918095040249101
S2A_MSIL2A_20180523T062631_R077_T40QGL_20201012T131340_0000.jpg,S2A_MSIL2A_20180523T062631_R077_T40QGL_20201012T131340,0,2018-05,T40QGL,0.0024257604866076764,0,0.9918095040249101
S2A_MSIL2A_20180523T062631_R077_T40QGL_20201012T131340_0001.jpg,S2A_MSIL2A_20180523T062631_R077_T40QGL_20201012T131340,0,2018-05,T40QGL,0.0024110146117470935,0,0.9918095040249101
S2B_MSIL2A_20180707T062629_R077_T40QGL_20201011T130506_0000.jpg,S2B_MSIL2A_20180707T062629_R077_T40QGL_20201011T130506,0,2018-07,T40QGL,0.011592680021344962,0,0.9918095040249101
S2B_MSIL2A_20180707T062629_R077_T40QGL_20201011T130506_0001.jpg,S2B_MSIL2A_20180707T062629_R077_T40QGL_20201011T130506,0,2018-07,T40QGL,0.009465133411330203,0,0.9918095040249101
S2A_MSIL2A_20180930T062641_R077_T40QGL_20201009T062820_0000.jpg,S2A_MSIL2A_20180930T062641_R077_T40QGL_20201009T062820,0,2018-09,T40QGL,0.0014390800273201994,0,0.9918095040249101
S2A_MSIL2A_20180930T062641_R077_T40QGL_20201009T062820_0001.jpg,S2A_MSIL2A_20180930T062641_R077_T40QGL_20201009T062820,0,2018-09,T40QGL,0.001470845197237032,0,0.9918095040249101
S2B_MSIL2A_20190304T062749_R077_T40QGL_20201030T140917_0000.jpg,S2B_MSIL2A_20190304T062749_R077_T40QGL_20201030T140917,0,2019-03,T40QGL,0.0005206550879220777,0,0.9918095040249101
S2B_MSIL2A_20190304T062749_R077_T40QGL_20201030T140917_0001.jpg,S2B_MSIL2A_20190304T062749_R077_T40QGL_20201030T140917,0,2019-03,T40QGL,0.0005019869817395268,0,0.9918095040249101
S2A_MSIL2A_20190418T062631_R077_T40QGL_20201007T032916_0000.jpg,S2A_MSIL2A_20190418T062631_R077_T40QGL_20201007T032916,0,2019-04,T40QGL,0.0011865103077699942,0,0.9918095040249101
S2A_MSIL2A_20190418T062631_R077_T40QGL_20201007T032916_0001.jpg,S2A_MSIL2A_20190418T062631_R077_T40QGL_20201007T032916,0,2019-04,T40QGL,0.0012305740677716456,0,0.9918095040249101
S2A_MSIL2A_20190528T062631_R077_T40QGL_20201006T191629_0000.jpg,S2A_MSIL2A_20190528T062631_R077_T40QGL_20201006T191629,0,2019-05,T40QGL,0.0025578183609789224,0,0.9918095040249101
S2A_MSIL2A_20190528T062631_R077_T40QGL_20201006T191629_0001.jpg,S2A_MSIL2A_20190528T062631_R077_T40QGL_20201006T191629,0,2019-05,T40QGL,0.0023293869316490775,0,0.9918095040249101
S2A_MSIL2A_20190627T062631_R077_T40QGL_20201006T065428_0000.jpg,S2A_MSIL2A_20190627T062631_R077_T40QGL_20201006T065428,0,2019-06,T40QGL,0.002888489899548089,0,0.9918095040249101
S2A_MSIL2A_20190627T062631_R077_T40QGL_20201006T065428_0001.jpg,S2A_MSIL2A_20190627T062631_R077_T40QGL_20201006T065428,0,2019-06,T40QGL,0.0030707004845800055,0,0.9918095040249101
S2A_MSIL2A_20191214T063251_R077_T40QGL_20201003T044507_0000.jpg,S2A_MSIL2A_20191214T063251_R077_T40QGL_20201003T044507,0,2019-12,T40QGL,0.0022680033523681848,0,0.9918095040249101
S2A_MSIL2A_20191214T063251_R077_T40QGL_20201003T044507_0001.jpg,S2A_MSIL2A_20191214T063251_R077_T40QGL_20201003T044507,0,2019-12,T40QGL,0.002942033210131459,0,0.9918095040249101
S2A_MSIL2A_20200303T062741_R077_T40QGL_20200926T050041_0000.jpg,S2A_MSIL2A_20200303T062741_R077_T40QGL_20200926T050041,0,2020-03,T40QGL,0.0009138033227697189,0,0.9918095040249101
S2A_MSIL2A_20200303T062741_R077_T40QGL_20200926T050041_0001.jpg,S2A_MSIL2A_20200303T062741_R077_T40QGL_20200926T050041,0,2020-03,T40QGL,0.0008978956844289711,0,0.9918095040249101
S2A_MSIL2A_20200402T062621_R077_T40QGL_20200924T160404_0000.jpg,S2A_MSIL2A_20200402T062621_R077_T40QGL_20200924T160404,0,2020-04,T40QGL,0.0012670094571529756,0,0.9918095040249101
S2A_MSIL2A_20200402T062621_R077_T40QGL_20200924T160404_0001.jpg,S2A_MSIL2A_20200402T062621_R077_T40QGL_20200924T160404,0,2020-04,T40QGL,0.0013099352891478672,0,0.9918095040249101
S2B_MSIL2A_20200805T062629_R077_T40QGL_20200815T032732_0000.jpg,S2B_MSIL2A_20200805T062629_R077_T40QGL_20200815T032732,0,2020-08,T40QGL,0.00365608613129125,0,0.9918095040249101
S2B_MSIL2A_20200805T062629_R077_T40QGL_20200815T032732_0001.jpg,S2B_MSIL2A_20200805T062629_R077_T40QGL_20200815T032732,0,2020-08,T40QGL,0.002677936400264762,0,0.9918095040249101
S2B_MSIL2A_20200904T062629_R077_T40QGL_20200919T090132_0000.jpg,S2B_MSIL2A_20200904T062629_R077_T40QGL_20200919T090132,0,2020-09,T40QGL,0.002681255062561972,0,0.9918095040249101
S2B_MSIL2A_20200904T062629_R077_T40QGL_20200919T090132_0001.jpg,S2B_MSIL2A_20200904T062629_R077_T40QGL_20200919T090132,0,2020-09,T40QGL,0.0028921461408973857,0,0.9918095040249101
S2B_MSIL2A_20201203T063229_R077_T40QGL_20201204T002719_0000.jpg,S2B_MSIL2A_20201203T063229_R077_T40QGL_20201204T002719,0,2020-12,T40QGL,0.007537242843991103,0,0.9918095040249101
S2B_MSIL2A_20201203T063229_R077_T40QGL_20201204T002719_0001.jpg,S2B_MSIL2A_20201203T063229_R077_T40QGL_20201204T002719,0,2020-12,T40QGL,0.0073367827464917235,0,0.9918095040249101
S2B_MSIL2A_20210112T063229_R077_T40QGL_20210112T195729_0000.jpg,S2B_MSIL2A_20210112T063229_R077_T40QGL_20210112T195729,0,2021-01,T40QGL,0.004223070796248435,0,0.9918095040249101
S2B_MSIL2A_20210112T063229_R077_T40QGL_20210112T195729_0001.jpg,S2B_MSIL2A_20210112T063229_R077_T40QGL_20210112T195729,0,2021-01,T40QGL,0.00417961758776935,0,0.9918095040249101
S2B_MSIL2A_20210221T062859_R077_T40QGL_20210221T175910_0000.jpg,S2B_MSIL2A_20210221T062859_R077_T40QGL_20210221T175910,0,2021-02,T40QGL,0.009917174049818353,0,0.9918095040249101
S2B_MSIL2A_20210221T062859_R077_T40QGL_20210221T175910_0001.jpg,S2B_MSIL2A_20210221T062859_R077_T40QGL_20210221T175910,0,2021-02,T40QGL,0.009397819718483785,0,0.9918095040249101
S2A_MSIL2A_20210226T062831_R077_T40QGL_20210226T174100_0000.jpg,S2A_MSIL2A_20210226T062831_R077_T40QGL_20210226T174100,0,2021-02,T40QGL,0.012273933826365694,0,0.9918095040249101
S2A_MSIL2A_20210226T062831_R077_T40QGL_20210226T174100_0001.jpg,S2A_MSIL2A_20210226T062831_R077_T40QGL_20210226T174100,0,2021-02,T40QGL,0.011281232014706197,0,0.9918095040249101
S2A_MSIL2A_20210318T062631_R077_T40QGL_20210318T222033_0000.jpg,S2A_MSIL2A_20210318T062631_R077_T40QGL_20210318T222033,0,2021-03,T40QGL,0.006150484845805016,0,0.9918095040249101
S2A_MSIL2A_20210318T062631_R077_T40QGL_20210318T222033_0001.jpg,S2A_MSIL2A_20210318T062631_R077_T40QGL_20210318T222033,0,2021-03,T40QGL,0.006535599166658116,0,0.9918095040249101
S2A_MSIL2A_20210815T062631_R077_T40QGL_20210815T125240_0000.jpg,S2A_MSIL2A_20210815T062631_R077_T40QGL_20210815T125240,0,2021-08,T40QGL,0.0020455831701462444,0,0.9918095040249101
S2A_MSIL2A_20210815T062631_R077_T40QGL_20210815T125240_0001.jpg,S2A_MSIL2A_20210815T062631_R077_T40QGL_20210815T125240,0,2021-08,T40QGL,0.001503379162316312,0,0.9918095040249101
S2B_MSIL2A_20210820T062629_R077_T40QGL_20210820T125555_0000.jpg,S2B_MSIL2A_20210820T062629_R077_T40QGL_20210820T125555,0,2021-08,T40QGL,0.0015376027230393744,0,0.9918095040249101
S2B_MSIL2A_20210820T062629_R077_T40QGL_20210820T125555_0001.jpg,S2B_MSIL2A_20210820T062629_R077_T40QGL_20210820T125555,0,2021-08,T40QGL,0.0015433454310264164,0,0.9918095040249101
S2A_MSIL2A_20211113T063121_R077_T40QGL_20211113T133201_0000.jpg,S2A_MSIL2A_20211113T063121_R077_T40QGL_20211113T133201,0,2021-11,T40QGL,0.00034190420975929156,0,0.9918095040249101
S2A_MSIL2A_20211113T063121_R077_T40QGL_20211113T133201_0001.jpg,S2A_MSIL2A_20211113T063121_R077_T40QGL_20211113T133201,0,2021-11,T40QGL,0.0003468959883170529,0,0.9918095040249101
S2B_MSIL2A_20211128T063219_R077_T40QGL_20211129T031625_0000.jpg,S2B_MSIL2A_20211128T063219_R077_T40QGL_20211129T031625,0,2021-11,T40QGL,0.006938736646372975,0,0.9918095040249101
S2B_MSIL2A_20211128T063219_R077_T40QGL_20211129T031625_0001.jpg,S2B_MSIL2A_20211128T063219_R077_T40QGL_20211129T031625,0,2021-11,T40QGL,0.007548568655526909,0,0.9918095040249101
S2A_MSIL2A_20211223T063301_R077_T40QGL_20211224T035618_0000.jpg,S2A_MSIL2A_20211223T063301_R077_T40QGL_20211224T035618,0,2021-12,T40QGL,0.0025450939729881753,0,0.9918095040249101
S2A_MSIL2A_20211223T063301_R077_T40QGL_20211224T035618_0001.jpg,S2A_MSIL2A_20211223T063301_R077_T40QGL_20211224T035618,0,2021-12,T40QGL,0.0020911550870602365,0,0.9918095040249101
S2B_MSIL2A_20220127T063129_R077_T40QGL_20220212T101939_0000.jpg,S2B_MSIL2A_20220127T063129_R077_T40QGL_20220212T101939,0,2022-01,T40QGL,0.005122658333329617,0,0.9918095040249101
S2B_MSIL2A_20220127T063129_R077_T40QGL_20220212T101939_0001.jpg,S2B_MSIL2A_20220127T063129_R077_T40QGL_20220212T101939,0,2022-01,T40QGL,0.004630171065302857,0,0.9918095040249101
S2B_MSIL2A_20220328T062629_R077_T40QGL_20220328T200104_0000.jpg,S2B_MSIL2A_20220328T062629_R077_T40QGL_20220328T200104,0,2022-03,T40QGL,0.0007774972854373154,0,0.9918095040249101
S2B_MSIL2A_20220328T062629_R077_T40QGL_20220328T200104_0001.jpg,S2B_MSIL2A_20220328T062629_R077_T40QGL_20220328T200104,0,2022-03,T40QGL,0.0011589968024244659,0,0.9918095040249101
S2B_MSIL2A_20220407T062629_R077_T40QGL_20240524T024647_0000.jpg,S2B_MSIL2A_20220407T062629_R077_T40QGL_20240524T024647,0,2022-04,T40QGL,0.0012533216764020465,0,0.9918095040249101
S2B_MSIL2A_20220407T062629_R077_T40QGL_20240524T024647_0001.jpg,S2B_MSIL2A_20220407T062629_R077_T40QGL_20240524T024647,0,2022-04,T40QGL,0.0012073327703196772,0,0.9918095040249101
S2B_MSIL2A_20220527T062629_R077_T40QGL_20240613T145757_0000.jpg,S2B_MSIL2A_20220527T062629_R077_T40QGL_20240613T145757,0,2022-05,T40QGL,0.004511500934165927,0,0.9918095040249101
S2B_MSIL2A_20220527T062629_R077_T40QGL_20240613T145757_0001.jpg,S2B_MSIL2A_20220527T062629_R077_T40QGL_20240613T145757,0,2022-05,T40QGL,0.004549823674372415,0,0.9918095040249101
S2A_MSIL2A_20220611T062641_R077_T40QGL_20220612T043050_0000.jpg,S2A_MSIL2A_20220611T062641_R077_T40QGL_20220612T043050,0,2022-06,T40QGL,0.0011495211356547812,0,0.9918095040249101
S2A_MSIL2A_20220611T062641_R077_T40QGL_20220612T043050_0001.jpg,S2A_MSIL2A_20220611T062641_R077_T40QGL_20220612T043050,0,2022-06,T40QGL,0.0011026369016753556,0,0.9918095040249101
S2A_MSIL2A_20220721T062641_R077_T40QGL_20220723T060616_0000.jpg,S2A_MSIL2A_20220721T062641_R077_T40QGL_20220723T060616,0,2022-07,T40QGL,0.0014276418004784467,0,0.9918095040249101
S2A_MSIL2A_20220721T062641_R077_T40QGL_20220723T060616_0001.jpg,S2A_MSIL2A_20220721T062641_R077_T40QGL_20220723T060616,0,2022-07,T40QGL,0.0014556712905674288,0,0.9918095040249101
S2B_MSIL2A_20221004T062709_R077_T40QGL_20221004T215420_0000.jpg,S2B_MSIL2A_20221004T062709_R077_T40QGL_20221004T215420,0,2022-10,T40QGL,0.0019230228820950207,0,0.9918095040249101
S2B_MSIL2A_20221004T062709_R077_T40QGL_20221004T215420_0001.jpg,S2B_MSIL2A_20221004T062709_R077_T40QGL_20221004T215420,0,2022-10,T40QGL,0.0017733429803472739,0,0.9918095040249101
S2B_MSIL2A_20230502T062629_R077_T40QGL_20240812T054336_0000.jpg,S2B_MSIL2A_20230502T062629_R077_T40QGL_20240812T054336,0,2023-05,T40QGL,0.0016602400706244873,0,0.9918095040249101
S2B_MSIL2A_20230502T062629_R077_T40QGL_20240812T054336_0001.jpg,S2B_MSIL2A_20230502T062629_R077_T40QGL_20240812T054336,0,2023-05,T40QGL,0.0016212228866353566,0,0.9918095040249101
S2A_MSIL2A_20231203T063231_R077_T40QGL_20231203T112021_0000.jpg,S2A_MSIL2A_20231203T063231_R077_T40QGL_20231203T112021,0,2023-12,T40QGL,0.00047090821021435783,0,0.9918095040249101
S2A_MSIL2A_20231203T063231_R077_T40QGL_20231203T112021_0001.jpg,S2A_MSIL2A_20231203T063231_R077_T40QGL_20231203T112021,0,2023-12,T40QGL,0.0004725107278684975,0,0.9918095040249101
S2B_MSIL2A_20231228T063259_R077_T40QGL_20231228T093910_0000.jpg,S2B_MSIL2A_20231228T063259_R077_T40QGL_20231228T093910,0,2023-12,T40QGL,0.0006727755952867856,0,0.9918095040249101
S2B_MSIL2A_20231228T063259_R077_T40QGL_20231228T093910_0001.jpg,S2B_MSIL2A_20231228T063259_R077_T40QGL_20231228T093910,0,2023-12,T40QGL,0.0006741232370866963,0,0.9918095040249101
S2A_MSIL2A_20240211T063011_R077_T40QGL_20240211T102241_0000.jpg,S2A_MSIL2A_20240211T063011_R077_T40QGL_20240211T102241,0,2024-02,T40QGL,0.0007058548067050672,0,0.9918095040249101
S2A_MSIL2A_20240211T063011_R077_T40QGL_20240211T102241_0001.jpg,S2A_MSIL2A_20240211T063011_R077_T40QGL_20240211T102241,0,2024-02,T40QGL,0.0007436504341264858,0,0.9918095040249101
S2B_MSIL2A_20240406T062629_R077_T40QGL_20240406T100803_0000.jpg,S2B_MSIL2A_20240406T062629_R077_T40QGL_20240406T100803,0,2024-04,T40QGL,0.0006816180035855771,0,0.9918095040249101
S2B_MSIL2A_20240406T062629_R077_T40QGL_20240406T100803_0001.jpg,S2B_MSIL2A_20240406T062629_R077_T40QGL_20240406T100803,0,2024-04,T40QGL,0.0006193128803042125,0,0.9918095040249101
S2B_MSIL2A_20240516T062629_R077_T40QGL_20240516T102256_0000.jpg,S2B_MSIL2A_20240516T062629_R077_T40QGL_20240516T102256,0,2024-05,T40QGL,0.003706525698914931,0,0.9918095040249101
S2B_MSIL2A_20240516T062629_R077_T40QGL_20240516T102256_0001.jpg,S2B_MSIL2A_20240516T062629_R077_T40QGL_20240516T102256,0,2024-05,T40QGL,0.003719119965337661,0,0.9918095040249101
S2B_MSIL2A_20241023T062829_R077_T40QGL_20241023T083127_0000.jpg,S2B_MSIL2A_20241023T062829_R077_T40QGL_20241023T083127,0,2024-10,T40QGL,0.001913637947284323,0,0.9918095040249101
S2B_MSIL2A_20241023T062829_R077_T40QGL_20241023T083127_0001.jpg,S2B_MSIL2A_20241023T062829_R077_T40QGL_20241023T083127,0,2024-10,T40QGL,0.001913637947284323,0,0.9918095040249101
