tile,scene_id,hab_label_final2,month_key,region_key,p_fused,yhat,thr_star
S2B_MSIL2A_20170909T065619_R063_T39QXG_20210201T223815_0000.jpg,S2B_MSIL2A_20170909T065619_R063_T39QXG_20210201T223815,1,2017-09,T39QXG,0.8757847319474269,1,0.7418180481133992
S2A_MSIL2A_20170606T065621_R063_T39QXG_20210209T205041_0000.jpg,S2A_MSIL2A_20170606T065621_R063_T39QXG_20210209T205041,1,2017-06,T39QXG,0.9699538825193141,1,0.7418180481133992
S2B_MSIL2A_20180706T065619_R063_T39QXG_20201011T124309_0000.jpg,S2B_MSIL2A_20180706T065619_R063_T39QXG_20201011T124309,0,2018-07,T39QXG,0.441113297479285,0,0.7418180481133992
S2A_MSIL2A_20190904T065621_R063_T39QXG_20201004T090539_0000.jpg,S2A_MSIL2A_20190904T065621_R063_T39QXG_20201004T090539,1,2019-09,T39QXG,0.9184086179900265,1,0.7418180481133992
S2A_MSIL2A_20190815T065631_R063_T39QXG_20201005T003451_0000.jpg,S2A_MSIL2A_20190815T065631_R063_T39QXG_20201005T003451,1,2019-08,T39QXG,0.10555901080444066,0,0.7418180481133992
S2B_MSIL2A_20210928T065649_R063_T39QXG_20210929T000956_0000.jpg,S2B_MSIL2A_20210928T065649_R063_T39QXG_20210929T000956,1,2021-09,T39QXG,0.9679610135310875,1,0.7418180481133992
S2B_MSIL2A_20210730T065629_R063_T39QXG_20210730T184548_0000.jpg,S2B_MSIL2A_20210730T065629_R063_T39QXG_20210730T184548,1,2021-07,T39QXG,0.8670110494714733,1,0.7418180481133992
S2A_MSIL2A_20220928T065651_R063_T39QXG_20220928T234907_0000.jpg,S2A_MSIL2A_20220928T065651_R063_T39QXG_20220928T234907,1,2022-09,T39QXG,0.9563339895900635,1,0.7418180481133992
S2B_MSIL2A_20220913T065629_R063_T39QXG_20240726T171436_0000.jpg,S2B_MSIL2A_20220913T065629_R063_T39QXG_20240726T171436,0,2022-09,T39QXG,0.031382905373944475,0,0.7418180481133992
S2A_MSIL2A_20220829T065641_R063_T39QXG_20220830T225205_0000.jpg,S2A_MSIL2A_20220829T065641_R063_T39QXG_20220830T225205,0,2022-08,T39QXG,0.37568819130018105,0,0.7418180481133992
S2B_MSIL2A_20220824T065619_R063_T39QXG_20220825T015302_0000.jpg,S2B_MSIL2A_20220824T065619_R063_T39QXG_20220825T015302,0,2022-08,T39QXG,0.052031688630842975,0,0.7418180481133992
S2A_MSIL2A_20230913T065631_R063_T39QXG_20241027T165012_0000.jpg,S2A_MSIL2A_20230913T065631_R063_T39QXG_20241027T165012,1,2023-09,T39QXG,0.9152501378422109,1,0.7418180481133992
S2B_MSIL2A_20230829T065629_R063_T39QXG_20241017T113451_0000.jpg,S2B_MSIL2A_20230829T065629_R063_T39QXG_20241017T113451,0,2023-08,T39QXG,0.029290634154851808,0,0.7418180481133992
S2B_MSIL2A_20240704T065629_R063_T39QXG_20240705T224349_0000.jpg,S2B_MSIL2A_20240704T065629_R063_T39QXG_20240705T224349,0,2024-07,T39QXG,0.3970097321098861,0,0.7418180481133992
S2A_MSIL2A_20180303T065801_R063_T39QXG_20201013T055226_0000.jpg,S2A_MSIL2A_20180303T065801_R063_T39QXG_20201013T055226,1,2018-03,T39QXG,0.8882083154662869,1,0.7418180481133992
S2B_MSIL2A_20180226T065829_R063_T39QXG_20201104T154320_0000.jpg,S2B_MSIL2A_20180226T065829_R063_T39QXG_20201104T154320,1,2018-02,T39QXG,0.7136411192167442,0,0.7418180481133992
S2A_MSIL2A_20180201T070111_R063_T39QXG_20201013T174623_0000.jpg,S2A_MSIL2A_20180201T070111_R063_T39QXG_20201013T174623,1,2018-02,T39QXG,0.7234150816950677,0,0.7418180481133992
S2B_MSIL2A_20180117T070219_R063_T39QXG_20201014T062903_0000.jpg,S2B_MSIL2A_20180117T070219_R063_T39QXG_20201014T062903,0,2018-01,T39QXG,0.610335215165645,0,0.7418180481133992
S2B_MSIL2A_20190313T065649_R063_T39QXG_20201007T061904_0000.jpg,S2B_MSIL2A_20190313T065649_R063_T39QXG_20201007T061904,0,2019-03,T39QXG,0.4642162416785437,0,0.7418180481133992
S2B_MSIL2A_20190112T070239_R063_T39QXG_20201008T005855_0000.jpg,S2B_MSIL2A_20190112T070239_R063_T39QXG_20201008T005855,0,2019-01,T39QXG,0.3470023473206344,0,0.7418180481133992
S2B_MSIL2A_20200206T070049_R063_T39QXG_20201001T025510_0000.jpg,S2B_MSIL2A_20200206T070049_R063_T39QXG_20201001T025510,1,2020-02,T39QXG,0.8760026796644564,1,0.7418180481133992
S2B_MSIL2A_20200107T070249_R063_T39QXG_20201029T121541_0000.jpg,S2B_MSIL2A_20200107T070249_R063_T39QXG_20201029T121541,1,2020-01,T39QXG,0.6563856361710068,0,0.7418180481133992
S2A_MSIL2A_20200102T070301_R063_T39QXG_20201002T215142_0000.jpg,S2A_MSIL2A_20200102T070301_R063_T39QXG_20201002T215142,1,2020-01,T39QXG,0.5780370231397152,0,0.7418180481133992
S2B_MSIL2A_20210312T065659_R063_T39QXG_20210312T174530_0000.jpg,S2B_MSIL2A_20210312T065659_R063_T39QXG_20210312T174530,0,2021-03,T39QXG,0.8228200884607965,1,0.7418180481133992
S2A_MSIL2A_20210307T065731_R063_T39QXG_20210307T203727_0000.jpg,S2A_MSIL2A_20210307T065731_R063_T39QXG_20210307T203727,0,2021-03,T39QXG,0.883618877598876,1,0.7418180481133992
S2B_MSIL2A_20210302T065809_R063_T39QXG_20210302T153932_0000.jpg,S2B_MSIL2A_20210302T065809_R063_T39QXG_20210302T153932,1,2021-03,T39QXG,0.948465888263098,1,0.7418180481133992
S2A_MSIL2A_20210215T065951_R063_T39QXG_20210215T202348_0000.jpg,S2A_MSIL2A_20210215T065951_R063_T39QXG_20210215T202348,0,2021-02,T39QXG,0.06152398185262301,0,0.7418180481133992
S2B_MSIL2A_20210121T070209_R063_T39QXG_20210122T122053_0000.jpg,S2B_MSIL2A_20210121T070209_R063_T39QXG_20210122T122053,0,2021-01,T39QXG,0.08909812802399007,0,0.7418180481133992
S2B_MSIL2A_20220327T065619_R063_T39QXG_20220327T201724_0000.jpg,S2B_MSIL2A_20220327T065619_R063_T39QXG_20220327T201724,0,2022-03,T39QXG,0.23019193316505002,0,0.7418180481133992
S2B_MSIL2A_20220317T065619_R063_T39QXG_20240523T103231_0000.jpg,S2B_MSIL2A_20220317T065619_R063_T39QXG_20240523T103231,0,2022-03,T39QXG,0.06784243191165336,0,0.7418180481133992
S2A_MSIL2A_20220302T065811_R063_T39QXG_20220304T043204_0000.jpg,S2A_MSIL2A_20220302T065811_R063_T39QXG_20220304T043204,1,2022-03,T39QXG,0.8419444549001956,1,0.7418180481133992
S2B_MSIL2A_20230322T065629_R063_T39QXG_20230322T124101_0000.jpg,S2B_MSIL2A_20230322T065629_R063_T39QXG_20230322T124101,0,2023-03,T39QXG,0.11112757383458866,0,0.7418180481133992
S2A_MSIL2A_20230307T065731_R063_T39QXG_20240821T003413_0000.jpg,S2A_MSIL2A_20230307T065731_R063_T39QXG_20240821T003413,1,2023-03,T39QXG,0.9203541400573864,1,0.7418180481133992
S2B_MSIL2A_20230131T070119_R063_T39QXG_20230131T235314_0000.jpg,S2B_MSIL2A_20230131T070119_R063_T39QXG_20230131T235314,1,2023-01,T39QXG,0.9587608826128351,1,0.7418180481133992
S2B_MSIL2A_20240326T065619_R063_T39QXG_20240326T132139_0000.jpg,S2B_MSIL2A_20240326T065619_R063_T39QXG_20240326T132139,0,2024-03,T39QXG,0.09404615046823847,0,0.7418180481133992
S2A_MSIL2A_20240321T065621_R063_T39QXG_20240321T122014_0000.jpg,S2A_MSIL2A_20240321T065621_R063_T39QXG_20240321T122014,0,2024-03,T39QXG,0.12576358714450525,0,0.7418180481133992
S2A_MSIL2A_20240210T070031_R063_T39QXG_20240210T111914_0000.jpg,S2A_MSIL2A_20240210T070031_R063_T39QXG_20240210T111914,1,2024-02,T39QXG,0.8780312455266144,1,0.7418180481133992
S2A_MSIL2A_20240101T070301_R063_T39QXG_20240101T114458_0000.jpg,S2A_MSIL2A_20240101T070301_R063_T39QXG_20240101T114458,0,2024-01,T39QXG,0.11142817213501412,0,0.7418180481133992
S2B_MSIL2A_20231227T070309_R063_T39QXG_20231227T102112_0000.jpg,S2B_MSIL2A_20231227T070309_R063_T39QXG_20231227T102112,1,2023-12,T39QXG,0.7632555683796802,1,0.7418180481133992
S2A_MSIL2A_20250115T070231_R063_T39QXG_20250115T101359_0000.jpg,S2A_MSIL2A_20250115T070231_R063_T39QXG_20250115T101359,1,2025-01,T39QXG,0.75952071787541,1,0.7418180481133992
S2A_MSIL2A_20170104T065252_R020_T40RDP_20210529T200944_0000.jpg,S2A_MSIL2A_20170104T065252_R020_T40RDP_20210529T200944,0,2017-01,T40RDP,0.8377703603304026,1,0.7418180481133992
S2A_MSIL2A_20170104T065252_R020_T40RDP_20210529T200944_0001.jpg,S2A_MSIL2A_20170104T065252_R020_T40RDP_20210529T200944,0,2017-01,T40RDP,0.8377703603304026,1,0.7418180481133992
S2A_MSIL2A_20170504T064631_R020_T40RDP_20210209T125341_0000.jpg,S2A_MSIL2A_20170504T064631_R020_T40RDP_20210209T125341,0,2017-05,T40RDP,0.07816555855974859,0,0.7418180481133992
S2A_MSIL2A_20170504T064631_R020_T40RDP_20210209T125341_0001.jpg,S2A_MSIL2A_20170504T064631_R020_T40RDP_20210209T125341,0,2017-05,T40RDP,0.07816555855974859,0,0.7418180481133992
S2B_MSIL2A_20180104T065249_R020_T40RDP_20201014T031905_0000.jpg,S2B_MSIL2A_20180104T065249_R020_T40RDP_20201014T031905,0,2018-01,T40RDP,0.018972935423521707,0,0.7418180481133992
S2B_MSIL2A_20180104T065249_R020_T40RDP_20201014T031905_0001.jpg,S2B_MSIL2A_20180104T065249_R020_T40RDP_20201014T031905,0,2018-01,T40RDP,0.018972935423521707,0,0.7418180481133992
S2B_MSIL2A_20180325T064629_R020_T40RDP_20201013T140927_0000.jpg,S2B_MSIL2A_20180325T064629_R020_T40RDP_20201013T140927,0,2018-03,T40RDP,0.02527262380163845,0,0.7418180481133992
S2B_MSIL2A_20180325T064629_R020_T40RDP_20201013T140927_0001.jpg,S2B_MSIL2A_20180325T064629_R020_T40RDP_20201013T140927,0,2018-03,T40RDP,0.02527262380163845,0,0.7418180481133992
S2A_MSIL2A_20180429T064631_R020_T40RDP_20201013T040255_0000.jpg,S2A_MSIL2A_20180429T064631_R020_T40RDP_20201013T040255,0,2018-04,T40RDP,0.20382929366474564,0,0.7418180481133992
S2A_MSIL2A_20180429T064631_R020_T40RDP_20201013T040255_0001.jpg,S2A_MSIL2A_20180429T064631_R020_T40RDP_20201013T040255,0,2018-04,T40RDP,0.20382929366474564,0,0.7418180481133992
S2A_MSIL2A_20180628T064621_R020_T40RDP_20201012T031832_0000.jpg,S2A_MSIL2A_20180628T064621_R020_T40RDP_20201012T031832,1,2018-06,T40RDP,0.8740386406965504,1,0.7418180481133992
S2A_MSIL2A_20180628T064621_R020_T40RDP_20201012T031832_0001.jpg,S2A_MSIL2A_20180628T064621_R020_T40RDP_20201012T031832,1,2018-06,T40RDP,0.8740386406965504,1,0.7418180481133992
S2B_MSIL2A_20180723T064619_R020_T40RDP_20201011T191134_0000.jpg,S2B_MSIL2A_20180723T064619_R020_T40RDP_20201011T191134,0,2018-07,T40RDP,0.049449993364782015,0,0.7418180481133992
S2A_MSIL2A_20180728T064631_R020_T40RDP_20201011T205420_0000.jpg,S2A_MSIL2A_20180728T064631_R020_T40RDP_20201011T205420,1,2018-07,T40RDP,0.6730229660265062,0,0.7418180481133992
S2A_MSIL2A_20180728T064631_R020_T40RDP_20201011T205420_0001.jpg,S2A_MSIL2A_20180728T064631_R020_T40RDP_20201011T205420,1,2018-07,T40RDP,0.6730229660265062,0,0.7418180481133992
S2B_MSIL2A_20180812T064619_R020_T40RDP_20201011T004858_0000.jpg,S2B_MSIL2A_20180812T064619_R020_T40RDP_20201011T004858,1,2018-08,T40RDP,0.8749475601457779,1,0.7418180481133992
S2B_MSIL2A_20180812T064619_R020_T40RDP_20201011T004858_0001.jpg,S2B_MSIL2A_20180812T064619_R020_T40RDP_20201011T004858,1,2018-08,T40RDP,0.8749475601457779,1,0.7418180481133992
S2B_MSIL2A_20180911T064619_R020_T40RDP_20201009T000728_0000.jpg,S2B_MSIL2A_20180911T064619_R020_T40RDP_20201009T000728,0,2018-09,T40RDP,0.5980202590977024,0,0.7418180481133992
S2B_MSIL2A_20180911T064619_R020_T40RDP_20201009T000728_0001.jpg,S2B_MSIL2A_20180911T064619_R020_T40RDP_20201009T000728,0,2018-09,T40RDP,0.5980202590977024,0,0.7418180481133992
S2B_MSIL2A_20181001T064659_R020_T40RDP_20201009T070050_0000.jpg,S2B_MSIL2A_20181001T064659_R020_T40RDP_20201009T070050,0,2018-10,T40RDP,0.5337977331179617,0,0.7418180481133992
S2B_MSIL2A_20181001T064659_R020_T40RDP_20201009T070050_0001.jpg,S2B_MSIL2A_20181001T064659_R020_T40RDP_20201009T070050,0,2018-10,T40RDP,0.5337977331179617,0,0.7418180481133992
S2B_MSIL2A_20181011T064809_R020_T40RDP_20201009T103222_0000.jpg,S2B_MSIL2A_20181011T064809_R020_T40RDP_20201009T103222,0,2018-10,T40RDP,0.23768883621058448,0,0.7418180481133992
S2B_MSIL2A_20181011T064809_R020_T40RDP_20201009T103222_0001.jpg,S2B_MSIL2A_20181011T064809_R020_T40RDP_20201009T103222,0,2018-10,T40RDP,0.23768883621058448,0,0.7418180481133992
S2A_MSIL2A_20181105T065041_R020_T40RDP_20201008T155607_0000.jpg,S2A_MSIL2A_20181105T065041_R020_T40RDP_20201008T155607,0,2018-11,T40RDP,0.35140945103539617,0,0.7418180481133992
S2A_MSIL2A_20181105T065041_R020_T40RDP_20201008T155607_0001.jpg,S2A_MSIL2A_20181105T065041_R020_T40RDP_20201008T155607,0,2018-11,T40RDP,0.35140945103539617,0,0.7418180481133992
S2B_MSIL2A_20181130T065229_R020_T40RDP_20201008T230119_0000.jpg,S2B_MSIL2A_20181130T065229_R020_T40RDP_20201008T230119,0,2018-11,T40RDP,0.7682022066798323,1,0.7418180481133992
S2B_MSIL2A_20181130T065229_R020_T40RDP_20201008T230119_0001.jpg,S2B_MSIL2A_20181130T065229_R020_T40RDP_20201008T230119,0,2018-11,T40RDP,0.7682022066798323,1,0.7418180481133992
S2B_MSIL2A_20190419T064629_R020_T40RDP_20201007T040446_0000.jpg,S2B_MSIL2A_20190419T064629_R020_T40RDP_20201007T040446,1,2019-04,T40RDP,0.601734123387133,0,0.7418180481133992
S2B_MSIL2A_20190419T064629_R020_T40RDP_20201007T040446_0001.jpg,S2B_MSIL2A_20190419T064629_R020_T40RDP_20201007T040446,1,2019-04,T40RDP,0.601734123387133,0,0.7418180481133992
S2A_MSIL2A_20190514T064631_R020_T40RDP_20201006T135529_0000.jpg,S2A_MSIL2A_20190514T064631_R020_T40RDP_20201006T135529,0,2019-05,T40RDP,0.028429719341313702,0,0.7418180481133992
S2A_MSIL2A_20190514T064631_R020_T40RDP_20201006T135529_0001.jpg,S2A_MSIL2A_20190514T064631_R020_T40RDP_20201006T135529,0,2019-05,T40RDP,0.028429719341313702,0,0.7418180481133992
S2A_MSIL2A_20191021T064921_R020_T40RDP_20201004T043625_0000.jpg,S2A_MSIL2A_20191021T064921_R020_T40RDP_20201004T043625,0,2019-10,T40RDP,0.013411589217878234,0,0.7418180481133992
S2A_MSIL2A_20191021T064921_R020_T40RDP_20201004T043625_0001.jpg,S2A_MSIL2A_20191021T064921_R020_T40RDP_20201004T043625,0,2019-10,T40RDP,0.013411589217878234,0,0.7418180481133992
S2B_MSIL2A_20191026T064949_R020_T40RDP_20201004T062631_0000.jpg,S2B_MSIL2A_20191026T064949_R020_T40RDP_20201004T062631,0,2019-10,T40RDP,0.021435004349148645,0,0.7418180481133992
S2B_MSIL2A_20191026T064949_R020_T40RDP_20201004T062631_0001.jpg,S2B_MSIL2A_20191026T064949_R020_T40RDP_20201004T062631,0,2019-10,T40RDP,0.021435004349148645,0,0.7418180481133992
S2B_MSIL2A_20191205T065239_R020_T40RDP_20201003T010709_0000.jpg,S2B_MSIL2A_20191205T065239_R020_T40RDP_20201003T010709,0,2019-12,T40RDP,0.04846280824839103,0,0.7418180481133992
S2B_MSIL2A_20191205T065239_R020_T40RDP_20201003T010709_0001.jpg,S2B_MSIL2A_20191205T065239_R020_T40RDP_20201003T010709,0,2019-12,T40RDP,0.04846280824839103,0,0.7418180481133992
S2A_MSIL2A_20200129T065121_R020_T40RDP_20201002T141743_0000.jpg,S2A_MSIL2A_20200129T065121_R020_T40RDP_20201002T141743,0,2020-01,T40RDP,0.02680520776773276,0,0.7418180481133992
S2A_MSIL2A_20200129T065121_R020_T40RDP_20201002T141743_0001.jpg,S2A_MSIL2A_20200129T065121_R020_T40RDP_20201002T141743,0,2020-01,T40RDP,0.02680520776773276,0,0.7418180481133992
S2B_MSIL2A_20200213T064959_R020_T40RDP_20201001T220149_0000.jpg,S2B_MSIL2A_20200213T064959_R020_T40RDP_20201001T220149,0,2020-02,T40RDP,0.11824005099815743,0,0.7418180481133992
S2A_MSIL2A_20200707T064631_R020_T40RDP_20200912T074110_0000.jpg,S2A_MSIL2A_20200707T064631_R020_T40RDP_20200912T074110,0,2020-07,T40RDP,0.013477821530708506,0,0.7418180481133992
S2A_MSIL2A_20200707T064631_R020_T40RDP_20200912T074110_0001.jpg,S2A_MSIL2A_20200707T064631_R020_T40RDP_20200912T074110,0,2020-07,T40RDP,0.013477821530708506,0,0.7418180481133992
S2B_MSIL2A_20200920T064629_R020_T40RDP_20201027T231612_0000.jpg,S2B_MSIL2A_20200920T064629_R020_T40RDP_20201027T231612,1,2020-09,T40RDP,0.769853964357472,1,0.7418180481133992
S2B_MSIL2A_20200920T064629_R020_T40RDP_20201027T231612_0001.jpg,S2B_MSIL2A_20200920T064629_R020_T40RDP_20201027T231612,1,2020-09,T40RDP,0.769853964357472,1,0.7418180481133992
S2B_MSIL2A_20201109T065109_R020_T40RDP_20201110T212424_0000.jpg,S2B_MSIL2A_20201109T065109_R020_T40RDP_20201110T212424,0,2020-11,T40RDP,0.3765020708238244,0,0.7418180481133992
S2B_MSIL2A_20201109T065109_R020_T40RDP_20201110T212424_0001.jpg,S2B_MSIL2A_20201109T065109_R020_T40RDP_20201110T212424,0,2020-11,T40RDP,0.3765020708238244,0,0.7418180481133992
S2A_MSIL2A_20210423T064621_R020_T40RDP_20210423T190039_0000.jpg,S2A_MSIL2A_20210423T064621_R020_T40RDP_20210423T190039,0,2021-04,T40RDP,0.0698784784423364,0,0.7418180481133992
S2A_MSIL2A_20210423T064621_R020_T40RDP_20210423T190039_0001.jpg,S2A_MSIL2A_20210423T064621_R020_T40RDP_20210423T190039,0,2021-04,T40RDP,0.0698784784423364,0,0.7418180481133992
S2B_MSIL2A_20210508T064619_R020_T40RDP_20210509T091504_0000.jpg,S2B_MSIL2A_20210508T064619_R020_T40RDP_20210509T091504,0,2021-05,T40RDP,0.02740155257406184,0,0.7418180481133992
S2B_MSIL2A_20210508T064619_R020_T40RDP_20210509T091504_0001.jpg,S2B_MSIL2A_20210508T064619_R020_T40RDP_20210509T091504,0,2021-05,T40RDP,0.02740155257406184,0,0.7418180481133992
S2A_MSIL2A_20210523T064621_R020_T40RDP_20210523T174609_0000.jpg,S2A_MSIL2A_20210523T064621_R020_T40RDP_20210523T174609,0,2021-05,T40RDP,0.03368496654888214,0,0.7418180481133992
S2A_MSIL2A_20210523T064621_R020_T40RDP_20210523T174609_0001.jpg,S2A_MSIL2A_20210523T064621_R020_T40RDP_20210523T174609,0,2021-05,T40RDP,0.03368496654888214,0,0.7418180481133992
S2B_MSIL2A_20210806T064629_R020_T40RDP_20210806T172711_0000.jpg,S2B_MSIL2A_20210806T064629_R020_T40RDP_20210806T172711,1,2021-08,T40RDP,0.3055764343598568,0,0.7418180481133992
S2B_MSIL2A_20210806T064629_R020_T40RDP_20210806T172711_0001.jpg,S2B_MSIL2A_20210806T064629_R020_T40RDP_20210806T172711,1,2021-08,T40RDP,0.3055764343598568,0,0.7418180481133992
S2A_MSIL2A_20210821T064631_R020_T40RDP_20210821T203247_0000.jpg,S2A_MSIL2A_20210821T064631_R020_T40RDP_20210821T203247,0,2021-08,T40RDP,0.18047163068728067,0,0.7418180481133992
S2A_MSIL2A_20210821T064631_R020_T40RDP_20210821T203247_0001.jpg,S2A_MSIL2A_20210821T064631_R020_T40RDP_20210821T203247,0,2021-08,T40RDP,0.18047163068728067,0,0.7418180481133992
S2B_MSIL2A_20210905T064619_R020_T40RDP_20210905T161454_0000.jpg,S2B_MSIL2A_20210905T064619_R020_T40RDP_20210905T161454,1,2021-09,T40RDP,0.29520749858148326,0,0.7418180481133992
S2B_MSIL2A_20210905T064619_R020_T40RDP_20210905T161454_0001.jpg,S2B_MSIL2A_20210905T064619_R020_T40RDP_20210905T161454,1,2021-09,T40RDP,0.29520749858148326,0,0.7418180481133992
S2B_MSIL2A_20210925T064619_R020_T40RDP_20210926T064926_0000.jpg,S2B_MSIL2A_20210925T064619_R020_T40RDP_20210926T064926,0,2021-09,T40RDP,0.07011032385155185,0,0.7418180481133992
S2B_MSIL2A_20210925T064619_R020_T40RDP_20210926T064926_0001.jpg,S2B_MSIL2A_20210925T064619_R020_T40RDP_20210926T064926,0,2021-09,T40RDP,0.07011032385155185,0,0.7418180481133992
S2A_MSIL2A_20211010T064811_R020_T40RDP_20211010T175742_0000.jpg,S2A_MSIL2A_20211010T064811_R020_T40RDP_20211010T175742,0,2021-10,T40RDP,0.0416025355112167,0,0.7418180481133992
S2A_MSIL2A_20211010T064811_R020_T40RDP_20211010T175742_0001.jpg,S2A_MSIL2A_20211010T064811_R020_T40RDP_20211010T175742,0,2021-10,T40RDP,0.0416025355112167,0,0.7418180481133992
S2A_MSIL2A_20220217T064941_R020_T40RDP_20220224T125700_0000.jpg,S2A_MSIL2A_20220217T064941_R020_T40RDP_20220224T125700,1,2022-02,T40RDP,0.5456749208309183,0,0.7418180481133992
S2A_MSIL2A_20220217T064941_R020_T40RDP_20220224T125700_0001.jpg,S2A_MSIL2A_20220217T064941_R020_T40RDP_20220224T125700,1,2022-02,T40RDP,0.5456749208309183,0,0.7418180481133992
S2B_MSIL2A_20220612T064629_R020_T40RDP_20220613T015748_0000.jpg,S2B_MSIL2A_20220612T064629_R020_T40RDP_20220613T015748,1,2022-06,T40RDP,0.6499034664778841,0,0.7418180481133992
S2B_MSIL2A_20220612T064629_R020_T40RDP_20220613T015748_0001.jpg,S2B_MSIL2A_20220612T064629_R020_T40RDP_20220613T015748,1,2022-06,T40RDP,0.6499034664778841,0,0.7418180481133992
S2B_MSIL2A_20220930T064649_R020_T40RDP_20240726T033305_0000.jpg,S2B_MSIL2A_20220930T064649_R020_T40RDP_20240726T033305,1,2022-09,T40RDP,0.15306311650155624,0,0.7418180481133992
S2B_MSIL2A_20220930T064649_R020_T40RDP_20240726T033305_0001.jpg,S2B_MSIL2A_20220930T064649_R020_T40RDP_20240726T033305,1,2022-09,T40RDP,0.15306311650155624,0,0.7418180481133992
S2A_MSIL2A_20221025T064941_R020_T40RDP_20221025T162709_0000.jpg,S2A_MSIL2A_20221025T064941_R020_T40RDP_20221025T162709,0,2022-10,T40RDP,0.01525090348872929,0,0.7418180481133992
S2A_MSIL2A_20221025T064941_R020_T40RDP_20221025T162709_0001.jpg,S2A_MSIL2A_20221025T064941_R020_T40RDP_20221025T162709,0,2022-10,T40RDP,0.01525090348872929,0,0.7418180481133992
S2A_MSIL2A_20221104T065041_R020_T40RDP_20221104T212402_0000.jpg,S2A_MSIL2A_20221104T065041_R020_T40RDP_20221104T212402,0,2022-11,T40RDP,0.03899212409124743,0,0.7418180481133992
S2A_MSIL2A_20221104T065041_R020_T40RDP_20221104T212402_0001.jpg,S2A_MSIL2A_20221104T065041_R020_T40RDP_20221104T212402,0,2022-11,T40RDP,0.03899212409124743,0,0.7418180481133992
S2A_MSIL2A_20221204T065241_R020_T40RDP_20221204T174332_0000.jpg,S2A_MSIL2A_20221204T065241_R020_T40RDP_20221204T174332,0,2022-12,T40RDP,0.02457162684546284,0,0.7418180481133992
S2A_MSIL2A_20221204T065241_R020_T40RDP_20221204T174332_0001.jpg,S2A_MSIL2A_20221204T065241_R020_T40RDP_20221204T174332,0,2022-12,T40RDP,0.02457162684546284,0,0.7418180481133992
S2B_MSIL2A_20221229T065309_R020_T40RDP_20221230T112824_0000.jpg,S2B_MSIL2A_20221229T065309_R020_T40RDP_20221230T112824,0,2022-12,T40RDP,0.216178400321373,0,0.7418180481133992
S2B_MSIL2A_20221229T065309_R020_T40RDP_20221230T112824_0001.jpg,S2B_MSIL2A_20221229T065309_R020_T40RDP_20221230T112824,0,2022-12,T40RDP,0.216178400321373,0,0.7418180481133992
S2A_MSIL2A_20230413T064621_R020_T40RDP_20240829T090656_0000.jpg,S2A_MSIL2A_20230413T064621_R020_T40RDP_20240829T090656,0,2023-04,T40RDP,0.05992022027564942,0,0.7418180481133992
S2A_MSIL2A_20230413T064621_R020_T40RDP_20240829T090656_0001.jpg,S2A_MSIL2A_20230413T064621_R020_T40RDP_20240829T090656,0,2023-04,T40RDP,0.05992022027564942,0,0.7418180481133992
S2B_MSIL2A_20230508T064629_R020_T40RDP_20230508T113150_0000.jpg,S2B_MSIL2A_20230508T064629_R020_T40RDP_20230508T113150,0,2023-05,T40RDP,0.37140462655475415,0,0.7418180481133992
S2B_MSIL2A_20230508T064629_R020_T40RDP_20230508T113150_0001.jpg,S2B_MSIL2A_20230508T064629_R020_T40RDP_20230508T113150,0,2023-05,T40RDP,0.37140462655475415,0,0.7418180481133992
S2A_MSIL2A_20230602T064631_R020_T40RDP_20230602T122439_0000.jpg,S2A_MSIL2A_20230602T064631_R020_T40RDP_20230602T122439,1,2023-06,T40RDP,0.17641465946818108,0,0.7418180481133992
S2A_MSIL2A_20230602T064631_R020_T40RDP_20230602T122439_0001.jpg,S2A_MSIL2A_20230602T064631_R020_T40RDP_20230602T122439,1,2023-06,T40RDP,0.17641465946818108,0,0.7418180481133992
S2B_MSIL2A_20230627T064629_R020_T40RDP_20230627T133316_0000.jpg,S2B_MSIL2A_20230627T064629_R020_T40RDP_20230627T133316,0,2023-06,T40RDP,0.24168977068722447,0,0.7418180481133992
S2A_MSIL2A_20231020T064911_R020_T40RDP_20231020T212831_0000.jpg,S2A_MSIL2A_20231020T064911_R020_T40RDP_20231020T212831,0,2023-10,T40RDP,0.04471406873220286,0,0.7418180481133992
S2A_MSIL2A_20231020T064911_R020_T40RDP_20231020T212831_0001.jpg,S2A_MSIL2A_20231020T064911_R020_T40RDP_20231020T212831,0,2023-10,T40RDP,0.04471406873220286,0,0.7418180481133992
S2A_MSIL2A_20231219T065301_R020_T40RDP_20231220T122952_0000.jpg,S2A_MSIL2A_20231219T065301_R020_T40RDP_20231220T122952,0,2023-12,T40RDP,0.07904049422217478,0,0.7418180481133992
S2A_MSIL2A_20231219T065301_R020_T40RDP_20231220T122952_0001.jpg,S2A_MSIL2A_20231219T065301_R020_T40RDP_20231220T122952,0,2023-12,T40RDP,0.07904049422217478,0,0.7418180481133992
S2A_MSIL2A_20240227T064831_R020_T40RDP_20240227T113900_0000.jpg,S2A_MSIL2A_20240227T064831_R020_T40RDP_20240227T113900,0,2024-02,T40RDP,0.2396462025958102,0,0.7418180481133992
S2A_MSIL2A_20240227T064831_R020_T40RDP_20240227T113900_0001.jpg,S2A_MSIL2A_20240227T064831_R020_T40RDP_20240227T113900,0,2024-02,T40RDP,0.2396462025958102,0,0.7418180481133992
S2B_MSIL2A_20240422T064629_R020_T40RDP_20240422T110720_0000.jpg,S2B_MSIL2A_20240422T064629_R020_T40RDP_20240422T110720,1,2024-04,T40RDP,0.8030770555323549,1,0.7418180481133992
S2B_MSIL2A_20240422T064629_R020_T40RDP_20240422T110720_0001.jpg,S2B_MSIL2A_20240422T064629_R020_T40RDP_20240422T110720,1,2024-04,T40RDP,0.8030770555323549,1,0.7418180481133992
S2A_MSIL2A_20240507T064631_R020_T40RDP_20240507T121930_0000.jpg,S2A_MSIL2A_20240507T064631_R020_T40RDP_20240507T121930,0,2024-05,T40RDP,0.022547110372844598,0,0.7418180481133992
S2A_MSIL2A_20240507T064631_R020_T40RDP_20240507T121930_0001.jpg,S2A_MSIL2A_20240507T064631_R020_T40RDP_20240507T121930,0,2024-05,T40RDP,0.022547110372844598,0,0.7418180481133992
S2B_MSIL2A_20240512T064629_R020_T40RDP_20240512T104001_0000.jpg,S2B_MSIL2A_20240512T064629_R020_T40RDP_20240512T104001,0,2024-05,T40RDP,0.017613427171253505,0,0.7418180481133992
S2B_MSIL2A_20240512T064629_R020_T40RDP_20240512T104001_0001.jpg,S2B_MSIL2A_20240512T064629_R020_T40RDP_20240512T104001,0,2024-05,T40RDP,0.017613427171253505,0,0.7418180481133992
S2B_MSIL2A_20240522T064629_R020_T40RDP_20240522T103730_0000.jpg,S2B_MSIL2A_20240522T064629_R020_T40RDP_20240522T103730,1,2024-05,T40RDP,0.025445080050466,0,0.7418180481133992
S2B_MSIL2A_20240522T064629_R020_T40RDP_20240522T103730_0001.jpg,S2B_MSIL2A_20240522T064629_R020_T40RDP_20240522T103730,1,2024-05,T40RDP,0.025445080050466,0,0.7418180481133992
S2A_MSIL2A_20240626T064631_R020_T40RDP_20240626T112024_0000.jpg,S2A_MSIL2A_20240626T064631_R020_T40RDP_20240626T112024,0,2024-06,T40RDP,0.10224864335833879,0,0.7418180481133992
S2A_MSIL2A_20240626T064631_R020_T40RDP_20240626T112024_0001.jpg,S2A_MSIL2A_20240626T064631_R020_T40RDP_20240626T112024,0,2024-06,T40RDP,0.10224864335833879,0,0.7418180481133992
S2A_MSIL2A_20240726T064631_R020_T40RDP_20240726T115558_0000.jpg,S2A_MSIL2A_20240726T064631_R020_T40RDP_20240726T115558,0,2024-07,T40RDP,0.04090471900553578,0,0.7418180481133992
S2A_MSIL2A_20240726T064631_R020_T40RDP_20240726T115558_0001.jpg,S2A_MSIL2A_20240726T064631_R020_T40RDP_20240726T115558,0,2024-07,T40RDP,0.04090471900553578,0,0.7418180481133992
S2A_MSIL2A_20240904T064621_R020_T40RDP_20240904T121950_0000.jpg,S2A_MSIL2A_20240904T064621_R020_T40RDP_20240904T121950,0,2024-09,T40RDP,0.02077163802446103,0,0.7418180481133992
S2A_MSIL2A_20240904T064621_R020_T40RDP_20240904T121950_0001.jpg,S2A_MSIL2A_20240904T064621_R020_T40RDP_20240904T121950,0,2024-09,T40RDP,0.02077163802446103,0,0.7418180481133992
S2B_MSIL2A_20241128T065139_R020_T40RDP_20241128T081447_0000.jpg,S2B_MSIL2A_20241128T065139_R020_T40RDP_20241128T081447,0,2024-11,T40RDP,0.04148452174117385,0,0.7418180481133992
S2B_MSIL2A_20241128T065139_R020_T40RDP_20241128T081447_0001.jpg,S2B_MSIL2A_20241128T065139_R020_T40RDP_20241128T081447,0,2024-11,T40RDP,0.04148452174117385,0,0.7418180481133992
S2A_MSIL2A_20241213T065301_R020_T40RDP_20241213T095751_0000.jpg,S2A_MSIL2A_20241213T065301_R020_T40RDP_20241213T095751,0,2024-12,T40RDP,0.09542638201099017,0,0.7418180481133992
S2A_MSIL2A_20241213T065301_R020_T40RDP_20241213T095751_0001.jpg,S2A_MSIL2A_20241213T065301_R020_T40RDP_20241213T095751,0,2024-12,T40RDP,0.09542638201099017,0,0.7418180481133992
S2A_MSIL2A_20170408T062631_R077_T40QGK_20210209T054517_0000.jpg,S2A_MSIL2A_20170408T062631_R077_T40QGK_20210209T054517,1,2017-04,T40QGK,0.26938840612168474,0,0.7418180481133992
S2A_MSIL2A_20170408T062631_R077_T40QGK_20210209T054517_0001.jpg,S2A_MSIL2A_20170408T062631_R077_T40QGK_20210209T054517,1,2017-04,T40QGK,0.26938840612168474,0,0.7418180481133992
S2A_MSIL2A_20170806T062631_R077_T40QGK_20210210T201853_0000.jpg,S2A_MSIL2A_20170806T062631_R077_T40QGK_20210210T201853,0,2017-08,T40QGK,0.47072961641248773,0,0.7418180481133992
S2A_MSIL2A_20170806T062631_R077_T40QGK_20210210T201853_0001.jpg,S2A_MSIL2A_20170806T062631_R077_T40QGK_20210210T201853,0,2017-08,T40QGK,0.47072961641248773,0,0.7418180481133992
S2A_MSIL2A_20170826T062631_R077_T40QGK_20210201T110022_0000.jpg,S2A_MSIL2A_20170826T062631_R077_T40QGK_20210201T110022,1,2017-08,T40QGK,0.5973783137204797,0,0.7418180481133992
S2A_MSIL2A_20170826T062631_R077_T40QGK_20210201T110022_0001.jpg,S2A_MSIL2A_20170826T062631_R077_T40QGK_20210201T110022,1,2017-08,T40QGK,0.5973783137204797,0,0.7418180481133992
S2B_MSIL2A_20171020T062849_R077_T40QGK_20201015T010902_0000.jpg,S2B_MSIL2A_20171020T062849_R077_T40QGK_20201015T010902,0,2017-10,T40QGK,0.027901145484255024,0,0.7418180481133992
S2B_MSIL2A_20171020T062849_R077_T40QGK_20201015T010902_0001.jpg,S2B_MSIL2A_20171020T062849_R077_T40QGK_20201015T010902,0,2017-10,T40QGK,0.027901145484255024,0,0.7418180481133992
S2A_MSIL2A_20171025T062931_R077_T40QGK_20201015T020751_0000.jpg,S2A_MSIL2A_20171025T062931_R077_T40QGK_20201015T020751,0,2017-10,T40QGK,0.01638933230150117,0,0.7418180481133992
S2A_MSIL2A_20171025T062931_R077_T40QGK_20201015T020751_0001.jpg,S2A_MSIL2A_20171025T062931_R077_T40QGK_20201015T020751,0,2017-10,T40QGK,0.01638933230150117,0,0.7418180481133992
S2B_MSIL2A_20171209T063239_R077_T40QGK_20201014T130134_0000.jpg,S2B_MSIL2A_20171209T063239_R077_T40QGK_20201014T130134,0,2017-12,T40QGK,0.010667845031744587,0,0.7418180481133992
S2B_MSIL2A_20171209T063239_R077_T40QGK_20201014T130134_0001.jpg,S2B_MSIL2A_20171209T063239_R077_T40QGK_20201014T130134,0,2017-12,T40QGK,0.010667845031744587,0,0.7418180481133992
S2A_MSIL2A_20180324T062631_R077_T40QGK_20201013T132417_0000.jpg,S2A_MSIL2A_20180324T062631_R077_T40QGK_20201013T132417,0,2018-03,T40QGK,0.033884539752568194,0,0.7418180481133992
S2A_MSIL2A_20180324T062631_R077_T40QGK_20201013T132417_0001.jpg,S2A_MSIL2A_20180324T062631_R077_T40QGK_20201013T132417,0,2018-03,T40QGK,0.033884539752568194,0,0.7418180481133992
S2A_MSIL2A_20180403T062631_R077_T40QGK_20201012T174147_0000.jpg,S2A_MSIL2A_20180403T062631_R077_T40QGK_20201012T174147,0,2018-04,T40QGK,0.17650148335025664,0,0.7418180481133992
S2A_MSIL2A_20180403T062631_R077_T40QGK_20201012T174147_0001.jpg,S2A_MSIL2A_20180403T062631_R077_T40QGK_20201012T174147,0,2018-04,T40QGK,0.17650148335025664,0,0.7418180481133992
S2B_MSIL2A_20180428T062629_R077_T40QGK_20201013T034933_0000.jpg,S2B_MSIL2A_20180428T062629_R077_T40QGK_20201013T034933,1,2018-04,T40QGK,0.5785156020140728,0,0.7418180481133992
S2B_MSIL2A_20180428T062629_R077_T40QGK_20201013T034933_0001.jpg,S2B_MSIL2A_20180428T062629_R077_T40QGK_20201013T034933,1,2018-04,T40QGK,0.5785156020140728,0,0.7418180481133992
S2A_MSIL2A_20180513T062631_R077_T40QGK_20201012T091425_0000.jpg,S2A_MSIL2A_20180513T062631_R077_T40QGK_20201012T091425,0,2018-05,T40QGK,0.6237243633818114,0,0.7418180481133992
S2A_MSIL2A_20180513T062631_R077_T40QGK_20201012T091425_0001.jpg,S2A_MSIL2A_20180513T062631_R077_T40QGK_20201012T091425,0,2018-05,T40QGK,0.6237243633818114,0,0.7418180481133992
S2B_MSIL2A_20180528T062629_R077_T40QGK_20201012T150955_0000.jpg,S2B_MSIL2A_20180528T062629_R077_T40QGK_20201012T150955,0,2018-05,T40QGK,0.7521252002770816,1,0.7418180481133992
S2B_MSIL2A_20180528T062629_R077_T40QGK_20201012T150955_0001.jpg,S2B_MSIL2A_20180528T062629_R077_T40QGK_20201012T150955,0,2018-05,T40QGK,0.7521252002770816,1,0.7418180481133992
S2A_MSIL2A_20180602T062631_R077_T40QGK_20201103T052930_0000.jpg,S2A_MSIL2A_20180602T062631_R077_T40QGK_20201103T052930,0,2018-06,T40QGK,0.5510055039558439,0,0.7418180481133992
S2A_MSIL2A_20180602T062631_R077_T40QGK_20201103T052930_0001.jpg,S2A_MSIL2A_20180602T062631_R077_T40QGK_20201103T052930,0,2018-06,T40QGK,0.5510055039558439,0,0.7418180481133992
S2B_MSIL2A_20180617T062629_R077_T40QGK_20201011T231555_0000.jpg,S2B_MSIL2A_20180617T062629_R077_T40QGK_20201011T231555,0,2018-06,T40QGK,0.6680059244019907,0,0.7418180481133992
S2B_MSIL2A_20180617T062629_R077_T40QGK_20201011T231555_0001.jpg,S2B_MSIL2A_20180617T062629_R077_T40QGK_20201011T231555,0,2018-06,T40QGK,0.6680059244019907,0,0.7418180481133992
S2B_MSIL2A_20180707T062629_R077_T40QGK_20201011T130508_0000.jpg,S2B_MSIL2A_20180707T062629_R077_T40QGK_20201011T130508,0,2018-07,T40QGK,0.9262738399902607,1,0.7418180481133992
S2B_MSIL2A_20180707T062629_R077_T40QGK_20201011T130508_0001.jpg,S2B_MSIL2A_20180707T062629_R077_T40QGK_20201011T130508,0,2018-07,T40QGK,0.9262738399902607,1,0.7418180481133992
S2A_MSIL2A_20180920T062621_R077_T40QGK_20201009T030042_0000.jpg,S2A_MSIL2A_20180920T062621_R077_T40QGK_20201009T030042,0,2018-09,T40QGK,0.019049255754066304,0,0.7418180481133992
S2A_MSIL2A_20180920T062621_R077_T40QGK_20201009T030042_0001.jpg,S2A_MSIL2A_20180920T062621_R077_T40QGK_20201009T030042,0,2018-09,T40QGK,0.019049255754066304,0,0.7418180481133992
S2A_MSIL2A_20181229T063251_R077_T40QGK_20201008T135448_0000.jpg,S2A_MSIL2A_20181229T063251_R077_T40QGK_20201008T135448,0,2018-12,T40QGK,0.9186154227620436,1,0.7418180481133992
S2A_MSIL2A_20181229T063251_R077_T40QGK_20201008T135448_0001.jpg,S2A_MSIL2A_20181229T063251_R077_T40QGK_20201008T135448,0,2018-12,T40QGK,0.9186154227620436,1,0.7418180481133992
S2A_MSIL2A_20190207T063031_R077_T40QGK_20210713T232839_0000.jpg,S2A_MSIL2A_20190207T063031_R077_T40QGK_20210713T232839,1,2019-02,T40QGK,0.6336809178314639,0,0.7418180481133992
S2A_MSIL2A_20190207T063031_R077_T40QGK_20210713T232839_0001.jpg,S2A_MSIL2A_20190207T063031_R077_T40QGK_20210713T232839,1,2019-02,T40QGK,0.6336809178314639,0,0.7418180481133992
S2B_MSIL2A_20190314T062629_R077_T40QGK_20201007T063949_0000.jpg,S2B_MSIL2A_20190314T062629_R077_T40QGK_20201007T063949,0,2019-03,T40QGK,0.03032894265910086,0,0.7418180481133992
S2B_MSIL2A_20190314T062629_R077_T40QGK_20201007T063949_0001.jpg,S2B_MSIL2A_20190314T062629_R077_T40QGK_20201007T063949,0,2019-03,T40QGK,0.03032894265910086,0,0.7418180481133992
S2A_MSIL2A_20190329T062631_R077_T40QGK_20201007T115324_0000.jpg,S2A_MSIL2A_20190329T062631_R077_T40QGK_20201007T115324,0,2019-03,T40QGK,0.017340736372230117,0,0.7418180481133992
S2A_MSIL2A_20190329T062631_R077_T40QGK_20201007T115324_0001.jpg,S2A_MSIL2A_20190329T062631_R077_T40QGK_20201007T115324,0,2019-03,T40QGK,0.017340736372230117,0,0.7418180481133992
S2B_MSIL2A_20190513T062639_R077_T40QGK_20201106T003108_0000.jpg,S2B_MSIL2A_20190513T062639_R077_T40QGK_20201106T003108,0,2019-05,T40QGK,0.01683152643862072,0,0.7418180481133992
S2B_MSIL2A_20190513T062639_R077_T40QGK_20201106T003108_0001.jpg,S2B_MSIL2A_20190513T062639_R077_T40QGK_20201106T003108,0,2019-05,T40QGK,0.01683152643862072,0,0.7418180481133992
S2A_MSIL2A_20190627T062631_R077_T40QGK_20201006T065430_0000.jpg,S2A_MSIL2A_20190627T062631_R077_T40QGK_20201006T065430,0,2019-06,T40QGK,0.5042732351731645,0,0.7418180481133992
S2A_MSIL2A_20190627T062631_R077_T40QGK_20201006T065430_0001.jpg,S2A_MSIL2A_20190627T062631_R077_T40QGK_20201006T065430,0,2019-06,T40QGK,0.5042732351731645,0,0.7418180481133992
S2B_MSIL2A_20190712T062639_R077_T40QGK_20201005T130312_0000.jpg,S2B_MSIL2A_20190712T062639_R077_T40QGK_20201005T130312,1,2019-07,T40QGK,0.6873486504018588,0,0.7418180481133992
S2B_MSIL2A_20190712T062639_R077_T40QGK_20201005T130312_0001.jpg,S2B_MSIL2A_20190712T062639_R077_T40QGK_20201005T130312,1,2019-07,T40QGK,0.6873486504018588,0,0.7418180481133992
S2B_MSIL2A_20190821T062639_R077_T40QGK_20201005T030927_0000.jpg,S2B_MSIL2A_20190821T062639_R077_T40QGK_20201005T030927,0,2019-08,T40QGK,0.8243085432643074,1,0.7418180481133992
S2B_MSIL2A_20190821T062639_R077_T40QGK_20201005T030927_0001.jpg,S2B_MSIL2A_20190821T062639_R077_T40QGK_20201005T030927,0,2019-08,T40QGK,0.8243085432643074,1,0.7418180481133992
S2B_MSIL2A_20190831T062629_R077_T40QGK_20201005T072335_0000.jpg,S2B_MSIL2A_20190831T062629_R077_T40QGK_20201005T072335,1,2019-08,T40QGK,0.8678981664399321,1,0.7418180481133992
S2B_MSIL2A_20190831T062629_R077_T40QGK_20201005T072335_0001.jpg,S2B_MSIL2A_20190831T062629_R077_T40QGK_20201005T072335,1,2019-08,T40QGK,0.8678981664399321,1,0.7418180481133992
S2B_MSIL2A_20190930T062639_R077_T40QGK_20201004T185142_0000.jpg,S2B_MSIL2A_20190930T062639_R077_T40QGK_20201004T185142,0,2019-09,T40QGK,0.019128770560669535,0,0.7418180481133992
S2B_MSIL2A_20190930T062639_R077_T40QGK_20201004T185142_0001.jpg,S2B_MSIL2A_20190930T062639_R077_T40QGK_20201004T185142,0,2019-09,T40QGK,0.019128770560669535,0,0.7418180481133992
S2B_MSIL2A_20200308T062709_R077_T40QGK_20200930T082005_0000.jpg,S2B_MSIL2A_20200308T062709_R077_T40QGK_20200930T082005,0,2020-03,T40QGK,0.13772640824733046,0,0.7418180481133992
S2B_MSIL2A_20200308T062709_R077_T40QGK_20200930T082005_0001.jpg,S2B_MSIL2A_20200308T062709_R077_T40QGK_20200930T082005,0,2020-03,T40QGK,0.13772640824733046,0,0.7418180481133992
S2B_MSIL2A_20200318T062629_R077_T40QGK_20201011T024939_0000.jpg,S2B_MSIL2A_20200318T062629_R077_T40QGK_20201011T024939,0,2020-03,T40QGK,0.16171438420397904,0,0.7418180481133992
S2B_MSIL2A_20200318T062629_R077_T40QGK_20201011T024939_0001.jpg,S2B_MSIL2A_20200318T062629_R077_T40QGK_20201011T024939,0,2020-03,T40QGK,0.16171438420397904,0,0.7418180481133992
S2A_MSIL2A_20200412T062631_R077_T40QGK_20200923T042614_0000.jpg,S2A_MSIL2A_20200412T062631_R077_T40QGK_20200923T042614,0,2020-04,T40QGK,0.036260047289258523,0,0.7418180481133992
S2A_MSIL2A_20200412T062631_R077_T40QGK_20200923T042614_0001.jpg,S2A_MSIL2A_20200412T062631_R077_T40QGK_20200923T042614,0,2020-04,T40QGK,0.036260047289258523,0,0.7418180481133992
S2B_MSIL2A_20200417T062629_R077_T40QGK_20200923T221836_0000.jpg,S2B_MSIL2A_20200417T062629_R077_T40QGK_20200923T221836,0,2020-04,T40QGK,0.0741768272441941,0,0.7418180481133992
S2B_MSIL2A_20200417T062629_R077_T40QGK_20200923T221836_0001.jpg,S2B_MSIL2A_20200417T062629_R077_T40QGK_20200923T221836,0,2020-04,T40QGK,0.0741768272441941,0,0.7418180481133992
S2A_MSIL2A_20200512T062631_R077_T40QGK_20200917T210541_0000.jpg,S2A_MSIL2A_20200512T062631_R077_T40QGK_20200917T210541,0,2020-05,T40QGK,0.015190231830068856,0,0.7418180481133992
S2A_MSIL2A_20200512T062631_R077_T40QGK_20200917T210541_0001.jpg,S2A_MSIL2A_20200512T062631_R077_T40QGK_20200917T210541,0,2020-05,T40QGK,0.015190231830068856,0,0.7418180481133992
S2B_MSIL2A_20200606T062629_R077_T40QGK_20200826T094141_0000.jpg,S2B_MSIL2A_20200606T062629_R077_T40QGK_20200826T094141,0,2020-06,T40QGK,0.018741612223934077,0,0.7418180481133992
S2B_MSIL2A_20200606T062629_R077_T40QGK_20200826T094141_0001.jpg,S2B_MSIL2A_20200606T062629_R077_T40QGK_20200826T094141,0,2020-06,T40QGK,0.018741612223934077,0,0.7418180481133992
S2A_MSIL2A_20200621T062631_R077_T40QGK_20200823T124332_0000.jpg,S2A_MSIL2A_20200621T062631_R077_T40QGK_20200823T124332,1,2020-06,T40QGK,0.7689566082023668,1,0.7418180481133992
S2A_MSIL2A_20200621T062631_R077_T40QGK_20200823T124332_0001.jpg,S2A_MSIL2A_20200621T062631_R077_T40QGK_20200823T124332,1,2020-06,T40QGK,0.7689566082023668,1,0.7418180481133992
S2B_MSIL2A_20200716T062629_R077_T40QGK_20200816T091552_0000.jpg,S2B_MSIL2A_20200716T062629_R077_T40QGK_20200816T091552,0,2020-07,T40QGK,0.10979188335789361,0,0.7418180481133992
S2B_MSIL2A_20200716T062629_R077_T40QGK_20200816T091552_0001.jpg,S2B_MSIL2A_20200716T062629_R077_T40QGK_20200816T091552,0,2020-07,T40QGK,0.10979188335789361,0,0.7418180481133992
S2A_MSIL2A_20201009T062801_R077_T40QGK_20201027T125020_0000.jpg,S2A_MSIL2A_20201009T062801_R077_T40QGK_20201027T125020,0,2020-10,T40QGK,0.05944335772049566,0,0.7418180481133992
S2A_MSIL2A_20201009T062801_R077_T40QGK_20201027T125020_0001.jpg,S2A_MSIL2A_20201009T062801_R077_T40QGK_20201027T125020,0,2020-10,T40QGK,0.05944335772049566,0,0.7418180481133992
S2A_MSIL2A_20201108T063101_R077_T40QGK_20201110T022224_0000.jpg,S2A_MSIL2A_20201108T063101_R077_T40QGK_20201110T022224,0,2020-11,T40QGK,0.04698021413230811,0,0.7418180481133992
S2A_MSIL2A_20201108T063101_R077_T40QGK_20201110T022224_0001.jpg,S2A_MSIL2A_20201108T063101_R077_T40QGK_20201110T022224,0,2020-11,T40QGK,0.04698021413230811,0,0.7418180481133992
S2B_MSIL2A_20201113T063119_R077_T40QGK_20201115T061954_0000.jpg,S2B_MSIL2A_20201113T063119_R077_T40QGK_20201115T061954,0,2020-11,T40QGK,0.0354527138574731,0,0.7418180481133992
S2B_MSIL2A_20201113T063119_R077_T40QGK_20201115T061954_0001.jpg,S2B_MSIL2A_20201113T063119_R077_T40QGK_20201115T061954,0,2020-11,T40QGK,0.0354527138574731,0,0.7418180481133992
S2A_MSIL2A_20201228T063301_R077_T40QGK_20210513T194302_0000.jpg,S2A_MSIL2A_20201228T063301_R077_T40QGK_20210513T194302,0,2020-12,T40QGK,0.31554895467776967,0,0.7418180481133992
S2A_MSIL2A_20201228T063301_R077_T40QGK_20210513T194302_0001.jpg,S2A_MSIL2A_20201228T063301_R077_T40QGK_20210513T194302,0,2020-12,T40QGK,0.31554895467776967,0,0.7418180481133992
S2B_MSIL2A_20210402T062629_R077_T40QGK_20210402T224431_0000.jpg,S2B_MSIL2A_20210402T062629_R077_T40QGK_20210402T224431,1,2021-04,T40QGK,0.7212566870863643,0,0.7418180481133992
S2B_MSIL2A_20210402T062629_R077_T40QGK_20210402T224431_0001.jpg,S2B_MSIL2A_20210402T062629_R077_T40QGK_20210402T224431,1,2021-04,T40QGK,0.7212566870863643,0,0.7418180481133992
S2B_MSIL2A_20210502T062629_R077_T40QGK_20210502T213651_0000.jpg,S2B_MSIL2A_20210502T062629_R077_T40QGK_20210502T213651,0,2021-05,T40QGK,0.020250176413215287,0,0.7418180481133992
S2B_MSIL2A_20210502T062629_R077_T40QGK_20210502T213651_0001.jpg,S2B_MSIL2A_20210502T062629_R077_T40QGK_20210502T213651,0,2021-05,T40QGK,0.020250176413215287,0,0.7418180481133992
S2B_MSIL2A_20210621T062629_R077_T40QGK_20210624T120835_0000.jpg,S2B_MSIL2A_20210621T062629_R077_T40QGK_20210624T120835,0,2021-06,T40QGK,0.022303715362467058,0,0.7418180481133992
S2B_MSIL2A_20210621T062629_R077_T40QGK_20210624T120835_0001.jpg,S2B_MSIL2A_20210621T062629_R077_T40QGK_20210624T120835,0,2021-06,T40QGK,0.022303715362467058,0,0.7418180481133992
S2A_MSIL2A_20210626T062631_R077_T40QGK_20210626T144013_0000.jpg,S2A_MSIL2A_20210626T062631_R077_T40QGK_20210626T144013,0,2021-06,T40QGK,0.26245091946625065,0,0.7418180481133992
S2A_MSIL2A_20210626T062631_R077_T40QGK_20210626T144013_0001.jpg,S2A_MSIL2A_20210626T062631_R077_T40QGK_20210626T144013,0,2021-06,T40QGK,0.26245091946625065,0,0.7418180481133992
S2B_MSIL2A_20210701T062629_R077_T40QGK_20210701T193055_0000.jpg,S2B_MSIL2A_20210701T062629_R077_T40QGK_20210701T193055,0,2021-07,T40QGK,0.027803916063323407,0,0.7418180481133992
S2B_MSIL2A_20210701T062629_R077_T40QGK_20210701T193055_0001.jpg,S2B_MSIL2A_20210701T062629_R077_T40QGK_20210701T193055,0,2021-07,T40QGK,0.027803916063323407,0,0.7418180481133992
S2A_MSIL2A_20210805T062631_R077_T40QGK_20210805T143708_0000.jpg,S2A_MSIL2A_20210805T062631_R077_T40QGK_20210805T143708,0,2021-08,T40QGK,0.20438299641991386,0,0.7418180481133992
S2A_MSIL2A_20210805T062631_R077_T40QGK_20210805T143708_0001.jpg,S2A_MSIL2A_20210805T062631_R077_T40QGK_20210805T143708,0,2021-08,T40QGK,0.20438299641991386,0,0.7418180481133992
S2A_MSIL2A_20210904T062631_R077_T40QGK_20210904T155733_0000.jpg,S2A_MSIL2A_20210904T062631_R077_T40QGK_20210904T155733,0,2021-09,T40QGK,0.03508578172306067,0,0.7418180481133992
S2A_MSIL2A_20210904T062631_R077_T40QGK_20210904T155733_0001.jpg,S2A_MSIL2A_20210904T062631_R077_T40QGK_20210904T155733,0,2021-09,T40QGK,0.03508578172306067,0,0.7418180481133992
S2B_MSIL2A_20211019T062859_R077_T40QGK_20211020T000801_0000.jpg,S2B_MSIL2A_20211019T062859_R077_T40QGK_20211020T000801,0,2021-10,T40QGK,0.01204559793696228,0,0.7418180481133992
S2B_MSIL2A_20211019T062859_R077_T40QGK_20211020T000801_0001.jpg,S2B_MSIL2A_20211019T062859_R077_T40QGK_20211020T000801,0,2021-10,T40QGK,0.01204559793696228,0,0.7418180481133992
S2B_MSIL2A_20211029T062959_R077_T40QGK_20211029T203652_0000.jpg,S2B_MSIL2A_20211029T062959_R077_T40QGK_20211029T203652,0,2021-10,T40QGK,0.017837686461896887,0,0.7418180481133992
S2B_MSIL2A_20211029T062959_R077_T40QGK_20211029T203652_0001.jpg,S2B_MSIL2A_20211029T062959_R077_T40QGK_20211029T203652,0,2021-10,T40QGK,0.017837686461896887,0,0.7418180481133992
S2B_MSIL2A_20211118T063139_R077_T40QGK_20211118T164138_0000.jpg,S2B_MSIL2A_20211118T063139_R077_T40QGK_20211118T164138,0,2021-11,T40QGK,0.031258671700283874,0,0.7418180481133992
S2B_MSIL2A_20211118T063139_R077_T40QGK_20211118T164138_0001.jpg,S2B_MSIL2A_20211118T063139_R077_T40QGK_20211118T164138,0,2021-11,T40QGK,0.031258671700283874,0,0.7418180481133992
S2A_MSIL2A_20211213T063251_R077_T40QGK_20211213T211840_0000.jpg,S2A_MSIL2A_20211213T063251_R077_T40QGK_20211213T211840,1,2021-12,T40QGK,0.7131075267937196,0,0.7418180481133992
S2A_MSIL2A_20211213T063251_R077_T40QGK_20211213T211840_0001.jpg,S2A_MSIL2A_20211213T063251_R077_T40QGK_20211213T211840,1,2021-12,T40QGK,0.7131075267937196,0,0.7418180481133992
S2A_MSIL2A_20220112T063231_R077_T40QGK_20220113T012748_0000.jpg,S2A_MSIL2A_20220112T063231_R077_T40QGK_20220113T012748,1,2022-01,T40QGK,0.6684371265319731,0,0.7418180481133992
S2A_MSIL2A_20220112T063231_R077_T40QGK_20220113T012748_0001.jpg,S2A_MSIL2A_20220112T063231_R077_T40QGK_20220113T012748,1,2022-01,T40QGK,0.6684371265319731,0,0.7418180481133992
S2B_MSIL2A_20220206T063029_R077_T40QGK_20220219T105412_0000.jpg,S2B_MSIL2A_20220206T063029_R077_T40QGK_20220219T105412,0,2022-02,T40QGK,0.31132759622208506,0,0.7418180481133992
S2B_MSIL2A_20220206T063029_R077_T40QGK_20220219T105412_0001.jpg,S2B_MSIL2A_20220206T063029_R077_T40QGK_20220219T105412,0,2022-02,T40QGK,0.31132759622208506,0,0.7418180481133992
S2B_MSIL2A_20220216T062929_R077_T40QGK_20220224T003621_0000.jpg,S2B_MSIL2A_20220216T062929_R077_T40QGK_20220224T003621,1,2022-02,T40QGK,0.7265036455937431,0,0.7418180481133992
S2B_MSIL2A_20220216T062929_R077_T40QGK_20220224T003621_0001.jpg,S2B_MSIL2A_20220216T062929_R077_T40QGK_20220224T003621,1,2022-02,T40QGK,0.7265036455937431,0,0.7418180481133992
S2A_MSIL2A_20220313T062641_R077_T40QGK_20240525T152622_0000.jpg,S2A_MSIL2A_20220313T062641_R077_T40QGK_20240525T152622,1,2022-03,T40QGK,0.1569070941387905,0,0.7418180481133992
S2A_MSIL2A_20220313T062641_R077_T40QGK_20240525T152622_0001.jpg,S2A_MSIL2A_20220313T062641_R077_T40QGK_20240525T152622,1,2022-03,T40QGK,0.1569070941387905,0,0.7418180481133992
S2B_MSIL2A_20220427T062619_R077_T40QGK_20220428T030245_0000.jpg,S2B_MSIL2A_20220427T062619_R077_T40QGK_20220428T030245,1,2022-04,T40QGK,0.4742839130102923,0,0.7418180481133992
S2B_MSIL2A_20220427T062619_R077_T40QGK_20220428T030245_0001.jpg,S2B_MSIL2A_20220427T062619_R077_T40QGK_20220428T030245,1,2022-04,T40QGK,0.4742839130102923,0,0.7418180481133992
S2A_MSIL2A_20220502T062631_R077_T40QGK_20220502T230154_0000.jpg,S2A_MSIL2A_20220502T062631_R077_T40QGK_20220502T230154,0,2022-05,T40QGK,0.10121411863128804,0,0.7418180481133992
S2A_MSIL2A_20220502T062631_R077_T40QGK_20220502T230154_0001.jpg,S2A_MSIL2A_20220502T062631_R077_T40QGK_20220502T230154,0,2022-05,T40QGK,0.10121411863128804,0,0.7418180481133992
S2B_MSIL2A_20220527T062629_R077_T40QGK_20220528T051022_0000.jpg,S2B_MSIL2A_20220527T062629_R077_T40QGK_20220528T051022,1,2022-05,T40QGK,0.8570601464314725,1,0.7418180481133992
S2B_MSIL2A_20220527T062629_R077_T40QGK_20220528T051022_0001.jpg,S2B_MSIL2A_20220527T062629_R077_T40QGK_20220528T051022,1,2022-05,T40QGK,0.8570601464314725,1,0.7418180481133992
S2A_MSIL2A_20220621T062641_R077_T40QGK_20220622T025525_0000.jpg,S2A_MSIL2A_20220621T062641_R077_T40QGK_20220622T025525,0,2022-06,T40QGK,0.28788116027152755,0,0.7418180481133992
S2A_MSIL2A_20220621T062641_R077_T40QGK_20220622T025525_0001.jpg,S2A_MSIL2A_20220621T062641_R077_T40QGK_20220622T025525,0,2022-06,T40QGK,0.28788116027152755,0,0.7418180481133992
S2A_MSIL2A_20220830T062641_R077_T40QGK_20220831T145107_0000.jpg,S2A_MSIL2A_20220830T062641_R077_T40QGK_20220831T145107,0,2022-08,T40QGK,0.025109567480837088,0,0.7418180481133992
S2A_MSIL2A_20220830T062641_R077_T40QGK_20220831T145107_0001.jpg,S2A_MSIL2A_20220830T062641_R077_T40QGK_20220831T145107,0,2022-08,T40QGK,0.025109567480837088,0,0.7418180481133992
S2B_MSIL2A_20221004T062709_R077_T40QGK_20221004T200307_0000.jpg,S2B_MSIL2A_20221004T062709_R077_T40QGK_20221004T200307,0,2022-10,T40QGK,0.8614434031859591,1,0.7418180481133992
S2B_MSIL2A_20221004T062709_R077_T40QGK_20221004T200307_0001.jpg,S2B_MSIL2A_20221004T062709_R077_T40QGK_20221004T200307,0,2022-10,T40QGK,0.8614434031859591,1,0.7418180481133992
S2A_MSIL2A_20230206T063041_R077_T40QGK_20230206T214153_0000.jpg,S2A_MSIL2A_20230206T063041_R077_T40QGK_20230206T214153,1,2023-02,T40QGK,0.15312838157611108,0,0.7418180481133992
S2A_MSIL2A_20230206T063041_R077_T40QGK_20230206T214153_0001.jpg,S2A_MSIL2A_20230206T063041_R077_T40QGK_20230206T214153,1,2023-02,T40QGK,0.15312838157611108,0,0.7418180481133992
S2A_MSIL2A_20230226T062831_R077_T40QGK_20240801T080827_0000.jpg,S2A_MSIL2A_20230226T062831_R077_T40QGK_20240801T080827,0,2023-02,T40QGK,0.02567926787633742,0,0.7418180481133992
S2A_MSIL2A_20230226T062831_R077_T40QGK_20240801T080827_0001.jpg,S2A_MSIL2A_20230226T062831_R077_T40QGK_20240801T080827,0,2023-02,T40QGK,0.02567926787633742,0,0.7418180481133992
S2B_MSIL2A_20230721T062639_R077_T40QGK_20240817T205411_0000.jpg,S2B_MSIL2A_20230721T062639_R077_T40QGK_20240817T205411,1,2023-07,T40QGK,0.8770911152355525,1,0.7418180481133992
S2B_MSIL2A_20230721T062639_R077_T40QGK_20240817T205411_0001.jpg,S2B_MSIL2A_20230721T062639_R077_T40QGK_20240817T205411,1,2023-07,T40QGK,0.8770911152355525,1,0.7418180481133992
S2A_MSIL2A_20230904T062631_R077_T40QGK_20230904T124318_0000.jpg,S2A_MSIL2A_20230904T062631_R077_T40QGK_20230904T124318,1,2023-09,T40QGK,0.825395153431269,1,0.7418180481133992
S2A_MSIL2A_20230904T062631_R077_T40QGK_20230904T124318_0001.jpg,S2A_MSIL2A_20230904T062631_R077_T40QGK_20230904T124318,1,2023-09,T40QGK,0.825395153431269,1,0.7418180481133992
S2B_MSIL2A_20231019T062859_R077_T40QGK_20231019T182435_0000.jpg,S2B_MSIL2A_20231019T062859_R077_T40QGK_20231019T182435,0,2023-10,T40QGK,0.020580904027123908,0,0.7418180481133992
S2B_MSIL2A_20231019T062859_R077_T40QGK_20231019T182435_0001.jpg,S2B_MSIL2A_20231019T062859_R077_T40QGK_20231019T182435,0,2023-10,T40QGK,0.020580904027123908,0,0.7418180481133992
S2A_MSIL2A_20231213T063251_R077_T40QGK_20231213T114908_0000.jpg,S2A_MSIL2A_20231213T063251_R077_T40QGK_20231213T114908,1,2023-12,T40QGK,0.6963179304483786,0,0.7418180481133992
S2A_MSIL2A_20231213T063251_R077_T40QGK_20231213T114908_0001.jpg,S2A_MSIL2A_20231213T063251_R077_T40QGK_20231213T114908,1,2023-12,T40QGK,0.6963179304483786,0,0.7418180481133992
S2B_MSIL2A_20231228T063259_R077_T40QGK_20231228T092024_0000.jpg,S2B_MSIL2A_20231228T063259_R077_T40QGK_20231228T092024,1,2023-12,T40QGK,0.774369339693053,1,0.7418180481133992
S2B_MSIL2A_20231228T063259_R077_T40QGK_20231228T092024_0001.jpg,S2B_MSIL2A_20231228T063259_R077_T40QGK_20231228T092024,1,2023-12,T40QGK,0.774369339693053,1,0.7418180481133992
S2A_MSIL2A_20240112T063231_R077_T40QGK_20240112T101212_0000.jpg,S2A_MSIL2A_20240112T063231_R077_T40QGK_20240112T101212,0,2024-01,T40QGK,0.44371195091779886,0,0.7418180481133992
S2A_MSIL2A_20240112T063231_R077_T40QGK_20240112T101212_0001.jpg,S2A_MSIL2A_20240112T063231_R077_T40QGK_20240112T101212,0,2024-01,T40QGK,0.44371195091779886,0,0.7418180481133992
S2A_MSIL2A_20240421T062631_R077_T40QGK_20240421T111603_0000.jpg,S2A_MSIL2A_20240421T062631_R077_T40QGK_20240421T111603,0,2024-04,T40QGK,0.03701142397457344,0,0.7418180481133992
S2A_MSIL2A_20240421T062631_R077_T40QGK_20240421T111603_0001.jpg,S2A_MSIL2A_20240421T062631_R077_T40QGK_20240421T111603,0,2024-04,T40QGK,0.03701142397457344,0,0.7418180481133992
S2B_MSIL2A_20240814T062629_R077_T40QGK_20240814T093442_0000.jpg,S2B_MSIL2A_20240814T062629_R077_T40QGK_20240814T093442,1,2024-08,T40QGK,0.3010117197500583,0,0.7418180481133992
S2B_MSIL2A_20240814T062629_R077_T40QGK_20240814T093442_0001.jpg,S2B_MSIL2A_20240814T062629_R077_T40QGK_20240814T093442,1,2024-08,T40QGK,0.3010117197500583,0,0.7418180481133992
S2A_MSIL2A_20241107T063051_R077_T40QGK_20241107T091604_0000.jpg,S2A_MSIL2A_20241107T063051_R077_T40QGK_20241107T091604,0,2024-11,T40QGK,0.2579583652585567,0,0.7418180481133992
S2A_MSIL2A_20241107T063051_R077_T40QGK_20241107T091604_0001.jpg,S2A_MSIL2A_20241107T063051_R077_T40QGK_20241107T091604,0,2024-11,T40QGK,0.2579583652585567,0,0.7418180481133992
S2B_MSIL2A_20241112T063019_R077_T40QGK_20241112T082814_0000.jpg,S2B_MSIL2A_20241112T063019_R077_T40QGK_20241112T082814,0,2024-11,T40QGK,0.19397507387748542,0,0.7418180481133992
S2B_MSIL2A_20241112T063019_R077_T40QGK_20241112T082814_0001.jpg,S2B_MSIL2A_20241112T063019_R077_T40QGK_20241112T082814,0,2024-11,T40QGK,0.19397507387748542,0,0.7418180481133992
S2B_MSIL2A_20241212T063159_R077_T40QGK_20241212T090100_0000.jpg,S2B_MSIL2A_20241212T063159_R077_T40QGK_20241212T090100,0,2024-12,T40QGK,0.41808646729389615,0,0.7418180481133992
S2B_MSIL2A_20241212T063159_R077_T40QGK_20241212T090100_0001.jpg,S2B_MSIL2A_20241212T063159_R077_T40QGK_20241212T090100,0,2024-12,T40QGK,0.41808646729389615,0,0.7418180481133992
S2A_MSIL2A_20170111T064231_R120_T40QFM_20210530T050932_0000.jpg,S2A_MSIL2A_20170111T064231_R120_T40QFM_20210530T050932,1,2017-01,T40QFM,0.7583127218337807,1,0.7418180481133992
S2A_MSIL2A_20170111T064231_R120_T40QFM_20210530T050932_0001.jpg,S2A_MSIL2A_20170111T064231_R120_T40QFM_20210530T050932,1,2017-01,T40QFM,0.7583127218337807,1,0.7418180481133992
S2A_MSIL2A_20170610T064021_R120_T40QFM_20210209T215013_0000.jpg,S2A_MSIL2A_20170610T064021_R120_T40QFM_20210209T215013,0,2017-06,T40QFM,0.03755180522837334,0,0.7418180481133992
S2A_MSIL2A_20170610T064021_R120_T40QFM_20210209T215013_0001.jpg,S2A_MSIL2A_20170610T064021_R120_T40QFM_20210209T215013,0,2017-06,T40QFM,0.03755180522837334,0,0.7418180481133992
S2A_MSIL2A_20170710T063631_R120_T40QFM_20210210T065515_0000.jpg,S2A_MSIL2A_20170710T063631_R120_T40QFM_20210210T065515,1,2017-07,T40QFM,0.9313505674510203,1,0.7418180481133992
S2A_MSIL2A_20170710T063631_R120_T40QFM_20210210T065515_0001.jpg,S2A_MSIL2A_20170710T063631_R120_T40QFM_20210210T065515,1,2017-07,T40QFM,0.9313505674510203,1,0.7418180481133992
S2B_MSIL2A_20170804T064019_R120_T40QFM_20210210T192757_0000.jpg,S2B_MSIL2A_20170804T064019_R120_T40QFM_20210210T192757,0,2017-08,T40QFM,0.0256642762725356,0,0.7418180481133992
S2B_MSIL2A_20170804T064019_R120_T40QFM_20210210T192757_0001.jpg,S2B_MSIL2A_20170804T064019_R120_T40QFM_20210210T192757,0,2017-08,T40QFM,0.0256642762725356,0,0.7418180481133992
S2B_MSIL2A_20170923T063609_R120_T40QFM_20210202T084124_0000.jpg,S2B_MSIL2A_20170923T063609_R120_T40QFM_20210202T084124,1,2017-09,T40QFM,0.84088059648791,1,0.7418180481133992
S2B_MSIL2A_20170923T063609_R120_T40QFM_20210202T084124_0001.jpg,S2B_MSIL2A_20170923T063609_R120_T40QFM_20210202T084124,1,2017-09,T40QFM,0.84088059648791,1,0.7418180481133992
S2B_MSIL2A_20171212T064249_R120_T40QFM_20201014T133905_0000.jpg,S2B_MSIL2A_20171212T064249_R120_T40QFM_20201014T133905,0,2017-12,T40QFM,0.35856238037297544,0,0.7418180481133992
S2B_MSIL2A_20171212T064249_R120_T40QFM_20201014T133905_0001.jpg,S2B_MSIL2A_20171212T064249_R120_T40QFM_20201014T133905,0,2017-12,T40QFM,0.35856238037297544,0,0.7418180481133992
S2A_MSIL2A_20180615T063631_R120_T40QFM_20201027T012842_0000.jpg,S2A_MSIL2A_20180615T063631_R120_T40QFM_20201027T012842,0,2018-06,T40QFM,0.1492912456826096,0,0.7418180481133992
S2A_MSIL2A_20180615T063631_R120_T40QFM_20201027T012842_0001.jpg,S2A_MSIL2A_20180615T063631_R120_T40QFM_20201027T012842,0,2018-06,T40QFM,0.1492912456826096,0,0.7418180481133992
S2A_MSIL2A_20180725T063631_R120_T40QFM_20201011T194532_0000.jpg,S2A_MSIL2A_20180725T063631_R120_T40QFM_20201011T194532,0,2018-07,T40QFM,0.0073666321529708674,0,0.7418180481133992
S2A_MSIL2A_20180725T063631_R120_T40QFM_20201011T194532_0001.jpg,S2A_MSIL2A_20180725T063631_R120_T40QFM_20201011T194532,0,2018-07,T40QFM,0.0073666321529708674,0,0.7418180481133992
S2A_MSIL2A_20180824T063621_R120_T40QFM_20201011T061327_0000.jpg,S2A_MSIL2A_20180824T063621_R120_T40QFM_20201011T061327,0,2018-08,T40QFM,0.10755216031896499,0,0.7418180481133992
S2A_MSIL2A_20180824T063621_R120_T40QFM_20201011T061327_0001.jpg,S2A_MSIL2A_20180824T063621_R120_T40QFM_20201011T061327,0,2018-08,T40QFM,0.10755216031896499,0,0.7418180481133992
S2A_MSIL2A_20180903T063621_R120_T40QFM_20201011T075609_0000.jpg,S2A_MSIL2A_20180903T063621_R120_T40QFM_20201011T075609,0,2018-09,T40QFM,0.7055485564895903,0,0.7418180481133992
S2A_MSIL2A_20180903T063621_R120_T40QFM_20201011T075609_0001.jpg,S2A_MSIL2A_20180903T063621_R120_T40QFM_20201011T075609,0,2018-09,T40QFM,0.7055485564895903,0,0.7418180481133992
S2B_MSIL2A_20181028T063949_R120_T40QFM_20201009T161329_0000.jpg,S2B_MSIL2A_20181028T063949_R120_T40QFM_20201009T161329,0,2018-10,T40QFM,0.023872276392298036,0,0.7418180481133992
S2B_MSIL2A_20181028T063949_R120_T40QFM_20201009T161329_0001.jpg,S2B_MSIL2A_20181028T063949_R120_T40QFM_20201009T161329,0,2018-10,T40QFM,0.023872276392298036,0,0.7418180481133992
S2B_MSIL2A_20181227T064259_R120_T40QFM_20201031T003053_0000.jpg,S2B_MSIL2A_20181227T064259_R120_T40QFM_20201031T003053,0,2018-12,T40QFM,0.6920119203051727,0,0.7418180481133992
S2B_MSIL2A_20181227T064259_R120_T40QFM_20201031T003053_0001.jpg,S2B_MSIL2A_20181227T064259_R120_T40QFM_20201031T003053,0,2018-12,T40QFM,0.6920119203051727,0,0.7418180481133992
S2B_MSIL2A_20190126T064139_R120_T40QFM_20201008T045151_0000.jpg,S2B_MSIL2A_20190126T064139_R120_T40QFM_20201008T045151,0,2019-01,T40QFM,0.7344592900361888,0,0.7418180481133992
S2B_MSIL2A_20190126T064139_R120_T40QFM_20201008T045151_0001.jpg,S2B_MSIL2A_20190126T064139_R120_T40QFM_20201008T045151,0,2019-01,T40QFM,0.7344592900361888,0,0.7418180481133992
S2A_MSIL2A_20190531T063631_R120_T40QFM_20201006T202737_0000.jpg,S2A_MSIL2A_20190531T063631_R120_T40QFM_20201006T202737,1,2019-05,T40QFM,0.5930997036507679,0,0.7418180481133992
S2A_MSIL2A_20190531T063631_R120_T40QFM_20201006T202737_0001.jpg,S2A_MSIL2A_20190531T063631_R120_T40QFM_20201006T202737,1,2019-05,T40QFM,0.5930997036507679,0,0.7418180481133992
S2B_MSIL2A_20190804T063639_R120_T40QFM_20201004T202513_0000.jpg,S2B_MSIL2A_20190804T063639_R120_T40QFM_20201004T202513,0,2019-08,T40QFM,0.11313256953706691,0,0.7418180481133992
S2B_MSIL2A_20190804T063639_R120_T40QFM_20201004T202513_0001.jpg,S2B_MSIL2A_20190804T063639_R120_T40QFM_20201004T202513,0,2019-08,T40QFM,0.11313256953706691,0,0.7418180481133992
S2A_MSIL2A_20190918T063631_R120_T40QFM_20201004T142723_0000.jpg,S2A_MSIL2A_20190918T063631_R120_T40QFM_20201004T142723,0,2019-09,T40QFM,0.13897033553424706,0,0.7418180481133992
S2A_MSIL2A_20190918T063631_R120_T40QFM_20201004T142723_0001.jpg,S2A_MSIL2A_20190918T063631_R120_T40QFM_20201004T142723,0,2019-09,T40QFM,0.13897033553424706,0,0.7418180481133992
S2B_MSIL2A_20191013T063819_R120_T40QFM_20201004T015449_0000.jpg,S2B_MSIL2A_20191013T063819_R120_T40QFM_20201004T015449,0,2019-10,T40QFM,0.02682082222048884,0,0.7418180481133992
S2B_MSIL2A_20191013T063819_R120_T40QFM_20201004T015449_0001.jpg,S2B_MSIL2A_20191013T063819_R120_T40QFM_20201004T015449,0,2019-10,T40QFM,0.02682082222048884,0,0.7418180481133992
S2A_MSIL2A_20191028T064001_R120_T40QFM_20201004T065632_0000.jpg,S2A_MSIL2A_20191028T064001_R120_T40QFM_20201004T065632,0,2019-10,T40QFM,0.018570499759822272,0,0.7418180481133992
S2A_MSIL2A_20191028T064001_R120_T40QFM_20201004T065632_0001.jpg,S2A_MSIL2A_20191028T064001_R120_T40QFM_20201004T065632,0,2019-10,T40QFM,0.018570499759822272,0,0.7418180481133992
S2B_MSIL2A_20191112T064119_R120_T40QFM_20201003T154909_0000.jpg,S2B_MSIL2A_20191112T064119_R120_T40QFM_20201003T154909,0,2019-11,T40QFM,0.43505623820279093,0,0.7418180481133992
S2B_MSIL2A_20191112T064119_R120_T40QFM_20201003T154909_0001.jpg,S2B_MSIL2A_20191112T064119_R120_T40QFM_20201003T154909,0,2019-11,T40QFM,0.43505623820279093,0,0.7418180481133992
S2A_MSIL2A_20200116T064221_R120_T40QFM_20201002T191643_0000.jpg,S2A_MSIL2A_20200116T064221_R120_T40QFM_20201002T191643,0,2020-01,T40QFM,0.29004131716310066,0,0.7418180481133992
S2A_MSIL2A_20200116T064221_R120_T40QFM_20201002T191643_0001.jpg,S2A_MSIL2A_20200116T064221_R120_T40QFM_20201002T191643,0,2020-01,T40QFM,0.29004131716310066,0,0.7418180481133992
S2A_MSIL2A_20200225T063841_R120_T40QFM_20200928T062856_0000.jpg,S2A_MSIL2A_20200225T063841_R120_T40QFM_20200928T062856,0,2020-02,T40QFM,0.03420004402035393,0,0.7418180481133992
S2A_MSIL2A_20200225T063841_R120_T40QFM_20200928T062856_0001.jpg,S2A_MSIL2A_20200225T063841_R120_T40QFM_20200928T062856,0,2020-02,T40QFM,0.03420004402035393,0,0.7418180481133992
S2A_MSIL2A_20200525T063631_R120_T40QFM_20200910T213823_0000.jpg,S2A_MSIL2A_20200525T063631_R120_T40QFM_20200910T213823,1,2020-05,T40QFM,0.5991639630635075,0,0.7418180481133992
S2A_MSIL2A_20200525T063631_R120_T40QFM_20200910T213823_0001.jpg,S2A_MSIL2A_20200525T063631_R120_T40QFM_20200910T213823,1,2020-05,T40QFM,0.5991639630635075,0,0.7418180481133992
S2B_MSIL2A_20200629T063629_R120_T40QFM_20200908T231949_0000.jpg,S2B_MSIL2A_20200629T063629_R120_T40QFM_20200908T231949,0,2020-06,T40QFM,0.022682217802773356,0,0.7418180481133992
S2B_MSIL2A_20200629T063629_R120_T40QFM_20200908T231949_0001.jpg,S2B_MSIL2A_20200629T063629_R120_T40QFM_20200908T231949,0,2020-06,T40QFM,0.022682217802773356,0,0.7418180481133992
S2A_MSIL2A_20200803T063631_R120_T40QFM_20200815T232333_0000.jpg,S2A_MSIL2A_20200803T063631_R120_T40QFM_20200815T232333,0,2020-08,T40QFM,0.4057627335132845,0,0.7418180481133992
S2A_MSIL2A_20200803T063631_R120_T40QFM_20200815T232333_0001.jpg,S2A_MSIL2A_20200803T063631_R120_T40QFM_20200815T232333,0,2020-08,T40QFM,0.4057627335132845,0,0.7418180481133992
S2B_MSIL2A_20200818T063629_R120_T40QFM_20200822T141329_0000.jpg,S2B_MSIL2A_20200818T063629_R120_T40QFM_20200822T141329,1,2020-08,T40QFM,0.9522041497255217,1,0.7418180481133992
S2B_MSIL2A_20200818T063629_R120_T40QFM_20200822T141329_0001.jpg,S2B_MSIL2A_20200818T063629_R120_T40QFM_20200822T141329,1,2020-08,T40QFM,0.9522041497255217,1,0.7418180481133992
S2A_MSIL2A_20201121T064201_R120_T40QFM_20201123T113122_0000.jpg,S2A_MSIL2A_20201121T064201_R120_T40QFM_20201123T113122,1,2020-11,T40QFM,0.5173073727225982,0,0.7418180481133992
S2A_MSIL2A_20201121T064201_R120_T40QFM_20201123T113122_0001.jpg,S2A_MSIL2A_20201121T064201_R120_T40QFM_20201123T113122,1,2020-11,T40QFM,0.5173073727225982,0,0.7418180481133992
S2A_MSIL2A_20201221T064301_R120_T40QFM_20201222T140849_0000.jpg,S2A_MSIL2A_20201221T064301_R120_T40QFM_20201222T140849,0,2020-12,T40QFM,0.25923010450180445,0,0.7418180481133992
S2A_MSIL2A_20201221T064301_R120_T40QFM_20201222T140849_0001.jpg,S2A_MSIL2A_20201221T064301_R120_T40QFM_20201222T140849,0,2020-12,T40QFM,0.25923010450180445,0,0.7418180481133992
S2B_MSIL2A_20210105T064249_R120_T40QFM_20210106T005643_0000.jpg,S2B_MSIL2A_20210105T064249_R120_T40QFM_20210106T005643,0,2021-01,T40QFM,0.019005880328527618,0,0.7418180481133992
S2B_MSIL2A_20210105T064249_R120_T40QFM_20210106T005643_0001.jpg,S2B_MSIL2A_20210105T064249_R120_T40QFM_20210106T005643,0,2021-01,T40QFM,0.019005880328527618,0,0.7418180481133992
S2A_MSIL2A_20210120T064211_R120_T40QFM_20210120T204526_0000.jpg,S2A_MSIL2A_20210120T064211_R120_T40QFM_20210120T204526,0,2021-01,T40QFM,0.021123414685024048,0,0.7418180481133992
S2A_MSIL2A_20210120T064211_R120_T40QFM_20210120T204526_0001.jpg,S2A_MSIL2A_20210120T064211_R120_T40QFM_20210120T204526,0,2021-01,T40QFM,0.021123414685024048,0,0.7418180481133992
S2B_MSIL2A_20210214T063949_R120_T40QFM_20210214T233022_0000.jpg,S2B_MSIL2A_20210214T063949_R120_T40QFM_20210214T233022,0,2021-02,T40QFM,0.22130155926343006,0,0.7418180481133992
S2B_MSIL2A_20210214T063949_R120_T40QFM_20210214T233022_0001.jpg,S2B_MSIL2A_20210214T063949_R120_T40QFM_20210214T233022,0,2021-02,T40QFM,0.22130155926343006,0,0.7418180481133992
S2A_MSIL2A_20210321T063621_R120_T40QFM_20210322T012746_0000.jpg,S2A_MSIL2A_20210321T063621_R120_T40QFM_20210322T012746,0,2021-03,T40QFM,0.214381718343201,0,0.7418180481133992
S2A_MSIL2A_20210321T063621_R120_T40QFM_20210322T012746_0001.jpg,S2A_MSIL2A_20210321T063621_R120_T40QFM_20210322T012746,0,2021-03,T40QFM,0.214381718343201,0,0.7418180481133992
S2A_MSIL2A_20210719T063631_R120_T40QFM_20210719T155101_0000.jpg,S2A_MSIL2A_20210719T063631_R120_T40QFM_20210719T155101,0,2021-07,T40QFM,0.44296182254304656,0,0.7418180481133992
S2A_MSIL2A_20210719T063631_R120_T40QFM_20210719T155101_0001.jpg,S2A_MSIL2A_20210719T063631_R120_T40QFM_20210719T155101,0,2021-07,T40QFM,0.44296182254304656,0,0.7418180481133992
S2B_MSIL2A_20220120T064159_R120_T40QFM_20220121T032103_0000.jpg,S2B_MSIL2A_20220120T064159_R120_T40QFM_20220121T032103,1,2022-01,T40QFM,0.8038717546471441,1,0.7418180481133992
S2B_MSIL2A_20220120T064159_R120_T40QFM_20220121T032103_0001.jpg,S2B_MSIL2A_20220120T064159_R120_T40QFM_20220121T032103,1,2022-01,T40QFM,0.8038717546471441,1,0.7418180481133992
S2B_MSIL2A_20220219T063909_R120_T40QFM_20240515T135553_0000.jpg,S2B_MSIL2A_20220219T063909_R120_T40QFM_20240515T135553,0,2022-02,T40QFM,0.050212843962313174,0,0.7418180481133992
S2B_MSIL2A_20220219T063909_R120_T40QFM_20240515T135553_0001.jpg,S2B_MSIL2A_20220219T063909_R120_T40QFM_20240515T135553,0,2022-02,T40QFM,0.050212843962313174,0,0.7418180481133992
S2A_MSIL2A_20220405T063631_R120_T40QFM_20240524T020642_0000.jpg,S2A_MSIL2A_20220405T063631_R120_T40QFM_20240524T020642,0,2022-04,T40QFM,0.07342002208771109,0,0.7418180481133992
S2A_MSIL2A_20220405T063631_R120_T40QFM_20240524T020642_0001.jpg,S2A_MSIL2A_20220405T063631_R120_T40QFM_20240524T020642,0,2022-04,T40QFM,0.07342002208771109,0,0.7418180481133992
S2A_MSIL2A_20220505T063631_R120_T40QFM_20220505T200728_0000.jpg,S2A_MSIL2A_20220505T063631_R120_T40QFM_20220505T200728,0,2022-05,T40QFM,0.14854531977807953,0,0.7418180481133992
S2A_MSIL2A_20220505T063631_R120_T40QFM_20220505T200728_0001.jpg,S2A_MSIL2A_20220505T063631_R120_T40QFM_20220505T200728,0,2022-05,T40QFM,0.14854531977807953,0,0.7418180481133992
S2A_MSIL2A_20220714T063641_R120_T40QFM_20220715T004600_0000.jpg,S2A_MSIL2A_20220714T063641_R120_T40QFM_20220715T004600,0,2022-07,T40QFM,0.647652010204584,0,0.7418180481133992
S2A_MSIL2A_20220714T063641_R120_T40QFM_20220715T004600_0001.jpg,S2A_MSIL2A_20220714T063641_R120_T40QFM_20220715T004600,0,2022-07,T40QFM,0.647652010204584,0,0.7418180481133992
S2A_MSIL2A_20221012T063821_R120_T40QFM_20240802T062416_0000.jpg,S2A_MSIL2A_20221012T063821_R120_T40QFM_20240802T062416,0,2022-10,T40QFM,0.04239178100607351,0,0.7418180481133992
S2A_MSIL2A_20221012T063821_R120_T40QFM_20240802T062416_0001.jpg,S2A_MSIL2A_20221012T063821_R120_T40QFM_20240802T062416,0,2022-10,T40QFM,0.04239178100607351,0,0.7418180481133992
S2B_MSIL2A_20221027T063949_R120_T40QFM_20221027T205314_0000.jpg,S2B_MSIL2A_20221027T063949_R120_T40QFM_20221027T205314,0,2022-10,T40QFM,0.027856428295306355,0,0.7418180481133992
S2B_MSIL2A_20221027T063949_R120_T40QFM_20221027T205314_0001.jpg,S2B_MSIL2A_20221027T063949_R120_T40QFM_20221027T205314,0,2022-10,T40QFM,0.027856428295306355,0,0.7418180481133992
S2B_MSIL2A_20221116T064139_R120_T40QFM_20221116T211708_0000.jpg,S2B_MSIL2A_20221116T064139_R120_T40QFM_20221116T211708,0,2022-11,T40QFM,0.11264769429239621,0,0.7418180481133992
S2B_MSIL2A_20221116T064139_R120_T40QFM_20221116T211708_0001.jpg,S2B_MSIL2A_20221116T064139_R120_T40QFM_20221116T211708,0,2022-11,T40QFM,0.11264769429239621,0,0.7418180481133992
S2B_MSIL2A_20230224T063849_R120_T40QFM_20230226T114005_0000.jpg,S2B_MSIL2A_20230224T063849_R120_T40QFM_20230226T114005,1,2023-02,T40QFM,0.36709715049338787,0,0.7418180481133992
S2B_MSIL2A_20230224T063849_R120_T40QFM_20230226T114005_0001.jpg,S2B_MSIL2A_20230224T063849_R120_T40QFM_20230226T114005,1,2023-02,T40QFM,0.36709715049338787,0,0.7418180481133992
S2A_MSIL2A_20230321T063621_R120_T40QFM_20240826T173717_0000.jpg,S2A_MSIL2A_20230321T063621_R120_T40QFM_20240826T173717,0,2023-03,T40QFM,0.3630948191034444,0,0.7418180481133992
S2A_MSIL2A_20230321T063621_R120_T40QFM_20240826T173717_0001.jpg,S2A_MSIL2A_20230321T063621_R120_T40QFM_20240826T173717,0,2023-03,T40QFM,0.3630948191034444,0,0.7418180481133992
S2A_MSIL2A_20230510T063621_R120_T40QFM_20230510T133701_0000.jpg,S2A_MSIL2A_20230510T063621_R120_T40QFM_20230510T133701,0,2023-05,T40QFM,0.03943010143667784,0,0.7418180481133992
S2A_MSIL2A_20230510T063621_R120_T40QFM_20230510T133701_0001.jpg,S2A_MSIL2A_20230510T063621_R120_T40QFM_20230510T133701,0,2023-05,T40QFM,0.03943010143667784,0,0.7418180481133992
S2B_MSIL2A_20230525T063629_R120_T40QFM_20230525T121806_0000.jpg,S2B_MSIL2A_20230525T063629_R120_T40QFM_20230525T121806,0,2023-05,T40QFM,0.21597687781520425,0,0.7418180481133992
S2B_MSIL2A_20230525T063629_R120_T40QFM_20230525T121806_0001.jpg,S2B_MSIL2A_20230525T063629_R120_T40QFM_20230525T121806,0,2023-05,T40QFM,0.21597687781520425,0,0.7418180481133992
S2A_MSIL2A_20230719T063631_R120_T40QFM_20241013T092547_0000.jpg,S2A_MSIL2A_20230719T063631_R120_T40QFM_20241013T092547,0,2023-07,T40QFM,0.14896319486108256,0,0.7418180481133992
S2A_MSIL2A_20230719T063631_R120_T40QFM_20241013T092547_0001.jpg,S2A_MSIL2A_20230719T063631_R120_T40QFM_20241013T092547,0,2023-07,T40QFM,0.14896319486108256,0,0.7418180481133992
S2B_MSIL2A_20230813T063629_R120_T40QFM_20241020T075725_0000.jpg,S2B_MSIL2A_20230813T063629_R120_T40QFM_20241020T075725,1,2023-08,T40QFM,0.7391331268201978,0,0.7418180481133992
S2B_MSIL2A_20230813T063629_R120_T40QFM_20241020T075725_0001.jpg,S2B_MSIL2A_20230813T063629_R120_T40QFM_20241020T075725,1,2023-08,T40QFM,0.7391331268201978,0,0.7418180481133992
S2A_MSIL2A_20230818T063631_R120_T40QFM_20240912T142615_0000.jpg,S2A_MSIL2A_20230818T063631_R120_T40QFM_20240912T142615,1,2023-08,T40QFM,0.7634405724445046,1,0.7418180481133992
S2A_MSIL2A_20230818T063631_R120_T40QFM_20240912T142615_0001.jpg,S2A_MSIL2A_20230818T063631_R120_T40QFM_20240912T142615,1,2023-08,T40QFM,0.7634405724445046,1,0.7418180481133992
S2B_MSIL2A_20231002T063709_R120_T40QFM_20231002T151612_0000.jpg,S2B_MSIL2A_20231002T063709_R120_T40QFM_20231002T151612,1,2023-10,T40QFM,0.678773257201723,0,0.7418180481133992
S2B_MSIL2A_20231002T063709_R120_T40QFM_20231002T151612_0001.jpg,S2B_MSIL2A_20231002T063709_R120_T40QFM_20231002T151612,1,2023-10,T40QFM,0.678773257201723,0,0.7418180481133992
S2B_MSIL2A_20231121T064149_R120_T40QFM_20231121T102301_0000.jpg,S2B_MSIL2A_20231121T064149_R120_T40QFM_20231121T102301,1,2023-11,T40QFM,0.7999708560062824,1,0.7418180481133992
S2B_MSIL2A_20231121T064149_R120_T40QFM_20231121T102301_0001.jpg,S2B_MSIL2A_20231121T064149_R120_T40QFM_20231121T102301,1,2023-11,T40QFM,0.7999708560062824,1,0.7418180481133992
S2A_MSIL2A_20231126T064211_R120_T40QFM_20231126T111026_0000.jpg,S2A_MSIL2A_20231126T064211_R120_T40QFM_20231126T111026,0,2023-11,T40QFM,0.23445056401446887,0,0.7418180481133992
S2A_MSIL2A_20231126T064211_R120_T40QFM_20231126T111026_0001.jpg,S2A_MSIL2A_20231126T064211_R120_T40QFM_20231126T111026,0,2023-11,T40QFM,0.23445056401446887,0,0.7418180481133992
S2B_MSIL2A_20231231T064259_R120_T40QFM_20231231T100833_0000.jpg,S2B_MSIL2A_20231231T064259_R120_T40QFM_20231231T100833,0,2023-12,T40QFM,0.13027637052245133,0,0.7418180481133992
S2B_MSIL2A_20231231T064259_R120_T40QFM_20231231T100833_0001.jpg,S2B_MSIL2A_20231231T064259_R120_T40QFM_20231231T100833,0,2023-12,T40QFM,0.13027637052245133,0,0.7418180481133992
S2B_MSIL2A_20240209T064029_R120_T40QFM_20240209T101657_0000.jpg,S2B_MSIL2A_20240209T064029_R120_T40QFM_20240209T101657,0,2024-02,T40QFM,0.2004691989690869,0,0.7418180481133992
S2B_MSIL2A_20240209T064029_R120_T40QFM_20240209T101657_0001.jpg,S2B_MSIL2A_20240209T064029_R120_T40QFM_20240209T101657,0,2024-02,T40QFM,0.2004691989690869,0,0.7418180481133992
S2A_MSIL2A_20240603T063631_R120_T40QFM_20240603T120925_0000.jpg,S2A_MSIL2A_20240603T063631_R120_T40QFM_20240603T120925,1,2024-06,T40QFM,0.9087009301135082,1,0.7418180481133992
S2A_MSIL2A_20240603T063631_R120_T40QFM_20240603T120925_0001.jpg,S2A_MSIL2A_20240603T063631_R120_T40QFM_20240603T120925,1,2024-06,T40QFM,0.9087009301135082,1,0.7418180481133992
S2B_MSIL2A_20240926T063629_R120_T40QFM_20240926T091028_0000.jpg,S2B_MSIL2A_20240926T063629_R120_T40QFM_20240926T091028,0,2024-09,T40QFM,0.07076334550383707,0,0.7418180481133992
S2B_MSIL2A_20240926T063629_R120_T40QFM_20240926T091028_0001.jpg,S2B_MSIL2A_20240926T063629_R120_T40QFM_20240926T091028,0,2024-09,T40QFM,0.07076334550383707,0,0.7418180481133992
S2A_MSIL2A_20241011T063811_R120_T40QFM_20241011T094953_0000.jpg,S2A_MSIL2A_20241011T063811_R120_T40QFM_20241011T094953,1,2024-10,T40QFM,0.9583362992886085,1,0.7418180481133992
S2A_MSIL2A_20241011T063811_R120_T40QFM_20241011T094953_0001.jpg,S2A_MSIL2A_20241011T063811_R120_T40QFM_20241011T094953,1,2024-10,T40QFM,0.9583362992886085,1,0.7418180481133992
S2A_MSIL2A_20241110T064111_R120_T40QFM_20241110T095151_0000.jpg,S2A_MSIL2A_20241110T064111_R120_T40QFM_20241110T095151,0,2024-11,T40QFM,0.4091734895972031,0,0.7418180481133992
S2A_MSIL2A_20241110T064111_R120_T40QFM_20241110T095151_0001.jpg,S2A_MSIL2A_20241110T064111_R120_T40QFM_20241110T095151,0,2024-11,T40QFM,0.4091734895972031,0,0.7418180481133992
S2A_MSIL2A_20241220T064301_R120_T40QFM_20241220T102805_0000.jpg,S2A_MSIL2A_20241220T064301_R120_T40QFM_20241220T102805,0,2024-12,T40QFM,0.530005878325917,0,0.7418180481133992
S2A_MSIL2A_20241220T064301_R120_T40QFM_20241220T102805_0001.jpg,S2A_MSIL2A_20241220T064301_R120_T40QFM_20241220T102805,0,2024-12,T40QFM,0.530005878325917,0,0.7418180481133992
S2A_MSIL2A_20171005T062721_R077_T40QGL_20210202T140740_0000.jpg,S2A_MSIL2A_20171005T062721_R077_T40QGL_20210202T140740,0,2017-10,T40QGL,0.6338046458551372,0,0.7418180481133992
S2A_MSIL2A_20171005T062721_R077_T40QGL_20210202T140740_0001.jpg,S2A_MSIL2A_20171005T062721_R077_T40QGL_20210202T140740,0,2017-10,T40QGL,0.6338046458551372,0,0.7418180481133992
S2B_MSIL2A_20171109T063039_R077_T40QGL_20201014T190829_0000.jpg,S2B_MSIL2A_20171109T063039_R077_T40QGL_20201014T190829,0,2017-11,T40QGL,0.04090181386690108,0,0.7418180481133992
S2B_MSIL2A_20171109T063039_R077_T40QGL_20201014T190829_0001.jpg,S2B_MSIL2A_20171109T063039_R077_T40QGL_20201014T190829,0,2017-11,T40QGL,0.04090181386690108,0,0.7418180481133992
S2B_MSIL2A_20171119T063129_R077_T40QGL_20201014T205948_0000.jpg,S2B_MSIL2A_20171119T063129_R077_T40QGL_20201014T205948,0,2017-11,T40QGL,0.023767046376587355,0,0.7418180481133992
S2B_MSIL2A_20171119T063129_R077_T40QGL_20201014T205948_0001.jpg,S2B_MSIL2A_20171119T063129_R077_T40QGL_20201014T205948,0,2017-11,T40QGL,0.023767046376587355,0,0.7418180481133992
S2A_MSIL2A_20171224T063251_R077_T40QGL_20201014T155901_0000.jpg,S2A_MSIL2A_20171224T063251_R077_T40QGL_20201014T155901,1,2017-12,T40QGL,0.9017299300632817,1,0.7418180481133992
S2A_MSIL2A_20171224T063251_R077_T40QGL_20201014T155901_0001.jpg,S2A_MSIL2A_20171224T063251_R077_T40QGL_20201014T155901,1,2017-12,T40QGL,0.9017299300632817,1,0.7418180481133992
S2B_MSIL2A_20180128T063119_R077_T40QGL_20201014T093448_0000.jpg,S2B_MSIL2A_20180128T063119_R077_T40QGL_20201014T093448,0,2018-01,T40QGL,0.21489653551822285,0,0.7418180481133992
S2B_MSIL2A_20180128T063119_R077_T40QGL_20201014T093448_0001.jpg,S2B_MSIL2A_20180128T063119_R077_T40QGL_20201014T093448,0,2018-01,T40QGL,0.21489653551822285,0,0.7418180481133992
S2A_MSIL2A_20180930T062641_R077_T40QGL_20201009T062820_0000.jpg,S2A_MSIL2A_20180930T062641_R077_T40QGL_20201009T062820,0,2018-09,T40QGL,0.37625023714512734,0,0.7418180481133992
S2A_MSIL2A_20180930T062641_R077_T40QGL_20201009T062820_0001.jpg,S2A_MSIL2A_20180930T062641_R077_T40QGL_20201009T062820,0,2018-09,T40QGL,0.37625023714512734,0,0.7418180481133992
S2A_MSIL2A_20181209T063241_R077_T40QGL_20201008T083422_0000.jpg,S2A_MSIL2A_20181209T063241_R077_T40QGL_20201008T083422,0,2018-12,T40QGL,0.03432755151023149,0,0.7418180481133992
S2A_MSIL2A_20181209T063241_R077_T40QGL_20201008T083422_0001.jpg,S2A_MSIL2A_20181209T063241_R077_T40QGL_20201008T083422,0,2018-12,T40QGL,0.03432755151023149,0,0.7418180481133992
S2A_MSIL2A_20190128T063121_R077_T40QGL_20201008T051649_0000.jpg,S2A_MSIL2A_20190128T063121_R077_T40QGL_20201008T051649,0,2019-01,T40QGL,0.5994658705514209,0,0.7418180481133992
S2A_MSIL2A_20190128T063121_R077_T40QGL_20201008T051649_0001.jpg,S2A_MSIL2A_20190128T063121_R077_T40QGL_20201008T051649,0,2019-01,T40QGL,0.5994658705514209,0,0.7418180481133992
S2B_MSIL2A_20190212T063009_R077_T40QGL_20201007T161347_0000.jpg,S2B_MSIL2A_20190212T063009_R077_T40QGL_20201007T161347,1,2019-02,T40QGL,0.5723355907601876,0,0.7418180481133992
S2B_MSIL2A_20190212T063009_R077_T40QGL_20201007T161347_0001.jpg,S2B_MSIL2A_20190212T063009_R077_T40QGL_20201007T161347,1,2019-02,T40QGL,0.5723355907601876,0,0.7418180481133992
S2A_MSIL2A_20190227T062821_R077_T40QGL_20201007T210606_0000.jpg,S2A_MSIL2A_20190227T062821_R077_T40QGL_20201007T210606,0,2019-02,T40QGL,0.1058384038741168,0,0.7418180481133992
S2A_MSIL2A_20190227T062821_R077_T40QGL_20201007T210606_0001.jpg,S2A_MSIL2A_20190227T062821_R077_T40QGL_20201007T210606,0,2019-02,T40QGL,0.1058384038741168,0,0.7418180481133992
S2A_MSIL2A_20190428T062631_R077_T40QGL_20201105T205728_0000.jpg,S2A_MSIL2A_20190428T062631_R077_T40QGL_20201105T205728,0,2019-04,T40QGL,0.17080194370038315,0,0.7418180481133992
S2A_MSIL2A_20190428T062631_R077_T40QGL_20201105T205728_0001.jpg,S2A_MSIL2A_20190428T062631_R077_T40QGL_20201105T205728,0,2019-04,T40QGL,0.17080194370038315,0,0.7418180481133992
S2B_MSIL2A_20190612T062639_R077_T40QGL_20201006T012129_0000.jpg,S2B_MSIL2A_20190612T062639_R077_T40QGL_20201006T012129,0,2019-06,T40QGL,0.7896917978296968,1,0.7418180481133992
S2B_MSIL2A_20190612T062639_R077_T40QGL_20201006T012129_0001.jpg,S2B_MSIL2A_20190612T062639_R077_T40QGL_20201006T012129,0,2019-06,T40QGL,0.7896917978296968,1,0.7418180481133992
S2A_MSIL2A_20191214T063251_R077_T40QGL_20201003T044507_0000.jpg,S2A_MSIL2A_20191214T063251_R077_T40QGL_20201003T044507,1,2019-12,T40QGL,0.3494810516659053,0,0.7418180481133992
S2A_MSIL2A_20191214T063251_R077_T40QGL_20201003T044507_0001.jpg,S2A_MSIL2A_20191214T063251_R077_T40QGL_20201003T044507,1,2019-12,T40QGL,0.3494810516659053,0,0.7418180481133992
S2A_MSIL2A_20200313T062631_R077_T40QGL_20201009T030506_0000.jpg,S2A_MSIL2A_20200313T062631_R077_T40QGL_20201009T030506,1,2020-03,T40QGL,0.18942828858270594,0,0.7418180481133992
S2A_MSIL2A_20200313T062631_R077_T40QGL_20201009T030506_0001.jpg,S2A_MSIL2A_20200313T062631_R077_T40QGL_20201009T030506,1,2020-03,T40QGL,0.18942828858270594,0,0.7418180481133992
S2B_MSIL2A_20200507T062629_R077_T40QGL_20200920T220120_0000.jpg,S2B_MSIL2A_20200507T062629_R077_T40QGL_20200920T220120,0,2020-05,T40QGL,0.017791854620510573,0,0.7418180481133992
S2B_MSIL2A_20200507T062629_R077_T40QGL_20200920T220120_0001.jpg,S2B_MSIL2A_20200507T062629_R077_T40QGL_20200920T220120,0,2020-05,T40QGL,0.017791854620510573,0,0.7418180481133992
S2A_MSIL2A_20200721T062631_R077_T40QGL_20200816T230029_0000.jpg,S2A_MSIL2A_20200721T062631_R077_T40QGL_20200816T230029,1,2020-07,T40QGL,0.4893445703295374,0,0.7418180481133992
S2A_MSIL2A_20200721T062631_R077_T40QGL_20200816T230029_0001.jpg,S2A_MSIL2A_20200721T062631_R077_T40QGL_20200816T230029,1,2020-07,T40QGL,0.4893445703295374,0,0.7418180481133992
S2A_MSIL2A_20200830T062631_R077_T40QGL_20200907T182438_0000.jpg,S2A_MSIL2A_20200830T062631_R077_T40QGL_20200907T182438,0,2020-08,T40QGL,0.018693083095391614,0,0.7418180481133992
S2A_MSIL2A_20200830T062631_R077_T40QGL_20200907T182438_0001.jpg,S2A_MSIL2A_20200830T062631_R077_T40QGL_20200907T182438,0,2020-08,T40QGL,0.018693083095391614,0,0.7418180481133992
S2A_MSIL2A_20200909T062631_R077_T40QGL_20200919T090136_0000.jpg,S2A_MSIL2A_20200909T062631_R077_T40QGL_20200919T090136,0,2020-09,T40QGL,0.4496413460176485,0,0.7418180481133992
S2A_MSIL2A_20200909T062631_R077_T40QGL_20200919T090136_0001.jpg,S2A_MSIL2A_20200909T062631_R077_T40QGL_20200919T090136,0,2020-09,T40QGL,0.4496413460176485,0,0.7418180481133992
S2A_MSIL2A_20200929T062651_R077_T40QGL_20201001T173743_0000.jpg,S2A_MSIL2A_20200929T062651_R077_T40QGL_20201001T173743,1,2020-09,T40QGL,0.5538604831616455,0,0.7418180481133992
S2A_MSIL2A_20200929T062651_R077_T40QGL_20201001T173743_0001.jpg,S2A_MSIL2A_20200929T062651_R077_T40QGL_20201001T173743,1,2020-09,T40QGL,0.5538604831616455,0,0.7418180481133992
S2B_MSIL2A_20201004T062719_R077_T40QGL_20201006T041206_0000.jpg,S2B_MSIL2A_20201004T062719_R077_T40QGL_20201006T041206,1,2020-10,T40QGL,0.8406283088680274,1,0.7418180481133992
S2B_MSIL2A_20201004T062719_R077_T40QGL_20201006T041206_0001.jpg,S2B_MSIL2A_20201004T062719_R077_T40QGL_20201006T041206,1,2020-10,T40QGL,0.8406283088680274,1,0.7418180481133992
S2B_MSIL2A_20201123T063159_R077_T40QGL_20201124T121724_0000.jpg,S2B_MSIL2A_20201123T063159_R077_T40QGL_20201124T121724,0,2020-11,T40QGL,0.3845672767928734,0,0.7418180481133992
S2B_MSIL2A_20201123T063159_R077_T40QGL_20201124T121724_0001.jpg,S2B_MSIL2A_20201123T063159_R077_T40QGL_20201124T121724,0,2020-11,T40QGL,0.3845672767928734,0,0.7418180481133992
S2B_MSIL2A_20201213T063249_R077_T40QGL_20201214T025146_0000.jpg,S2B_MSIL2A_20201213T063249_R077_T40QGL_20201214T025146,0,2020-12,T40QGL,0.34335950029491813,0,0.7418180481133992
S2B_MSIL2A_20201213T063249_R077_T40QGL_20201214T025146_0001.jpg,S2B_MSIL2A_20201213T063249_R077_T40QGL_20201214T025146,0,2020-12,T40QGL,0.34335950029491813,0,0.7418180481133992
S2A_MSIL2A_20210226T062831_R077_T40QGL_20210226T174100_0000.jpg,S2A_MSIL2A_20210226T062831_R077_T40QGL_20210226T174100,1,2021-02,T40QGL,0.8217909869736512,1,0.7418180481133992
S2A_MSIL2A_20210226T062831_R077_T40QGL_20210226T174100_0001.jpg,S2A_MSIL2A_20210226T062831_R077_T40QGL_20210226T174100,1,2021-02,T40QGL,0.8217909869736512,1,0.7418180481133992
S2B_MSIL2A_20210412T062629_R077_T40QGL_20210412T184723_0000.jpg,S2B_MSIL2A_20210412T062629_R077_T40QGL_20210412T184723,0,2021-04,T40QGL,0.03388266222633661,0,0.7418180481133992
S2B_MSIL2A_20210412T062629_R077_T40QGL_20210412T184723_0001.jpg,S2B_MSIL2A_20210412T062629_R077_T40QGL_20210412T184723,0,2021-04,T40QGL,0.03388266222633661,0,0.7418180481133992
S2A_MSIL2A_20210815T062631_R077_T40QGL_20210815T125240_0000.jpg,S2A_MSIL2A_20210815T062631_R077_T40QGL_20210815T125240,0,2021-08,T40QGL,0.5523417366886202,0,0.7418180481133992
S2A_MSIL2A_20210815T062631_R077_T40QGL_20210815T125240_0001.jpg,S2A_MSIL2A_20210815T062631_R077_T40QGL_20210815T125240,0,2021-08,T40QGL,0.5523417366886202,0,0.7418180481133992
S2A_MSIL2A_20211113T063121_R077_T40QGL_20211113T133201_0000.jpg,S2A_MSIL2A_20211113T063121_R077_T40QGL_20211113T133201,0,2021-11,T40QGL,0.022323213354540412,0,0.7418180481133992
S2A_MSIL2A_20211113T063121_R077_T40QGL_20211113T133201_0001.jpg,S2A_MSIL2A_20211113T063121_R077_T40QGL_20211113T133201,0,2021-11,T40QGL,0.022323213354540412,0,0.7418180481133992
S2B_MSIL2A_20211128T063219_R077_T40QGL_20211129T031625_0000.jpg,S2B_MSIL2A_20211128T063219_R077_T40QGL_20211129T031625,1,2021-11,T40QGL,0.5058512498040905,0,0.7418180481133992
S2B_MSIL2A_20211128T063219_R077_T40QGL_20211129T031625_0001.jpg,S2B_MSIL2A_20211128T063219_R077_T40QGL_20211129T031625,1,2021-11,T40QGL,0.5058512498040905,0,0.7418180481133992
S2A_MSIL2A_20211223T063301_R077_T40QGL_20211224T035618_0000.jpg,S2A_MSIL2A_20211223T063301_R077_T40QGL_20211224T035618,1,2021-12,T40QGL,0.7549411729127798,1,0.7418180481133992
S2A_MSIL2A_20211223T063301_R077_T40QGL_20211224T035618_0001.jpg,S2A_MSIL2A_20211223T063301_R077_T40QGL_20211224T035618,1,2021-12,T40QGL,0.7549411729127798,1,0.7418180481133992
S2A_MSIL2A_20220522T062631_R077_T40QGL_20220523T071159_0000.jpg,S2A_MSIL2A_20220522T062631_R077_T40QGL_20220523T071159,0,2022-05,T40QGL,0.4870258063401384,0,0.7418180481133992
S2A_MSIL2A_20220522T062631_R077_T40QGL_20220523T071159_0001.jpg,S2A_MSIL2A_20220522T062631_R077_T40QGL_20220523T071159,0,2022-05,T40QGL,0.4870258063401384,0,0.7418180481133992
S2A_MSIL2A_20220731T062641_R077_T40QGL_20220801T054652_0000.jpg,S2A_MSIL2A_20220731T062641_R077_T40QGL_20220801T054652,0,2022-07,T40QGL,0.7653837298307761,1,0.7418180481133992
S2A_MSIL2A_20220731T062641_R077_T40QGL_20220801T054652_0001.jpg,S2A_MSIL2A_20220731T062641_R077_T40QGL_20220801T054652,0,2022-07,T40QGL,0.7653837298307761,1,0.7418180481133992
S2B_MSIL2A_20220805T062629_R077_T40QGL_20220805T230319_0000.jpg,S2B_MSIL2A_20220805T062629_R077_T40QGL_20220805T230319,0,2022-08,T40QGL,0.06080709482367715,0,0.7418180481133992
S2B_MSIL2A_20220805T062629_R077_T40QGL_20220805T230319_0001.jpg,S2B_MSIL2A_20220805T062629_R077_T40QGL_20220805T230319,0,2022-08,T40QGL,0.06080709482367715,0,0.7418180481133992
S2B_MSIL2A_20220904T062629_R077_T40QGL_20240718T201711_0000.jpg,S2B_MSIL2A_20220904T062629_R077_T40QGL_20240718T201711,0,2022-09,T40QGL,0.2931197811938626,0,0.7418180481133992
S2B_MSIL2A_20220904T062629_R077_T40QGL_20240718T201711_0001.jpg,S2B_MSIL2A_20220904T062629_R077_T40QGL_20240718T201711,0,2022-09,T40QGL,0.2931197811938626,0,0.7418180481133992
S2A_MSIL2A_20230107T063241_R077_T40QGL_20230107T194831_0000.jpg,S2A_MSIL2A_20230107T063241_R077_T40QGL_20230107T194831,0,2023-01,T40QGL,0.35497158588893224,0,0.7418180481133992
S2A_MSIL2A_20230107T063241_R077_T40QGL_20230107T194831_0001.jpg,S2A_MSIL2A_20230107T063241_R077_T40QGL_20230107T194831,0,2023-01,T40QGL,0.35497158588893224,0,0.7418180481133992
S2B_MSIL2A_20230422T062629_R077_T40QGL_20240809T053615_0000.jpg,S2B_MSIL2A_20230422T062629_R077_T40QGL_20240809T053615,0,2023-04,T40QGL,0.43231113412907396,0,0.7418180481133992
S2B_MSIL2A_20230422T062629_R077_T40QGL_20240809T053615_0001.jpg,S2B_MSIL2A_20230422T062629_R077_T40QGL_20240809T053615,0,2023-04,T40QGL,0.43231113412907396,0,0.7418180481133992
S2B_MSIL2A_20230512T062629_R077_T40QGL_20230512T112648_0000.jpg,S2B_MSIL2A_20230512T062629_R077_T40QGL_20230512T112648,0,2023-05,T40QGL,0.3124988975840767,0,0.7418180481133992
S2B_MSIL2A_20230512T062629_R077_T40QGL_20230512T112648_0001.jpg,S2B_MSIL2A_20230512T062629_R077_T40QGL_20230512T112648,0,2023-05,T40QGL,0.3124988975840767,0,0.7418180481133992
S2A_MSIL2A_20230616T062631_R077_T40QGL_20240812T142657_0000.jpg,S2A_MSIL2A_20230616T062631_R077_T40QGL_20240812T142657,0,2023-06,T40QGL,0.25502941265804924,0,0.7418180481133992
S2A_MSIL2A_20230616T062631_R077_T40QGL_20240812T142657_0001.jpg,S2A_MSIL2A_20230616T062631_R077_T40QGL_20240812T142657,0,2023-06,T40QGL,0.25502941265804924,0,0.7418180481133992
S2B_MSIL2A_20230909T062629_R077_T40QGL_20241104T211949_0000.jpg,S2B_MSIL2A_20230909T062629_R077_T40QGL_20241104T211949,0,2023-09,T40QGL,0.0158896866130805,0,0.7418180481133992
S2B_MSIL2A_20230909T062629_R077_T40QGL_20241104T211949_0001.jpg,S2B_MSIL2A_20230909T062629_R077_T40QGL_20241104T211949,0,2023-09,T40QGL,0.0158896866130805,0,0.7418180481133992
S2A_MSIL2A_20230924T062631_R077_T40QGL_20230924T121039_0000.jpg,S2A_MSIL2A_20230924T062631_R077_T40QGL_20230924T121039,0,2023-09,T40QGL,0.015619461573600588,0,0.7418180481133992
S2A_MSIL2A_20230924T062631_R077_T40QGL_20230924T121039_0001.jpg,S2A_MSIL2A_20230924T062631_R077_T40QGL_20230924T121039,0,2023-09,T40QGL,0.015619461573600588,0,0.7418180481133992
S2B_MSIL2A_20240127T063129_R077_T40QGL_20240127T101326_0000.jpg,S2B_MSIL2A_20240127T063129_R077_T40QGL_20240127T101326,1,2024-01,T40QGL,0.5884666916590026,0,0.7418180481133992
S2B_MSIL2A_20240127T063129_R077_T40QGL_20240127T101326_0001.jpg,S2B_MSIL2A_20240127T063129_R077_T40QGL_20240127T101326,1,2024-01,T40QGL,0.5884666916590026,0,0.7418180481133992
S2B_MSIL2A_20240226T062829_R077_T40QGL_20240226T101515_0000.jpg,S2B_MSIL2A_20240226T062829_R077_T40QGL_20240226T101515,0,2024-02,T40QGL,0.03932778382367714,0,0.7418180481133992
S2B_MSIL2A_20240226T062829_R077_T40QGL_20240226T101515_0001.jpg,S2B_MSIL2A_20240226T062829_R077_T40QGL_20240226T101515,0,2024-02,T40QGL,0.03932778382367714,0,0.7418180481133992
S2B_MSIL2A_20240715T062629_R077_T40QGL_20240715T114701_0000.jpg,S2B_MSIL2A_20240715T062629_R077_T40QGL_20240715T114701,1,2024-07,T40QGL,0.943514848022069,1,0.7418180481133992
S2B_MSIL2A_20240715T062629_R077_T40QGL_20240715T114701_0001.jpg,S2B_MSIL2A_20240715T062629_R077_T40QGL_20240715T114701,1,2024-07,T40QGL,0.943514848022069,1,0.7418180481133992
S2A_MSIL2A_20240908T062631_R077_T40QGL_20240908T111753_0000.jpg,S2A_MSIL2A_20240908T062631_R077_T40QGL_20240908T111753,1,2024-09,T40QGL,0.7806618570334856,1,0.7418180481133992
S2A_MSIL2A_20240908T062631_R077_T40QGL_20240908T111753_0001.jpg,S2A_MSIL2A_20240908T062631_R077_T40QGL_20240908T111753,1,2024-09,T40QGL,0.7806618570334856,1,0.7418180481133992
S2B_MSIL2A_20241023T062829_R077_T40QGL_20241023T083127_0000.jpg,S2B_MSIL2A_20241023T062829_R077_T40QGL_20241023T083127,0,2024-10,T40QGL,0.04618177719217069,0,0.7418180481133992
S2B_MSIL2A_20241023T062829_R077_T40QGL_20241023T083127_0001.jpg,S2B_MSIL2A_20241023T062829_R077_T40QGL_20241023T083127,0,2024-10,T40QGL,0.04618177719217069,0,0.7418180481133992
