tile,scene_id,hab_label,p_tab,month_key,date_key,region_key,frcnn_r50,frcnn_mb,frcnn_ssd
S2B_MSIL2A_20170909T065619_R063_T39QXG_20210201T223815_0000.jpg,S2B_MSIL2A_20170909T065619_R063_T39QXG_20210201T223815,0,0.1122765083616024,2017-09,2017-09-09,T39QXG,,,
S2B_MSIL2A_20170909T065619_R063_T39QXG_20210201T223815_0001.jpg,S2B_MSIL2A_20170909T065619_R063_T39QXG_20210201T223815,0,0.1122765083616024,2017-09,2017-09-09,T39QXG,,,
S2A_MSIL2A_20170825T065621_R063_T39QXG_20210201T094547_0000.jpg,S2A_MSIL2A_20170825T065621_R063_T39QXG_20210201T094547,0,0.046694358023976,2017-08,2017-08-25,T39QXG,0.6144904494285583,0.2417213916778564,0.509739875793457
S2A_MSIL2A_20170825T065621_R063_T39QXG_20210201T094547_0001.jpg,S2A_MSIL2A_20170825T065621_R063_T39QXG_20210201T094547,0,0.046694358023976,2017-08,2017-08-25,T39QXG,0.6144904494285583,0.2417213916778564,0.509739875793457
S2B_MSIL2A_20170820T065619_R063_T39QXG_20201015T042237_0000.jpg,S2B_MSIL2A_20170820T065619_R063_T39QXG_20201015T042237,0,0.000595258245997,2017-08,2017-08-20,T39QXG,0.6144904494285583,0.2417213916778564,0.509739875793457
S2B_MSIL2A_20170820T065619_R063_T39QXG_20201015T042237_0001.jpg,S2B_MSIL2A_20170820T065619_R063_T39QXG_20201015T042237,0,0.000595258245997,2017-08,2017-08-20,T39QXG,0.6144904494285583,0.2417213916778564,0.509739875793457
S2A_MSIL2A_20170805T065621_R063_T39QXG_20210210T194556_0000.jpg,S2A_MSIL2A_20170805T065621_R063_T39QXG_20210210T194556,0,0.2866955185008081,2017-08,2017-08-05,T39QXG,0.6144904494285583,0.2417213916778564,0.509739875793457
S2A_MSIL2A_20170805T065621_R063_T39QXG_20210210T194556_0001.jpg,S2A_MSIL2A_20170805T065621_R063_T39QXG_20210210T194556,0,0.2866955185008081,2017-08,2017-08-05,T39QXG,0.6144904494285583,0.2417213916778564,0.509739875793457
S2B_MSIL2A_20170731T065619_R063_T39QXG_20210210T172720_0000.jpg,S2B_MSIL2A_20170731T065619_R063_T39QXG_20210210T172720,0,0.0008767390481812,2017-07,2017-07-31,T39QXG,,,
S2B_MSIL2A_20170731T065619_R063_T39QXG_20210210T172720_0001.jpg,S2B_MSIL2A_20170731T065619_R063_T39QXG_20210210T172720,0,0.0008767390481812,2017-07,2017-07-31,T39QXG,,,
S2A_MSIL2A_20170626T065621_R063_T39QXG_20210210T014612_0000.jpg,S2A_MSIL2A_20170626T065621_R063_T39QXG_20210210T014612,0,0.0029001008326843,2017-06,2017-06-26,T39QXG,,,
S2A_MSIL2A_20170626T065621_R063_T39QXG_20210210T014612_0001.jpg,S2A_MSIL2A_20170626T065621_R063_T39QXG_20210210T014612,0,0.0029001008326843,2017-06,2017-06-26,T39QXG,,,
S2A_MSIL2A_20170606T065621_R063_T39QXG_20210209T205041_0000.jpg,S2A_MSIL2A_20170606T065621_R063_T39QXG_20210209T205041,0,0.0009402946337989,2017-06,2017-06-06,T39QXG,,,
S2A_MSIL2A_20170606T065621_R063_T39QXG_20210209T205041_0001.jpg,S2A_MSIL2A_20170606T065621_R063_T39QXG_20210209T205041,0,0.0009402946337989,2017-06,2017-06-06,T39QXG,,,
S2A_MSIL2A_20180929T065651_R063_T39QXG_20201009T060705_0000.jpg,S2A_MSIL2A_20180929T065651_R063_T39QXG_20201009T060705,0,0.2702624186848439,2018-09,2018-09-29,T39QXG,,,
S2A_MSIL2A_20180929T065651_R063_T39QXG_20201009T060705_0001.jpg,S2A_MSIL2A_20180929T065651_R063_T39QXG_20201009T060705,0,0.2702624186848439,2018-09,2018-09-29,T39QXG,,,
S2B_MSIL2A_20180924T065619_R063_T39QXG_20201009T042750_0000.jpg,S2B_MSIL2A_20180924T065619_R063_T39QXG_20201009T042750,0,0.4545251521912337,2018-09,2018-09-24,T39QXG,,,
S2B_MSIL2A_20180924T065619_R063_T39QXG_20201009T042750_0001.jpg,S2B_MSIL2A_20180924T065619_R063_T39QXG_20201009T042750,0,0.4545251521912337,2018-09,2018-09-24,T39QXG,,,
S2A_MSIL2A_20180919T065621_R063_T39QXG_20201009T024121_0000.jpg,S2A_MSIL2A_20180919T065621_R063_T39QXG_20201009T024121,0,0.0206033560044393,2018-09,2018-09-19,T39QXG,,,
S2A_MSIL2A_20180919T065621_R063_T39QXG_20201009T024121_0001.jpg,S2A_MSIL2A_20180919T065621_R063_T39QXG_20201009T024121,0,0.0206033560044393,2018-09,2018-09-19,T39QXG,,,
S2B_MSIL2A_20180914T065619_R063_T39QXG_20201009T011434_0000.jpg,S2B_MSIL2A_20180914T065619_R063_T39QXG_20201009T011434,0,0.0798491560399378,2018-09,2018-09-14,T39QXG,,,
S2B_MSIL2A_20180914T065619_R063_T39QXG_20201009T011434_0001.jpg,S2B_MSIL2A_20180914T065619_R063_T39QXG_20201009T011434,0,0.0798491560399378,2018-09,2018-09-14,T39QXG,,,
S2A_MSIL2A_20180909T065621_R063_T39QXG_20201008T231028_0000.jpg,S2A_MSIL2A_20180909T065621_R063_T39QXG_20201008T231028,1,0.7841152000442617,2018-09,2018-09-09,T39QXG,,,
S2A_MSIL2A_20180909T065621_R063_T39QXG_20201008T231028_0001.jpg,S2A_MSIL2A_20180909T065621_R063_T39QXG_20201008T231028,1,0.7841152000442617,2018-09,2018-09-09,T39QXG,,,
S2B_MSIL2A_20180904T065619_R063_T39QXG_20201011T083613_0000.jpg,S2B_MSIL2A_20180904T065619_R063_T39QXG_20201011T083613,0,0.0329927937561581,2018-09,2018-09-04,T39QXG,,,
S2B_MSIL2A_20180904T065619_R063_T39QXG_20201011T083613_0001.jpg,S2B_MSIL2A_20180904T065619_R063_T39QXG_20201011T083613,0,0.0329927937561581,2018-09,2018-09-04,T39QXG,,,
S2A_MSIL2A_20180830T065621_R063_T39QXG_20201103T141110_0000.jpg,S2A_MSIL2A_20180830T065621_R063_T39QXG_20201103T141110,0,0.000717395926036,2018-08,2018-08-30,T39QXG,,,
S2A_MSIL2A_20180830T065621_R063_T39QXG_20201103T141110_0001.jpg,S2A_MSIL2A_20180830T065621_R063_T39QXG_20201103T141110,0,0.000717395926036,2018-08,2018-08-30,T39QXG,,,
S2A_MSIL2A_20180820T065621_R063_T39QXG_20201011T042051_0000.jpg,S2A_MSIL2A_20180820T065621_R063_T39QXG_20201011T042051,0,0.0005423922228422,2018-08,2018-08-20,T39QXG,,,
S2A_MSIL2A_20180820T065621_R063_T39QXG_20201011T042051_0001.jpg,S2A_MSIL2A_20180820T065621_R063_T39QXG_20201011T042051,0,0.0005423922228422,2018-08,2018-08-20,T39QXG,,,
S2B_MSIL2A_20180815T065729_R063_T39QXG_20201011T021229_0000.jpg,S2B_MSIL2A_20180815T065729_R063_T39QXG_20201011T021229,0,0.0003842736768643,2018-08,2018-08-15,T39QXG,,,
S2B_MSIL2A_20180815T065729_R063_T39QXG_20201011T021229_0001.jpg,S2B_MSIL2A_20180815T065729_R063_T39QXG_20201011T021229,0,0.0003842736768643,2018-08,2018-08-15,T39QXG,,,
S2B_MSIL2A_20180716T065619_R063_T39QXG_20201011T163441_0000.jpg,S2B_MSIL2A_20180716T065619_R063_T39QXG_20201011T163441,0,0.0008200265684058,2018-07,2018-07-16,T39QXG,0.4354408979415893,0.1199859753251075,0.3442471027374267
S2B_MSIL2A_20180716T065619_R063_T39QXG_20201011T163441_0001.jpg,S2B_MSIL2A_20180716T065619_R063_T39QXG_20201011T163441,0,0.0008200265684058,2018-07,2018-07-16,T39QXG,0.4354408979415893,0.1199859753251075,0.3442471027374267
S2B_MSIL2A_20180706T065619_R063_T39QXG_20201011T124309_0000.jpg,S2B_MSIL2A_20180706T065619_R063_T39QXG_20201011T124309,0,0.0044314885061482,2018-07,2018-07-06,T39QXG,0.4354408979415893,0.1199859753251075,0.3442471027374267
S2B_MSIL2A_20180706T065619_R063_T39QXG_20201011T124309_0001.jpg,S2B_MSIL2A_20180706T065619_R063_T39QXG_20201011T124309,0,0.0044314885061482,2018-07,2018-07-06,T39QXG,0.4354408979415893,0.1199859753251075,0.3442471027374267
S2A_MSIL2A_20180701T065621_R063_T39QXG_20201011T104015_0000.jpg,S2A_MSIL2A_20180701T065621_R063_T39QXG_20201011T104015,0,0.2344028634341464,2018-07,2018-07-01,T39QXG,0.4354408979415893,0.1199859753251075,0.3442471027374267
S2A_MSIL2A_20180701T065621_R063_T39QXG_20201011T104015_0001.jpg,S2A_MSIL2A_20180701T065621_R063_T39QXG_20201011T104015,0,0.2344028634341464,2018-07,2018-07-01,T39QXG,0.4354408979415893,0.1199859753251075,0.3442471027374267
S2A_MSIL2A_20190904T065621_R063_T39QXG_20201004T090539_0000.jpg,S2A_MSIL2A_20190904T065621_R063_T39QXG_20201004T090539,1,0.6294823175195776,2019-09,2019-09-04,T39QXG,,,
S2A_MSIL2A_20190904T065621_R063_T39QXG_20201004T090539_0001.jpg,S2A_MSIL2A_20190904T065621_R063_T39QXG_20201004T090539,1,0.6294823175195776,2019-09,2019-09-04,T39QXG,,,
S2A_MSIL2A_20190825T065621_R063_T39QXG_20201005T043538_0000.jpg,S2A_MSIL2A_20190825T065621_R063_T39QXG_20201005T043538,0,0.0134265447004338,2019-08,2019-08-25,T39QXG,0.979488730430603,0.0835130736231803,0.482564628124237
S2A_MSIL2A_20190825T065621_R063_T39QXG_20201005T043538_0001.jpg,S2A_MSIL2A_20190825T065621_R063_T39QXG_20201005T043538,0,0.0134265447004338,2019-08,2019-08-25,T39QXG,0.979488730430603,0.0835130736231803,0.482564628124237
S2A_MSIL2A_20190815T065631_R063_T39QXG_20201005T003451_0000.jpg,S2A_MSIL2A_20190815T065631_R063_T39QXG_20201005T003451,0,0.0062231096605363,2019-08,2019-08-15,T39QXG,0.979488730430603,0.0835130736231803,0.482564628124237
S2A_MSIL2A_20190815T065631_R063_T39QXG_20201005T003451_0001.jpg,S2A_MSIL2A_20190815T065631_R063_T39QXG_20201005T003451,0,0.0062231096605363,2019-08,2019-08-15,T39QXG,0.979488730430603,0.0835130736231803,0.482564628124237
S2B_MSIL2A_20190701T065629_R063_T39QXG_20201005T075203_0000.jpg,S2B_MSIL2A_20190701T065629_R063_T39QXG_20201005T075203,0,0.0045799940274373,2019-07,2019-07-01,T39QXG,,,
S2B_MSIL2A_20190701T065629_R063_T39QXG_20201005T075203_0001.jpg,S2B_MSIL2A_20190701T065629_R063_T39QXG_20201005T075203,0,0.0045799940274373,2019-07,2019-07-01,T39QXG,,,
S2A_MSIL2A_20200928T065651_R063_T39QXG_20201001T020408_0000.jpg,S2A_MSIL2A_20200928T065651_R063_T39QXG_20201001T020408,0,0.0247322876036196,2020-09,2020-09-28,T39QXG,0.9210686683654784,0.1930155158042907,0.6490811109542847
S2A_MSIL2A_20200928T065651_R063_T39QXG_20201001T020408_0001.jpg,S2A_MSIL2A_20200928T065651_R063_T39QXG_20201001T020408,0,0.0247322876036196,2020-09,2020-09-28,T39QXG,0.9210686683654784,0.1930155158042907,0.6490811109542847
S2B_MSIL2A_20200923T065629_R063_T39QXG_20201028T044418_0000.jpg,S2B_MSIL2A_20200923T065629_R063_T39QXG_20201028T044418,0,0.3948274591693084,2020-09,2020-09-23,T39QXG,0.9210686683654784,0.1930155158042907,0.6490811109542847
S2B_MSIL2A_20200923T065629_R063_T39QXG_20201028T044418_0001.jpg,S2B_MSIL2A_20200923T065629_R063_T39QXG_20201028T044418,0,0.3948274591693084,2020-09,2020-09-23,T39QXG,0.9210686683654784,0.1930155158042907,0.6490811109542847
S2A_MSIL2A_20200918T065631_R063_T39QXG_20200921T101042_0000.jpg,S2A_MSIL2A_20200918T065631_R063_T39QXG_20200921T101042,0,0.5389831699241846,2020-09,2020-09-18,T39QXG,0.9210686683654784,0.1930155158042907,0.6490811109542847
S2A_MSIL2A_20200918T065631_R063_T39QXG_20200921T101042_0001.jpg,S2A_MSIL2A_20200918T065631_R063_T39QXG_20200921T101042,0,0.5389831699241846,2020-09,2020-09-18,T39QXG,0.9210686683654784,0.1930155158042907,0.6490811109542847
S2B_MSIL2A_20200913T065629_R063_T39QXG_20201027T093056_0000.jpg,S2B_MSIL2A_20200913T065629_R063_T39QXG_20201027T093056,0,0.010722766485707,2020-09,2020-09-13,T39QXG,0.9210686683654784,0.1930155158042907,0.6490811109542847
S2B_MSIL2A_20200913T065629_R063_T39QXG_20201027T093056_0001.jpg,S2B_MSIL2A_20200913T065629_R063_T39QXG_20201027T093056,0,0.010722766485707,2020-09,2020-09-13,T39QXG,0.9210686683654784,0.1930155158042907,0.6490811109542847
S2A_MSIL2A_20200908T065631_R063_T39QXG_20201027T154720_0000.jpg,S2A_MSIL2A_20200908T065631_R063_T39QXG_20201027T154720,0,0.0122528782541364,2020-09,2020-09-08,T39QXG,0.9210686683654784,0.1930155158042907,0.6490811109542847
S2A_MSIL2A_20200908T065631_R063_T39QXG_20201027T154720_0001.jpg,S2A_MSIL2A_20200908T065631_R063_T39QXG_20201027T154720,0,0.0122528782541364,2020-09,2020-09-08,T39QXG,0.9210686683654784,0.1930155158042907,0.6490811109542847
S2B_MSIL2A_20200804T065629_R063_T39QXG_20200816T035441_0000.jpg,S2B_MSIL2A_20200804T065629_R063_T39QXG_20200816T035441,0,0.0005330765732621,2020-08,2020-08-04,T39QXG,,,
S2B_MSIL2A_20200804T065629_R063_T39QXG_20200816T035441_0001.jpg,S2B_MSIL2A_20200804T065629_R063_T39QXG_20200816T035441,0,0.0005330765732621,2020-08,2020-08-04,T39QXG,,,
S2A_MSIL2A_20200730T065631_R063_T39QXG_20200818T030617_0000.jpg,S2A_MSIL2A_20200730T065631_R063_T39QXG_20200818T030617,0,0.0013566690645242,2020-07,2020-07-30,T39QXG,,,
S2A_MSIL2A_20200730T065631_R063_T39QXG_20200818T030617_0001.jpg,S2A_MSIL2A_20200730T065631_R063_T39QXG_20200818T030617,0,0.0013566690645242,2020-07,2020-07-30,T39QXG,,,
S2B_MSIL2A_20200725T065629_R063_T39QXG_20200817T124238_0000.jpg,S2B_MSIL2A_20200725T065629_R063_T39QXG_20200817T124238,0,0.0028337076604317,2020-07,2020-07-25,T39QXG,,,
S2B_MSIL2A_20200725T065629_R063_T39QXG_20200817T124238_0001.jpg,S2B_MSIL2A_20200725T065629_R063_T39QXG_20200817T124238,0,0.0028337076604317,2020-07,2020-07-25,T39QXG,,,
S2B_MSIL2A_20200715T065629_R063_T39QXG_20200919T085206_0000.jpg,S2B_MSIL2A_20200715T065629_R063_T39QXG_20200919T085206,0,0.0027876849261412,2020-07,2020-07-15,T39QXG,,,
S2B_MSIL2A_20200715T065629_R063_T39QXG_20200919T085206_0001.jpg,S2B_MSIL2A_20200715T065629_R063_T39QXG_20200919T085206,0,0.0027876849261412,2020-07,2020-07-15,T39QXG,,,
S2A_MSIL2A_20200710T065631_R063_T39QXG_20200912T162127_0000.jpg,S2A_MSIL2A_20200710T065631_R063_T39QXG_20200912T162127,0,0.0154642880298371,2020-07,2020-07-10,T39QXG,,,
S2A_MSIL2A_20200710T065631_R063_T39QXG_20200912T162127_0001.jpg,S2A_MSIL2A_20200710T065631_R063_T39QXG_20200912T162127,0,0.0154642880298371,2020-07,2020-07-10,T39QXG,,,
S2A_MSIL2A_20200630T065631_R063_T39QXG_20200824T160716_0000.jpg,S2A_MSIL2A_20200630T065631_R063_T39QXG_20200824T160716,0,0.0004303888615621,2020-06,2020-06-30,T39QXG,,,
S2A_MSIL2A_20200630T065631_R063_T39QXG_20200824T160716_0001.jpg,S2A_MSIL2A_20200630T065631_R063_T39QXG_20200824T160716,0,0.0004303888615621,2020-06,2020-06-30,T39QXG,,,
S2B_MSIL2A_20210928T065649_R063_T39QXG_20210929T000956_0000.jpg,S2B_MSIL2A_20210928T065649_R063_T39QXG_20210929T000956,0,0.2752166767782536,2021-09,2021-09-28,T39QXG,0.7133057117462158,0.2669180035591125,0.352856695652008
S2B_MSIL2A_20210928T065649_R063_T39QXG_20210929T000956_0001.jpg,S2B_MSIL2A_20210928T065649_R063_T39QXG_20210929T000956,0,0.2752166767782536,2021-09,2021-09-28,T39QXG,0.7133057117462158,0.2669180035591125,0.352856695652008
S2A_MSIL2A_20210923T065631_R063_T39QXG_20210924T013326_0000.jpg,S2A_MSIL2A_20210923T065631_R063_T39QXG_20210924T013326,0,0.003359050585502,2021-09,2021-09-23,T39QXG,0.7133057117462158,0.2669180035591125,0.352856695652008
S2A_MSIL2A_20210923T065631_R063_T39QXG_20210924T013326_0001.jpg,S2A_MSIL2A_20210923T065631_R063_T39QXG_20210924T013326,0,0.003359050585502,2021-09,2021-09-23,T39QXG,0.7133057117462158,0.2669180035591125,0.352856695652008
S2B_MSIL2A_20210918T065619_R063_T39QXG_20210918T182437_0000.jpg,S2B_MSIL2A_20210918T065619_R063_T39QXG_20210918T182437,0,0.6133289506114834,2021-09,2021-09-18,T39QXG,0.7133057117462158,0.2669180035591125,0.352856695652008
S2B_MSIL2A_20210918T065619_R063_T39QXG_20210918T182437_0001.jpg,S2B_MSIL2A_20210918T065619_R063_T39QXG_20210918T182437,0,0.6133289506114834,2021-09,2021-09-18,T39QXG,0.7133057117462158,0.2669180035591125,0.352856695652008
S2A_MSIL2A_20210913T065621_R063_T39QXG_20210913T211924_0000.jpg,S2A_MSIL2A_20210913T065621_R063_T39QXG_20210913T211924,0,0.0341093012318283,2021-09,2021-09-13,T39QXG,0.7133057117462158,0.2669180035591125,0.352856695652008
S2A_MSIL2A_20210913T065621_R063_T39QXG_20210913T211924_0001.jpg,S2A_MSIL2A_20210913T065621_R063_T39QXG_20210913T211924,0,0.0341093012318283,2021-09,2021-09-13,T39QXG,0.7133057117462158,0.2669180035591125,0.352856695652008
S2B_MSIL2A_20210908T065619_R063_T39QXG_20210908T213712_0000.jpg,S2B_MSIL2A_20210908T065619_R063_T39QXG_20210908T213712,0,0.2294708919580025,2021-09,2021-09-08,T39QXG,0.7133057117462158,0.2669180035591125,0.352856695652008
S2B_MSIL2A_20210908T065619_R063_T39QXG_20210908T213712_0001.jpg,S2B_MSIL2A_20210908T065619_R063_T39QXG_20210908T213712,0,0.2294708919580025,2021-09,2021-09-08,T39QXG,0.7133057117462158,0.2669180035591125,0.352856695652008
S2A_MSIL2A_20210903T065621_R063_T39QXG_20210903T164501_0000.jpg,S2A_MSIL2A_20210903T065621_R063_T39QXG_20210903T164501,0,0.0194093362645172,2021-09,2021-09-03,T39QXG,0.7133057117462158,0.2669180035591125,0.352856695652008
S2A_MSIL2A_20210903T065621_R063_T39QXG_20210903T164501_0001.jpg,S2A_MSIL2A_20210903T065621_R063_T39QXG_20210903T164501,0,0.0194093362645172,2021-09,2021-09-03,T39QXG,0.7133057117462158,0.2669180035591125,0.352856695652008
S2B_MSIL2A_20210829T065619_R063_T39QXG_20210829T203957_0000.jpg,S2B_MSIL2A_20210829T065619_R063_T39QXG_20210829T203957,0,0.0011267620516503,2021-08,2021-08-29,T39QXG,0.5055291652679443,0.2209579199552536,0.4078102111816406
S2B_MSIL2A_20210829T065619_R063_T39QXG_20210829T203957_0001.jpg,S2B_MSIL2A_20210829T065619_R063_T39QXG_20210829T203957,0,0.0011267620516503,2021-08,2021-08-29,T39QXG,0.5055291652679443,0.2209579199552536,0.4078102111816406
S2A_MSIL2A_20210824T065621_R063_T39QXG_20210824T155101_0000.jpg,S2A_MSIL2A_20210824T065621_R063_T39QXG_20210824T155101,0,0.0005401835131097,2021-08,2021-08-24,T39QXG,0.5055291652679443,0.2209579199552536,0.4078102111816406
S2A_MSIL2A_20210824T065621_R063_T39QXG_20210824T155101_0001.jpg,S2A_MSIL2A_20210824T065621_R063_T39QXG_20210824T155101,0,0.0005401835131097,2021-08,2021-08-24,T39QXG,0.5055291652679443,0.2209579199552536,0.4078102111816406
S2B_MSIL2A_20210819T065619_R063_T39QXG_20210819T181500_0000.jpg,S2B_MSIL2A_20210819T065619_R063_T39QXG_20210819T181500,0,0.0029516941161707,2021-08,2021-08-19,T39QXG,0.5055291652679443,0.2209579199552536,0.4078102111816406
S2B_MSIL2A_20210819T065619_R063_T39QXG_20210819T181500_0001.jpg,S2B_MSIL2A_20210819T065619_R063_T39QXG_20210819T181500,0,0.0029516941161707,2021-08,2021-08-19,T39QXG,0.5055291652679443,0.2209579199552536,0.4078102111816406
S2A_MSIL2A_20210814T065631_R063_T39QXG_20210814T183828_0000.jpg,S2A_MSIL2A_20210814T065631_R063_T39QXG_20210814T183828,0,0.0042752238504488,2021-08,2021-08-14,T39QXG,0.5055291652679443,0.2209579199552536,0.4078102111816406
S2A_MSIL2A_20210814T065631_R063_T39QXG_20210814T183828_0001.jpg,S2A_MSIL2A_20210814T065631_R063_T39QXG_20210814T183828,0,0.0042752238504488,2021-08,2021-08-14,T39QXG,0.5055291652679443,0.2209579199552536,0.4078102111816406
S2A_MSIL2A_20210804T065631_R063_T39QXG_20210804T174443_0000.jpg,S2A_MSIL2A_20210804T065631_R063_T39QXG_20210804T174443,0,0.0818972655941495,2021-08,2021-08-04,T39QXG,0.5055291652679443,0.2209579199552536,0.4078102111816406
S2A_MSIL2A_20210804T065631_R063_T39QXG_20210804T174443_0001.jpg,S2A_MSIL2A_20210804T065631_R063_T39QXG_20210804T174443,0,0.0818972655941495,2021-08,2021-08-04,T39QXG,0.5055291652679443,0.2209579199552536,0.4078102111816406
S2B_MSIL2A_20210730T065629_R063_T39QXG_20210730T184548_0000.jpg,S2B_MSIL2A_20210730T065629_R063_T39QXG_20210730T184548,0,0.0002000310430534,2021-07,2021-07-30,T39QXG,,,
S2B_MSIL2A_20210730T065629_R063_T39QXG_20210730T184548_0001.jpg,S2B_MSIL2A_20210730T065629_R063_T39QXG_20210730T184548,0,0.0002000310430534,2021-07,2021-07-30,T39QXG,,,
S2A_MSIL2A_20210725T065631_R063_T39QXG_20210726T051413_0000.jpg,S2A_MSIL2A_20210725T065631_R063_T39QXG_20210726T051413,0,0.0435193210402083,2021-07,2021-07-25,T39QXG,,,
S2A_MSIL2A_20210725T065631_R063_T39QXG_20210726T051413_0001.jpg,S2A_MSIL2A_20210725T065631_R063_T39QXG_20210726T051413,0,0.0435193210402083,2021-07,2021-07-25,T39QXG,,,
S2B_MSIL2A_20210720T065629_R063_T39QXG_20210720T171952_0000.jpg,S2B_MSIL2A_20210720T065629_R063_T39QXG_20210720T171952,0,0.0105932461679457,2021-07,2021-07-20,T39QXG,,,
S2B_MSIL2A_20210720T065629_R063_T39QXG_20210720T171952_0001.jpg,S2B_MSIL2A_20210720T065629_R063_T39QXG_20210720T171952,0,0.0105932461679457,2021-07,2021-07-20,T39QXG,,,
S2B_MSIL2A_20210630T065629_R063_T39QXG_20210701T040612_0000.jpg,S2B_MSIL2A_20210630T065629_R063_T39QXG_20210701T040612,0,0.0011829378163937,2021-06,2021-06-30,T39QXG,,,
S2B_MSIL2A_20210630T065629_R063_T39QXG_20210701T040612_0001.jpg,S2B_MSIL2A_20210630T065629_R063_T39QXG_20210701T040612,0,0.0011829378163937,2021-06,2021-06-30,T39QXG,,,
S2A_MSIL2A_20220928T065651_R063_T39QXG_20240730T192859_0000.jpg,S2A_MSIL2A_20220928T065651_R063_T39QXG_20240730T192859,0,0.0116125141330746,2022-09,2022-09-28,T39QXG,,,
S2A_MSIL2A_20220928T065651_R063_T39QXG_20240730T192859_0001.jpg,S2A_MSIL2A_20220928T065651_R063_T39QXG_20240730T192859,0,0.0116125141330746,2022-09,2022-09-28,T39QXG,,,
S2A_MSIL2A_20220928T065651_R063_T39QXG_20220928T234907_0000.jpg,S2A_MSIL2A_20220928T065651_R063_T39QXG_20220928T234907,0,0.0227737245745706,2022-09,2022-09-28,T39QXG,,,
S2A_MSIL2A_20220928T065651_R063_T39QXG_20220928T234907_0001.jpg,S2A_MSIL2A_20220928T065651_R063_T39QXG_20220928T234907,0,0.0227737245745706,2022-09,2022-09-28,T39QXG,,,
S2B_MSIL2A_20220923T065629_R063_T39QXG_20240725T151945_0000.jpg,S2B_MSIL2A_20220923T065629_R063_T39QXG_20240725T151945,0,0.128084254971368,2022-09,2022-09-23,T39QXG,,,
S2B_MSIL2A_20220923T065629_R063_T39QXG_20240725T151945_0001.jpg,S2B_MSIL2A_20220923T065629_R063_T39QXG_20240725T151945,0,0.128084254971368,2022-09,2022-09-23,T39QXG,,,
S2B_MSIL2A_20220923T065629_R063_T39QXG_20220924T000152_0000.jpg,S2B_MSIL2A_20220923T065629_R063_T39QXG_20220924T000152,0,0.0464495680271321,2022-09,2022-09-23,T39QXG,,,
S2B_MSIL2A_20220923T065629_R063_T39QXG_20220924T000152_0001.jpg,S2B_MSIL2A_20220923T065629_R063_T39QXG_20220924T000152,0,0.0464495680271321,2022-09,2022-09-23,T39QXG,,,
S2A_MSIL2A_20220918T065631_R063_T39QXG_20240729T142658_0000.jpg,S2A_MSIL2A_20220918T065631_R063_T39QXG_20240729T142658,0,0.0557847444256392,2022-09,2022-09-18,T39QXG,,,
S2A_MSIL2A_20220918T065631_R063_T39QXG_20240729T142658_0001.jpg,S2A_MSIL2A_20220918T065631_R063_T39QXG_20240729T142658,0,0.0557847444256392,2022-09,2022-09-18,T39QXG,,,
S2A_MSIL2A_20220918T065631_R063_T39QXG_20220919T032927_0000.jpg,S2A_MSIL2A_20220918T065631_R063_T39QXG_20220919T032927,0,0.2263003787573361,2022-09,2022-09-18,T39QXG,,,
S2A_MSIL2A_20220918T065631_R063_T39QXG_20220919T032927_0001.jpg,S2A_MSIL2A_20220918T065631_R063_T39QXG_20220919T032927,0,0.2263003787573361,2022-09,2022-09-18,T39QXG,,,
S2B_MSIL2A_20220913T065629_R063_T39QXG_20240726T171436_0000.jpg,S2B_MSIL2A_20220913T065629_R063_T39QXG_20240726T171436,0,0.0074555011076107,2022-09,2022-09-13,T39QXG,,,
S2B_MSIL2A_20220913T065629_R063_T39QXG_20240726T171436_0001.jpg,S2B_MSIL2A_20220913T065629_R063_T39QXG_20240726T171436,0,0.0074555011076107,2022-09,2022-09-13,T39QXG,,,
S2B_MSIL2A_20220913T065629_R063_T39QXG_20220913T171218_0000.jpg,S2B_MSIL2A_20220913T065629_R063_T39QXG_20220913T171218,0,0.0069808884619941,2022-09,2022-09-13,T39QXG,,,
S2B_MSIL2A_20220913T065629_R063_T39QXG_20220913T171218_0001.jpg,S2B_MSIL2A_20220913T065629_R063_T39QXG_20220913T171218,0,0.0069808884619941,2022-09,2022-09-13,T39QXG,,,
S2A_MSIL2A_20220908T065631_R063_T39QXG_20220911T052036_0000.jpg,S2A_MSIL2A_20220908T065631_R063_T39QXG_20220911T052036,0,0.0226476666741999,2022-09,2022-09-08,T39QXG,,,
S2A_MSIL2A_20220908T065631_R063_T39QXG_20220911T052036_0001.jpg,S2A_MSIL2A_20220908T065631_R063_T39QXG_20220911T052036,0,0.0226476666741999,2022-09,2022-09-08,T39QXG,,,
S2B_MSIL2A_20220903T065629_R063_T39QXG_20220903T175254_0000.jpg,S2B_MSIL2A_20220903T065629_R063_T39QXG_20220903T175254,0,0.0083413058959506,2022-09,2022-09-03,T39QXG,,,
S2B_MSIL2A_20220903T065629_R063_T39QXG_20220903T175254_0001.jpg,S2B_MSIL2A_20220903T065629_R063_T39QXG_20220903T175254,0,0.0083413058959506,2022-09,2022-09-03,T39QXG,,,
S2A_MSIL2A_20220829T065641_R063_T39QXG_20240718T033121_0000.jpg,S2A_MSIL2A_20220829T065641_R063_T39QXG_20240718T033121,0,0.0100104454283495,2022-08,2022-08-29,T39QXG,,,
S2A_MSIL2A_20220829T065641_R063_T39QXG_20240718T033121_0001.jpg,S2A_MSIL2A_20220829T065641_R063_T39QXG_20240718T033121,0,0.0100104454283495,2022-08,2022-08-29,T39QXG,,,
S2A_MSIL2A_20220829T065641_R063_T39QXG_20220830T225205_0000.jpg,S2A_MSIL2A_20220829T065641_R063_T39QXG_20220830T225205,0,0.0203394573726184,2022-08,2022-08-29,T39QXG,,,
S2A_MSIL2A_20220829T065641_R063_T39QXG_20220830T225205_0001.jpg,S2A_MSIL2A_20220829T065641_R063_T39QXG_20220830T225205,0,0.0203394573726184,2022-08,2022-08-29,T39QXG,,,
S2B_MSIL2A_20220824T065619_R063_T39QXG_20220825T015302_0000.jpg,S2B_MSIL2A_20220824T065619_R063_T39QXG_20220825T015302,0,0.0089895485340059,2022-08,2022-08-24,T39QXG,,,
S2B_MSIL2A_20220824T065619_R063_T39QXG_20220825T015302_0001.jpg,S2B_MSIL2A_20220824T065619_R063_T39QXG_20220825T015302,0,0.0089895485340059,2022-08,2022-08-24,T39QXG,,,
S2A_MSIL2A_20220819T065641_R063_T39QXG_20240720T015827_0000.jpg,S2A_MSIL2A_20220819T065641_R063_T39QXG_20240720T015827,0,0.0393656439573259,2022-08,2022-08-19,T39QXG,,,
S2A_MSIL2A_20220819T065641_R063_T39QXG_20240720T015827_0001.jpg,S2A_MSIL2A_20220819T065641_R063_T39QXG_20240720T015827,0,0.0393656439573259,2022-08,2022-08-19,T39QXG,,,
S2A_MSIL2A_20220819T065641_R063_T39QXG_20220819T215726_0000.jpg,S2A_MSIL2A_20220819T065641_R063_T39QXG_20220819T215726,0,0.0064438727248457,2022-08,2022-08-19,T39QXG,,,
S2A_MSIL2A_20220819T065641_R063_T39QXG_20220819T215726_0001.jpg,S2A_MSIL2A_20220819T065641_R063_T39QXG_20220819T215726,0,0.0064438727248457,2022-08,2022-08-19,T39QXG,,,
S2B_MSIL2A_20220814T065629_R063_T39QXG_20240704T011425_0000.jpg,S2B_MSIL2A_20220814T065629_R063_T39QXG_20240704T011425,0,0.0081057355546327,2022-08,2022-08-14,T39QXG,,,
S2B_MSIL2A_20220814T065629_R063_T39QXG_20240704T011425_0001.jpg,S2B_MSIL2A_20220814T065629_R063_T39QXG_20240704T011425,0,0.0081057355546327,2022-08,2022-08-14,T39QXG,,,
S2B_MSIL2A_20220814T065629_R063_T39QXG_20220814T151723_0000.jpg,S2B_MSIL2A_20220814T065629_R063_T39QXG_20220814T151723,0,0.0045645731666408,2022-08,2022-08-14,T39QXG,,,
S2B_MSIL2A_20220814T065629_R063_T39QXG_20220814T151723_0001.jpg,S2B_MSIL2A_20220814T065629_R063_T39QXG_20220814T151723,0,0.0045645731666408,2022-08,2022-08-14,T39QXG,,,
S2B_MSIL2A_20230928T065649_R063_T39QXG_20241102T043937_0000.jpg,S2B_MSIL2A_20230928T065649_R063_T39QXG_20241102T043937,0,0.0013627899958942,2023-09,2023-09-28,T39QXG,0.9698286056518556,0.2929335236549377,0.7035166025161743
S2B_MSIL2A_20230928T065649_R063_T39QXG_20241102T043937_0001.jpg,S2B_MSIL2A_20230928T065649_R063_T39QXG_20241102T043937,0,0.0013627899958942,2023-09,2023-09-28,T39QXG,0.9698286056518556,0.2929335236549377,0.7035166025161743
S2B_MSIL2A_20230928T065649_R063_T39QXG_20230928T122354_0000.jpg,S2B_MSIL2A_20230928T065649_R063_T39QXG_20230928T122354,0,0.0324600782199731,2023-09,2023-09-28,T39QXG,0.9698286056518556,0.2929335236549377,0.7035166025161743
S2B_MSIL2A_20230928T065649_R063_T39QXG_20230928T122354_0001.jpg,S2B_MSIL2A_20230928T065649_R063_T39QXG_20230928T122354,0,0.0324600782199731,2023-09,2023-09-28,T39QXG,0.9698286056518556,0.2929335236549377,0.7035166025161743
S2A_MSIL2A_20230923T065621_R063_T39QXG_20241028T071613_0000.jpg,S2A_MSIL2A_20230923T065621_R063_T39QXG_20241028T071613,0,0.0106320278517308,2023-09,2023-09-23,T39QXG,0.9698286056518556,0.2929335236549377,0.7035166025161743
S2A_MSIL2A_20230923T065621_R063_T39QXG_20241028T071613_0001.jpg,S2A_MSIL2A_20230923T065621_R063_T39QXG_20241028T071613,0,0.0106320278517308,2023-09,2023-09-23,T39QXG,0.9698286056518556,0.2929335236549377,0.7035166025161743
S2A_MSIL2A_20230923T065621_R063_T39QXG_20230923T121348_0000.jpg,S2A_MSIL2A_20230923T065621_R063_T39QXG_20230923T121348,0,0.5048844391066323,2023-09,2023-09-23,T39QXG,0.9698286056518556,0.2929335236549377,0.7035166025161743
S2A_MSIL2A_20230923T065621_R063_T39QXG_20230923T121348_0001.jpg,S2A_MSIL2A_20230923T065621_R063_T39QXG_20230923T121348,0,0.5048844391066323,2023-09,2023-09-23,T39QXG,0.9698286056518556,0.2929335236549377,0.7035166025161743
S2B_MSIL2A_20230918T065629_R063_T39QXG_20241025T081232_0000.jpg,S2B_MSIL2A_20230918T065629_R063_T39QXG_20241025T081232,0,0.0374883302056123,2023-09,2023-09-18,T39QXG,0.9698286056518556,0.2929335236549377,0.7035166025161743
S2B_MSIL2A_20230918T065629_R063_T39QXG_20241025T081232_0001.jpg,S2B_MSIL2A_20230918T065629_R063_T39QXG_20241025T081232,0,0.0374883302056123,2023-09,2023-09-18,T39QXG,0.9698286056518556,0.2929335236549377,0.7035166025161743
S2B_MSIL2A_20230918T065629_R063_T39QXG_20230918T153259_0000.jpg,S2B_MSIL2A_20230918T065629_R063_T39QXG_20230918T153259,0,0.1057351197814372,2023-09,2023-09-18,T39QXG,0.9698286056518556,0.2929335236549377,0.7035166025161743
S2B_MSIL2A_20230918T065629_R063_T39QXG_20230918T153259_0001.jpg,S2B_MSIL2A_20230918T065629_R063_T39QXG_20230918T153259,0,0.1057351197814372,2023-09,2023-09-18,T39QXG,0.9698286056518556,0.2929335236549377,0.7035166025161743
S2A_MSIL2A_20230913T065631_R063_T39QXG_20241027T165012_0000.jpg,S2A_MSIL2A_20230913T065631_R063_T39QXG_20241027T165012,0,0.0440359853711999,2023-09,2023-09-13,T39QXG,0.9698286056518556,0.2929335236549377,0.7035166025161743
S2A_MSIL2A_20230913T065631_R063_T39QXG_20241027T165012_0001.jpg,S2A_MSIL2A_20230913T065631_R063_T39QXG_20241027T165012,0,0.0440359853711999,2023-09,2023-09-13,T39QXG,0.9698286056518556,0.2929335236549377,0.7035166025161743
S2A_MSIL2A_20230913T065631_R063_T39QXG_20230913T132300_0000.jpg,S2A_MSIL2A_20230913T065631_R063_T39QXG_20230913T132300,0,0.0196480212660813,2023-09,2023-09-13,T39QXG,0.9698286056518556,0.2929335236549377,0.7035166025161743
S2A_MSIL2A_20230913T065631_R063_T39QXG_20230913T132300_0001.jpg,S2A_MSIL2A_20230913T065631_R063_T39QXG_20230913T132300,0,0.0196480212660813,2023-09,2023-09-13,T39QXG,0.9698286056518556,0.2929335236549377,0.7035166025161743
S2B_MSIL2A_20230908T065629_R063_T39QXG_20241023T151834_0000.jpg,S2B_MSIL2A_20230908T065629_R063_T39QXG_20241023T151834,0,0.0098496774107712,2023-09,2023-09-08,T39QXG,0.9698286056518556,0.2929335236549377,0.7035166025161743
S2B_MSIL2A_20230908T065629_R063_T39QXG_20241023T151834_0001.jpg,S2B_MSIL2A_20230908T065629_R063_T39QXG_20241023T151834,0,0.0098496774107712,2023-09,2023-09-08,T39QXG,0.9698286056518556,0.2929335236549377,0.7035166025161743
S2B_MSIL2A_20230908T065629_R063_T39QXG_20230908T143733_0000.jpg,S2B_MSIL2A_20230908T065629_R063_T39QXG_20230908T143733,0,0.0499224234933147,2023-09,2023-09-08,T39QXG,0.9698286056518556,0.2929335236549377,0.7035166025161743
S2B_MSIL2A_20230908T065629_R063_T39QXG_20230908T143733_0001.jpg,S2B_MSIL2A_20230908T065629_R063_T39QXG_20230908T143733,0,0.0499224234933147,2023-09,2023-09-08,T39QXG,0.9698286056518556,0.2929335236549377,0.7035166025161743
S2A_MSIL2A_20230903T065631_R063_T39QXG_20241030T165920_0000.jpg,S2A_MSIL2A_20230903T065631_R063_T39QXG_20241030T165920,0,0.0264829078356708,2023-09,2023-09-03,T39QXG,0.9698286056518556,0.2929335236549377,0.7035166025161743
S2A_MSIL2A_20230903T065631_R063_T39QXG_20241030T165920_0001.jpg,S2A_MSIL2A_20230903T065631_R063_T39QXG_20241030T165920,0,0.0264829078356708,2023-09,2023-09-03,T39QXG,0.9698286056518556,0.2929335236549377,0.7035166025161743
S2A_MSIL2A_20230903T065631_R063_T39QXG_20230903T134044_0000.jpg,S2A_MSIL2A_20230903T065631_R063_T39QXG_20230903T134044,0,0.0261166965700486,2023-09,2023-09-03,T39QXG,0.9698286056518556,0.2929335236549377,0.7035166025161743
S2A_MSIL2A_20230903T065631_R063_T39QXG_20230903T134044_0001.jpg,S2A_MSIL2A_20230903T065631_R063_T39QXG_20230903T134044,0,0.0261166965700486,2023-09,2023-09-03,T39QXG,0.9698286056518556,0.2929335236549377,0.7035166025161743
S2B_MSIL2A_20230829T065629_R063_T39QXG_20241017T113451_0000.jpg,S2B_MSIL2A_20230829T065629_R063_T39QXG_20241017T113451,0,0.00889476113824,2023-08,2023-08-29,T39QXG,0.9530699253082277,0.2128881514072418,0.5799945592880249
S2B_MSIL2A_20230829T065629_R063_T39QXG_20241017T113451_0001.jpg,S2B_MSIL2A_20230829T065629_R063_T39QXG_20241017T113451,0,0.00889476113824,2023-08,2023-08-29,T39QXG,0.9530699253082277,0.2128881514072418,0.5799945592880249
S2B_MSIL2A_20230829T065629_R063_T39QXG_20230829T131134_0000.jpg,S2B_MSIL2A_20230829T065629_R063_T39QXG_20230829T131134,0,0.0033848073556574,2023-08,2023-08-29,T39QXG,0.9530699253082277,0.2128881514072418,0.5799945592880249
S2B_MSIL2A_20230829T065629_R063_T39QXG_20230829T131134_0001.jpg,S2B_MSIL2A_20230829T065629_R063_T39QXG_20230829T131134,0,0.0033848073556574,2023-08,2023-08-29,T39QXG,0.9530699253082277,0.2128881514072418,0.5799945592880249
S2A_MSIL2A_20230824T065631_R063_T39QXG_20241025T152112_0000.jpg,S2A_MSIL2A_20230824T065631_R063_T39QXG_20241025T152112,0,0.0297723892683587,2023-08,2023-08-24,T39QXG,0.9530699253082277,0.2128881514072418,0.5799945592880249
S2A_MSIL2A_20230824T065631_R063_T39QXG_20241025T152112_0001.jpg,S2A_MSIL2A_20230824T065631_R063_T39QXG_20241025T152112,0,0.0297723892683587,2023-08,2023-08-24,T39QXG,0.9530699253082277,0.2128881514072418,0.5799945592880249
S2A_MSIL2A_20230824T065631_R063_T39QXG_20230824T150407_0000.jpg,S2A_MSIL2A_20230824T065631_R063_T39QXG_20230824T150407,0,0.000821310272618,2023-08,2023-08-24,T39QXG,0.9530699253082277,0.2128881514072418,0.5799945592880249
S2A_MSIL2A_20230824T065631_R063_T39QXG_20230824T150407_0001.jpg,S2A_MSIL2A_20230824T065631_R063_T39QXG_20230824T150407,0,0.000821310272618,2023-08,2023-08-24,T39QXG,0.9530699253082277,0.2128881514072418,0.5799945592880249
S2A_MSIL2A_20240927T065641_R063_T39QXG_20240927T112652_0000.jpg,S2A_MSIL2A_20240927T065641_R063_T39QXG_20240927T112652,0,0.1111250856598668,2024-09,2024-09-27,T39QXG,,,
S2A_MSIL2A_20240927T065641_R063_T39QXG_20240927T112652_0001.jpg,S2A_MSIL2A_20240927T065641_R063_T39QXG_20240927T112652,0,0.1111250856598668,2024-09,2024-09-27,T39QXG,,,
S2B_MSIL2A_20240922T065619_R063_T39QXG_20240922T102739_0000.jpg,S2B_MSIL2A_20240922T065619_R063_T39QXG_20240922T102739,0,0.1178602331804084,2024-09,2024-09-22,T39QXG,,,
S2B_MSIL2A_20240922T065619_R063_T39QXG_20240922T102739_0001.jpg,S2B_MSIL2A_20240922T065619_R063_T39QXG_20240922T102739,0,0.1178602331804084,2024-09,2024-09-22,T39QXG,,,
S2B_MSIL2A_20240912T065619_R063_T39QXG_20240912T130211_0000.jpg,S2B_MSIL2A_20240912T065619_R063_T39QXG_20240912T130211,0,0.0357575842731496,2024-09,2024-09-12,T39QXG,,,
S2B_MSIL2A_20240912T065619_R063_T39QXG_20240912T130211_0001.jpg,S2B_MSIL2A_20240912T065619_R063_T39QXG_20240912T130211,0,0.0357575842731496,2024-09,2024-09-12,T39QXG,,,
S2A_MSIL2A_20240907T065621_R063_T39QXG_20240907T115459_0000.jpg,S2A_MSIL2A_20240907T065621_R063_T39QXG_20240907T115459,0,0.0066415560531199,2024-09,2024-09-07,T39QXG,,,
S2A_MSIL2A_20240907T065621_R063_T39QXG_20240907T115459_0001.jpg,S2A_MSIL2A_20240907T065621_R063_T39QXG_20240907T115459,0,0.0066415560531199,2024-09,2024-09-07,T39QXG,,,
S2B_MSIL2A_20240902T065629_R063_T39QXG_20240902T111143_0000.jpg,S2B_MSIL2A_20240902T065629_R063_T39QXG_20240902T111143,0,0.0115310943505891,2024-09,2024-09-02,T39QXG,,,
S2B_MSIL2A_20240902T065629_R063_T39QXG_20240902T111143_0001.jpg,S2B_MSIL2A_20240902T065629_R063_T39QXG_20240902T111143,0,0.0115310943505891,2024-09,2024-09-02,T39QXG,,,
S2A_MSIL2A_20240828T065621_R063_T39QXG_20240828T121854_0000.jpg,S2A_MSIL2A_20240828T065621_R063_T39QXG_20240828T121854,0,0.0081420326333737,2024-08,2024-08-28,T39QXG,,,
S2A_MSIL2A_20240828T065621_R063_T39QXG_20240828T121854_0001.jpg,S2A_MSIL2A_20240828T065621_R063_T39QXG_20240828T121854,0,0.0081420326333737,2024-08,2024-08-28,T39QXG,,,
S2B_MSIL2A_20240823T065619_R063_T39QXG_20240823T113539_0000.jpg,S2B_MSIL2A_20240823T065619_R063_T39QXG_20240823T113539,0,0.1147120435529717,2024-08,2024-08-23,T39QXG,,,
S2B_MSIL2A_20240823T065619_R063_T39QXG_20240823T113539_0001.jpg,S2B_MSIL2A_20240823T065619_R063_T39QXG_20240823T113539,0,0.1147120435529717,2024-08,2024-08-23,T39QXG,,,
S2B_MSIL2A_20240813T065629_R063_T39QXG_20240813T121221_0000.jpg,S2B_MSIL2A_20240813T065629_R063_T39QXG_20240813T121221,0,0.0018905361875173,2024-08,2024-08-13,T39QXG,,,
S2B_MSIL2A_20240813T065629_R063_T39QXG_20240813T121221_0001.jpg,S2B_MSIL2A_20240813T065629_R063_T39QXG_20240813T121221,0,0.0018905361875173,2024-08,2024-08-13,T39QXG,,,
S2A_MSIL2A_20240808T065621_R063_T39QXG_20240808T130850_0000.jpg,S2A_MSIL2A_20240808T065621_R063_T39QXG_20240808T130850,0,0.0032033210463249,2024-08,2024-08-08,T39QXG,,,
S2A_MSIL2A_20240808T065621_R063_T39QXG_20240808T130850_0001.jpg,S2A_MSIL2A_20240808T065621_R063_T39QXG_20240808T130850,0,0.0032033210463249,2024-08,2024-08-08,T39QXG,,,
S2A_MSIL2A_20240719T065621_R063_T39QXG_20240719T132007_0000.jpg,S2A_MSIL2A_20240719T065621_R063_T39QXG_20240719T132007,0,0.0016366755516264,2024-07,2024-07-19,T39QXG,0.8564781546592712,0.1454531550407409,0.6385074853897095
S2A_MSIL2A_20240719T065621_R063_T39QXG_20240719T132007_0001.jpg,S2A_MSIL2A_20240719T065621_R063_T39QXG_20240719T132007,0,0.0016366755516264,2024-07,2024-07-19,T39QXG,0.8564781546592712,0.1454531550407409,0.6385074853897095
S2B_MSIL2A_20240714T065619_R063_T39QXG_20240714T115201_0000.jpg,S2B_MSIL2A_20240714T065619_R063_T39QXG_20240714T115201,0,0.0013446769981955,2024-07,2024-07-14,T39QXG,0.8564781546592712,0.1454531550407409,0.6385074853897095
S2B_MSIL2A_20240714T065619_R063_T39QXG_20240714T115201_0001.jpg,S2B_MSIL2A_20240714T065619_R063_T39QXG_20240714T115201,0,0.0013446769981955,2024-07,2024-07-14,T39QXG,0.8564781546592712,0.1454531550407409,0.6385074853897095
S2B_MSIL2A_20240704T065629_R063_T39QXG_20240705T224349_0000.jpg,S2B_MSIL2A_20240704T065629_R063_T39QXG_20240705T224349,0,0.0002550013523023,2024-07,2024-07-04,T39QXG,0.8564781546592712,0.1454531550407409,0.6385074853897095
S2B_MSIL2A_20240704T065629_R063_T39QXG_20240705T224349_0001.jpg,S2B_MSIL2A_20240704T065629_R063_T39QXG_20240705T224349,0,0.0002550013523023,2024-07,2024-07-04,T39QXG,0.8564781546592712,0.1454531550407409,0.6385074853897095
S2B_MSIL2A_20240624T065629_R063_T39QXG_20240624T103302_0000.jpg,S2B_MSIL2A_20240624T065629_R063_T39QXG_20240624T103302,0,0.0031636075551165,2024-06,2024-06-24,T39QXG,0.8265953660011292,0.2020796686410904,0.4341848194599151
S2B_MSIL2A_20240624T065629_R063_T39QXG_20240624T103302_0001.jpg,S2B_MSIL2A_20240624T065629_R063_T39QXG_20240624T103302,0,0.0031636075551165,2024-06,2024-06-24,T39QXG,0.8265953660011292,0.2020796686410904,0.4341848194599151
S2A_MSIL2A_20240619T065631_R063_T39QXG_20240619T131334_0000.jpg,S2A_MSIL2A_20240619T065631_R063_T39QXG_20240619T131334,0,0.0009593445882592,2024-06,2024-06-19,T39QXG,0.8265953660011292,0.2020796686410904,0.4341848194599151
S2A_MSIL2A_20240619T065631_R063_T39QXG_20240619T131334_0001.jpg,S2A_MSIL2A_20240619T065631_R063_T39QXG_20240619T131334,0,0.0009593445882592,2024-06,2024-06-19,T39QXG,0.8265953660011292,0.2020796686410904,0.4341848194599151
S2B_MSIL2A_20180328T065919_R063_T39QXG_20201013T154107_0000.jpg,S2B_MSIL2A_20180328T065919_R063_T39QXG_20201013T154107,0,0.0280161640524762,2018-03,2018-03-28,T39QXG,0.9822163581848145,0.3404324650764465,0.6619933843612671
S2B_MSIL2A_20180328T065919_R063_T39QXG_20201013T154107_0001.jpg,S2B_MSIL2A_20180328T065919_R063_T39QXG_20201013T154107,0,0.0280161640524762,2018-03,2018-03-28,T39QXG,0.9822163581848145,0.3404324650764465,0.6619933843612671
S2A_MSIL2A_20180323T065621_R063_T39QXG_20201013T125706_0000.jpg,S2A_MSIL2A_20180323T065621_R063_T39QXG_20201013T125706,0,0.0024379906824059,2018-03,2018-03-23,T39QXG,0.9822163581848145,0.3404324650764465,0.6619933843612671
S2A_MSIL2A_20180323T065621_R063_T39QXG_20201013T125706_0001.jpg,S2A_MSIL2A_20180323T065621_R063_T39QXG_20201013T125706,0,0.0024379906824059,2018-03,2018-03-23,T39QXG,0.9822163581848145,0.3404324650764465,0.6619933843612671
S2B_MSIL2A_20180318T065619_R063_T39QXG_20201013T105007_0000.jpg,S2B_MSIL2A_20180318T065619_R063_T39QXG_20201013T105007,0,0.0173406935430049,2018-03,2018-03-18,T39QXG,0.9822163581848145,0.3404324650764465,0.6619933843612671
S2B_MSIL2A_20180318T065619_R063_T39QXG_20201013T105007_0001.jpg,S2B_MSIL2A_20180318T065619_R063_T39QXG_20201013T105007,0,0.0173406935430049,2018-03,2018-03-18,T39QXG,0.9822163581848145,0.3404324650764465,0.6619933843612671
S2A_MSIL2A_20180313T065651_R063_T39QXG_20201013T082101_0000.jpg,S2A_MSIL2A_20180313T065651_R063_T39QXG_20201013T082101,0,0.1938071673850226,2018-03,2018-03-13,T39QXG,0.9822163581848145,0.3404324650764465,0.6619933843612671
S2A_MSIL2A_20180313T065651_R063_T39QXG_20201013T082101_0001.jpg,S2A_MSIL2A_20180313T065651_R063_T39QXG_20201013T082101,0,0.1938071673850226,2018-03,2018-03-13,T39QXG,0.9822163581848145,0.3404324650764465,0.6619933843612671
S2B_MSIL2A_20180308T065719_R063_T39QXG_20201013T080744_0000.jpg,S2B_MSIL2A_20180308T065719_R063_T39QXG_20201013T080744,0,0.0012493192923715,2018-03,2018-03-08,T39QXG,0.9822163581848145,0.3404324650764465,0.6619933843612671
S2B_MSIL2A_20180308T065719_R063_T39QXG_20201013T080744_0001.jpg,S2B_MSIL2A_20180308T065719_R063_T39QXG_20201013T080744,0,0.0012493192923715,2018-03,2018-03-08,T39QXG,0.9822163581848145,0.3404324650764465,0.6619933843612671
S2A_MSIL2A_20180303T065801_R063_T39QXG_20201013T055226_0000.jpg,S2A_MSIL2A_20180303T065801_R063_T39QXG_20201013T055226,1,1.0,2018-03,2018-03-03,T39QXG,0.9822163581848145,0.3404324650764465,0.6619933843612671
S2A_MSIL2A_20180303T065801_R063_T39QXG_20201013T055226_0001.jpg,S2A_MSIL2A_20180303T065801_R063_T39QXG_20201013T055226,1,1.0,2018-03,2018-03-03,T39QXG,0.9822163581848145,0.3404324650764465,0.6619933843612671
S2B_MSIL2A_20180226T065829_R063_T39QXG_20201104T154320_0000.jpg,S2B_MSIL2A_20180226T065829_R063_T39QXG_20201104T154320,1,1.0,2018-02,2018-02-26,T39QXG,,,
S2B_MSIL2A_20180226T065829_R063_T39QXG_20201104T154320_0001.jpg,S2B_MSIL2A_20180226T065829_R063_T39QXG_20201104T154320,1,1.0,2018-02,2018-02-26,T39QXG,,,
S2A_MSIL2A_20180221T065911_R063_T39QXG_20201013T234500_0000.jpg,S2A_MSIL2A_20180221T065911_R063_T39QXG_20201013T234500,0,0.3139374105747451,2018-02,2018-02-21,T39QXG,,,
S2A_MSIL2A_20180221T065911_R063_T39QXG_20201013T234500_0001.jpg,S2A_MSIL2A_20180221T065911_R063_T39QXG_20201013T234500,0,0.3139374105747451,2018-02,2018-02-21,T39QXG,,,
S2B_MSIL2A_20180216T065929_R063_T39QXG_20201013T220228_0000.jpg,S2B_MSIL2A_20180216T065929_R063_T39QXG_20201013T220228,0,0.3851824231876752,2018-02,2018-02-16,T39QXG,,,
S2B_MSIL2A_20180216T065929_R063_T39QXG_20201013T220228_0001.jpg,S2B_MSIL2A_20180216T065929_R063_T39QXG_20201013T220228,0,0.3851824231876752,2018-02,2018-02-16,T39QXG,,,
S2A_MSIL2A_20180211T070021_R063_T39QXG_20201026T022414_0000.jpg,S2A_MSIL2A_20180211T070021_R063_T39QXG_20201026T022414,0,0.0151645539564278,2018-02,2018-02-11,T39QXG,,,
S2A_MSIL2A_20180211T070021_R063_T39QXG_20201026T022414_0001.jpg,S2A_MSIL2A_20180211T070021_R063_T39QXG_20201026T022414,0,0.0151645539564278,2018-02,2018-02-11,T39QXG,,,
S2A_MSIL2A_20180201T070111_R063_T39QXG_20201013T174623_0000.jpg,S2A_MSIL2A_20180201T070111_R063_T39QXG_20201013T174623,0,0.0017843249943003,2018-02,2018-02-01,T39QXG,,,
S2A_MSIL2A_20180201T070111_R063_T39QXG_20201013T174623_0001.jpg,S2A_MSIL2A_20180201T070111_R063_T39QXG_20201013T174623,0,0.0017843249943003,2018-02,2018-02-01,T39QXG,,,
S2B_MSIL2A_20180127T070139_R063_T39QXG_20201014T091640_0000.jpg,S2B_MSIL2A_20180127T070139_R063_T39QXG_20201014T091640,0,0.9384048359865736,2018-01,2018-01-27,T39QXG,0.9553364515304564,0.1341497153043747,0.4333246350288391
S2B_MSIL2A_20180127T070139_R063_T39QXG_20201014T091640_0001.jpg,S2B_MSIL2A_20180127T070139_R063_T39QXG_20201014T091640,0,0.9384048359865736,2018-01,2018-01-27,T39QXG,0.9553364515304564,0.1341497153043747,0.4333246350288391
S2B_MSIL2A_20180117T070219_R063_T39QXG_20201014T062903_0000.jpg,S2B_MSIL2A_20180117T070219_R063_T39QXG_20201014T062903,0,0.3005459321176446,2018-01,2018-01-17,T39QXG,0.9553364515304564,0.1341497153043747,0.4333246350288391
S2B_MSIL2A_20180117T070219_R063_T39QXG_20201014T062903_0001.jpg,S2B_MSIL2A_20180117T070219_R063_T39QXG_20201014T062903,0,0.3005459321176446,2018-01,2018-01-17,T39QXG,0.9553364515304564,0.1341497153043747,0.4333246350288391
S2A_MSIL2A_20180112T070231_R063_T39QXG_20201014T050638_0000.jpg,S2A_MSIL2A_20180112T070231_R063_T39QXG_20201014T050638,0,0.786315794209776,2018-01,2018-01-12,T39QXG,0.9553364515304564,0.1341497153043747,0.4333246350288391
S2A_MSIL2A_20180112T070231_R063_T39QXG_20201014T050638_0001.jpg,S2A_MSIL2A_20180112T070231_R063_T39QXG_20201014T050638,0,0.786315794209776,2018-01,2018-01-12,T39QXG,0.9553364515304564,0.1341497153043747,0.4333246350288391
S2B_MSIL2A_20180107T070249_R063_T39QXG_20201014T040002_0000.jpg,S2B_MSIL2A_20180107T070249_R063_T39QXG_20201014T040002,0,0.1548149208035395,2018-01,2018-01-07,T39QXG,0.9553364515304564,0.1341497153043747,0.4333246350288391
S2B_MSIL2A_20180107T070249_R063_T39QXG_20201014T040002_0001.jpg,S2B_MSIL2A_20180107T070249_R063_T39QXG_20201014T040002,0,0.1548149208035395,2018-01,2018-01-07,T39QXG,0.9553364515304564,0.1341497153043747,0.4333246350288391
S2B_MSIL2A_20171228T070259_R063_T39QXG_20201014T170056_0000.jpg,S2B_MSIL2A_20171228T070259_R063_T39QXG_20201014T170056,0,0.7332698708312188,2017-12,2017-12-28,T39QXG,,,
S2B_MSIL2A_20171228T070259_R063_T39QXG_20201014T170056_0001.jpg,S2B_MSIL2A_20171228T070259_R063_T39QXG_20201014T170056,0,0.7332698708312188,2017-12,2017-12-28,T39QXG,,,
S2A_MSIL2A_20190318T065621_R063_T39QXG_20201007T074707_0000.jpg,S2A_MSIL2A_20190318T065621_R063_T39QXG_20201007T074707,0,0.051174874916722,2019-03,2019-03-18,T39QXG,,,
S2A_MSIL2A_20190318T065621_R063_T39QXG_20201007T074707_0001.jpg,S2A_MSIL2A_20190318T065621_R063_T39QXG_20201007T074707,0,0.051174874916722,2019-03,2019-03-18,T39QXG,,,
S2B_MSIL2A_20190313T065649_R063_T39QXG_20221118T122016_0000.jpg,S2B_MSIL2A_20190313T065649_R063_T39QXG_20221118T122016,0,0.0150341737819564,2019-03,2019-03-13,T39QXG,,,
S2B_MSIL2A_20190313T065649_R063_T39QXG_20221118T122016_0001.jpg,S2B_MSIL2A_20190313T065649_R063_T39QXG_20221118T122016,0,0.0150341737819564,2019-03,2019-03-13,T39QXG,,,
S2B_MSIL2A_20190313T065649_R063_T39QXG_20201007T061904_0000.jpg,S2B_MSIL2A_20190313T065649_R063_T39QXG_20201007T061904,0,0.0032061966983659,2019-03,2019-03-13,T39QXG,,,
S2B_MSIL2A_20190313T065649_R063_T39QXG_20201007T061904_0001.jpg,S2B_MSIL2A_20190313T065649_R063_T39QXG_20201007T061904,0,0.0032061966983659,2019-03,2019-03-13,T39QXG,,,
S2A_MSIL2A_20190308T065721_R063_T39QXG_20201007T042258_0000.jpg,S2A_MSIL2A_20190308T065721_R063_T39QXG_20201007T042258,0,0.0027973662445587,2019-03,2019-03-08,T39QXG,,,
S2A_MSIL2A_20190308T065721_R063_T39QXG_20201007T042258_0001.jpg,S2A_MSIL2A_20190308T065721_R063_T39QXG_20201007T042258,0,0.0027973662445587,2019-03,2019-03-08,T39QXG,,,
S2B_MSIL2A_20190303T065809_R063_T39QXG_20201030T112946_0000.jpg,S2B_MSIL2A_20190303T065809_R063_T39QXG_20201030T112946,0,0.0003472055643986,2019-03,2019-03-03,T39QXG,,,
S2B_MSIL2A_20190303T065809_R063_T39QXG_20201030T112946_0001.jpg,S2B_MSIL2A_20190303T065809_R063_T39QXG_20201030T112946,0,0.0003472055643986,2019-03,2019-03-03,T39QXG,,,
S2A_MSIL2A_20190226T065841_R063_T39QXG_20201007T204648_0000.jpg,S2A_MSIL2A_20190226T065841_R063_T39QXG_20201007T204648,0,0.1279856656863663,2019-02,2019-02-26,T39QXG,,,
S2A_MSIL2A_20190226T065841_R063_T39QXG_20201007T204648_0001.jpg,S2A_MSIL2A_20190226T065841_R063_T39QXG_20201007T204648,0,0.1279856656863663,2019-02,2019-02-26,T39QXG,,,
S2B_MSIL2A_20190221T065919_R063_T39QXG_20201007T191341_0000.jpg,S2B_MSIL2A_20190221T065919_R063_T39QXG_20201007T191341,0,0.0040296456133615,2019-02,2019-02-21,T39QXG,,,
S2B_MSIL2A_20190221T065919_R063_T39QXG_20201007T191341_0001.jpg,S2B_MSIL2A_20190221T065919_R063_T39QXG_20201007T191341,0,0.0040296456133615,2019-02,2019-02-21,T39QXG,,,
S2B_MSIL2A_20190211T070019_R063_T39QXG_20201007T155653_0000.jpg,S2B_MSIL2A_20190211T070019_R063_T39QXG_20201007T155653,0,0.00407215658774,2019-02,2019-02-11,T39QXG,,,
S2B_MSIL2A_20190211T070019_R063_T39QXG_20201007T155653_0001.jpg,S2B_MSIL2A_20190211T070019_R063_T39QXG_20201007T155653,0,0.00407215658774,2019-02,2019-02-11,T39QXG,,,
S2A_MSIL2A_20190206T070051_R063_T39QXG_20201007T142408_0000.jpg,S2A_MSIL2A_20190206T070051_R063_T39QXG_20201007T142408,0,0.0036626682748301,2019-02,2019-02-06,T39QXG,,,
S2A_MSIL2A_20190206T070051_R063_T39QXG_20201007T142408_0001.jpg,S2A_MSIL2A_20190206T070051_R063_T39QXG_20201007T142408,0,0.0036626682748301,2019-02,2019-02-06,T39QXG,,,
S2B_MSIL2A_20190201T070119_R063_T39QXG_20201029T235440_0000.jpg,S2B_MSIL2A_20190201T070119_R063_T39QXG_20201029T235440,0,0.0451703154645654,2019-02,2019-02-01,T39QXG,,,
S2B_MSIL2A_20190201T070119_R063_T39QXG_20201029T235440_0001.jpg,S2B_MSIL2A_20190201T070119_R063_T39QXG_20201029T235440,0,0.0451703154645654,2019-02,2019-02-01,T39QXG,,,
S2A_MSIL2A_20190127T070141_R063_T39QXG_20201008T050026_0000.jpg,S2A_MSIL2A_20190127T070141_R063_T39QXG_20201008T050026,0,0.0426120474518958,2019-01,2019-01-27,T39QXG,0.9635084271430968,0.2199016213417053,0.507189154624939
S2A_MSIL2A_20190127T070141_R063_T39QXG_20201008T050026_0001.jpg,S2A_MSIL2A_20190127T070141_R063_T39QXG_20201008T050026,0,0.0426120474518958,2019-01,2019-01-27,T39QXG,0.9635084271430968,0.2199016213417053,0.507189154624939
S2B_MSIL2A_20190122T070209_R063_T39QXG_20201008T034450_0000.jpg,S2B_MSIL2A_20190122T070209_R063_T39QXG_20201008T034450,0,0.6329625448140217,2019-01,2019-01-22,T39QXG,0.9635084271430968,0.2199016213417053,0.507189154624939
S2B_MSIL2A_20190122T070209_R063_T39QXG_20201008T034450_0001.jpg,S2B_MSIL2A_20190122T070209_R063_T39QXG_20201008T034450,0,0.6329625448140217,2019-01,2019-01-22,T39QXG,0.9635084271430968,0.2199016213417053,0.507189154624939
S2A_MSIL2A_20190117T070221_R063_T39QXG_20201008T021414_0000.jpg,S2A_MSIL2A_20190117T070221_R063_T39QXG_20201008T021414,0,0.7719430274915223,2019-01,2019-01-17,T39QXG,0.9635084271430968,0.2199016213417053,0.507189154624939
S2A_MSIL2A_20190117T070221_R063_T39QXG_20201008T021414_0001.jpg,S2A_MSIL2A_20190117T070221_R063_T39QXG_20201008T021414,0,0.7719430274915223,2019-01,2019-01-17,T39QXG,0.9635084271430968,0.2199016213417053,0.507189154624939
S2B_MSIL2A_20190112T070239_R063_T39QXG_20201008T005855_0000.jpg,S2B_MSIL2A_20190112T070239_R063_T39QXG_20201008T005855,0,0.0050721551218948,2019-01,2019-01-12,T39QXG,0.9635084271430968,0.2199016213417053,0.507189154624939
S2B_MSIL2A_20190112T070239_R063_T39QXG_20201008T005855_0001.jpg,S2B_MSIL2A_20190112T070239_R063_T39QXG_20201008T005855,0,0.0050721551218948,2019-01,2019-01-12,T39QXG,0.9635084271430968,0.2199016213417053,0.507189154624939
S2A_MSIL2A_20190107T070251_R063_T39QXG_20201007T232849_0000.jpg,S2A_MSIL2A_20190107T070251_R063_T39QXG_20201007T232849,0,0.4023960234776176,2019-01,2019-01-07,T39QXG,0.9635084271430968,0.2199016213417053,0.507189154624939
S2A_MSIL2A_20190107T070251_R063_T39QXG_20201007T232849_0001.jpg,S2A_MSIL2A_20190107T070251_R063_T39QXG_20201007T232849,0,0.4023960234776176,2019-01,2019-01-07,T39QXG,0.9635084271430968,0.2199016213417053,0.507189154624939
S2B_MSIL2A_20200327T065619_R063_T39QXG_20201027T114721_0000.jpg,S2B_MSIL2A_20200327T065619_R063_T39QXG_20201027T114721,0,0.0071200546815142,2020-03,2020-03-27,T39QXG,0.983535647392273,0.366296648979187,0.7602150440216064
S2B_MSIL2A_20200327T065619_R063_T39QXG_20201027T114721_0001.jpg,S2B_MSIL2A_20200327T065619_R063_T39QXG_20201027T114721,0,0.0071200546815142,2020-03,2020-03-27,T39QXG,0.983535647392273,0.366296648979187,0.7602150440216064
S2A_MSIL2A_20200322T065621_R063_T39QXG_20201014T192405_0000.jpg,S2A_MSIL2A_20200322T065621_R063_T39QXG_20201014T192405,0,0.0002840930972093,2020-03,2020-03-22,T39QXG,0.983535647392273,0.366296648979187,0.7602150440216064
S2A_MSIL2A_20200322T065621_R063_T39QXG_20201014T192405_0001.jpg,S2A_MSIL2A_20200322T065621_R063_T39QXG_20201014T192405,0,0.0002840930972093,2020-03,2020-03-22,T39QXG,0.983535647392273,0.366296648979187,0.7602150440216064
S2B_MSIL2A_20200317T065619_R063_T39QXG_20201010T111701_0000.jpg,S2B_MSIL2A_20200317T065619_R063_T39QXG_20201010T111701,0,0.0248565663708013,2020-03,2020-03-17,T39QXG,0.983535647392273,0.366296648979187,0.7602150440216064
S2B_MSIL2A_20200317T065619_R063_T39QXG_20201010T111701_0001.jpg,S2B_MSIL2A_20200317T065619_R063_T39QXG_20201010T111701,0,0.0248565663708013,2020-03,2020-03-17,T39QXG,0.983535647392273,0.366296648979187,0.7602150440216064
S2A_MSIL2A_20200312T065651_R063_T39QXG_20201006T204613_0000.jpg,S2A_MSIL2A_20200312T065651_R063_T39QXG_20201006T204613,0,0.0003743338907574,2020-03,2020-03-12,T39QXG,0.983535647392273,0.366296648979187,0.7602150440216064
S2A_MSIL2A_20200312T065651_R063_T39QXG_20201006T204613_0001.jpg,S2A_MSIL2A_20200312T065651_R063_T39QXG_20201006T204613,0,0.0003743338907574,2020-03,2020-03-12,T39QXG,0.983535647392273,0.366296648979187,0.7602150440216064
S2B_MSIL2A_20200307T065729_R063_T39QXG_20201003T195728_0000.jpg,S2B_MSIL2A_20200307T065729_R063_T39QXG_20201003T195728,0,0.0115760779884179,2020-03,2020-03-07,T39QXG,0.983535647392273,0.366296648979187,0.7602150440216064
S2B_MSIL2A_20200307T065729_R063_T39QXG_20201003T195728_0001.jpg,S2B_MSIL2A_20200307T065729_R063_T39QXG_20201003T195728,0,0.0115760779884179,2020-03,2020-03-07,T39QXG,0.983535647392273,0.366296648979187,0.7602150440216064
S2A_MSIL2A_20200302T065801_R063_T39QXG_20200926T020245_0000.jpg,S2A_MSIL2A_20200302T065801_R063_T39QXG_20200926T020245,0,0.0775195427569251,2020-03,2020-03-02,T39QXG,0.983535647392273,0.366296648979187,0.7602150440216064
S2A_MSIL2A_20200302T065801_R063_T39QXG_20200926T020245_0001.jpg,S2A_MSIL2A_20200302T065801_R063_T39QXG_20200926T020245,0,0.0775195427569251,2020-03,2020-03-02,T39QXG,0.983535647392273,0.366296648979187,0.7602150440216064
S2A_MSIL2A_20200221T065911_R063_T39QXG_20200927T132322_0000.jpg,S2A_MSIL2A_20200221T065911_R063_T39QXG_20200927T132322,0,0.0188879273248944,2020-02,2020-02-21,T39QXG,,,
S2A_MSIL2A_20200221T065911_R063_T39QXG_20200927T132322_0001.jpg,S2A_MSIL2A_20200221T065911_R063_T39QXG_20200927T132322,0,0.0188879273248944,2020-02,2020-02-21,T39QXG,,,
S2B_MSIL2A_20200216T065939_R063_T39QXG_20200929T114644_0000.jpg,S2B_MSIL2A_20200216T065939_R063_T39QXG_20200929T114644,0,0.0195942112905189,2020-02,2020-02-16,T39QXG,,,
S2B_MSIL2A_20200216T065939_R063_T39QXG_20200929T114644_0001.jpg,S2B_MSIL2A_20200216T065939_R063_T39QXG_20200929T114644,0,0.0195942112905189,2020-02,2020-02-16,T39QXG,,,
S2B_MSIL2A_20200206T070049_R063_T39QXG_20201001T025510_0000.jpg,S2B_MSIL2A_20200206T070049_R063_T39QXG_20201001T025510,0,0.0451017121071976,2020-02,2020-02-06,T39QXG,,,
S2A_MSIL2A_20200201T070111_R063_T39QXG_20200930T073942_0000.jpg,S2A_MSIL2A_20200201T070111_R063_T39QXG_20200930T073942,0,0.3613216772675748,2020-02,2020-02-01,T39QXG,,,
S2A_MSIL2A_20200201T070111_R063_T39QXG_20200930T073942_0001.jpg,S2A_MSIL2A_20200201T070111_R063_T39QXG_20200930T073942,0,0.3613216772675748,2020-02,2020-02-01,T39QXG,,,
S2B_MSIL2A_20200127T070139_R063_T39QXG_20201002T124936_0000.jpg,S2B_MSIL2A_20200127T070139_R063_T39QXG_20201002T124936,0,0.0465679816198777,2020-01,2020-01-27,T39QXG,,,
S2B_MSIL2A_20200127T070139_R063_T39QXG_20201002T124936_0001.jpg,S2B_MSIL2A_20200127T070139_R063_T39QXG_20201002T124936,0,0.0465679816198777,2020-01,2020-01-27,T39QXG,,,
S2A_MSIL2A_20200122T070201_R063_T39QXG_20201002T050518_0000.jpg,S2A_MSIL2A_20200122T070201_R063_T39QXG_20201002T050518,0,0.3357075851073891,2020-01,2020-01-22,T39QXG,,,
S2A_MSIL2A_20200122T070201_R063_T39QXG_20201002T050518_0001.jpg,S2A_MSIL2A_20200122T070201_R063_T39QXG_20201002T050518,0,0.3357075851073891,2020-01,2020-01-22,T39QXG,,,
S2B_MSIL2A_20200117T070219_R063_T39QXG_20201002T195630_0000.jpg,S2B_MSIL2A_20200117T070219_R063_T39QXG_20201002T195630,0,0.1443674018146012,2020-01,2020-01-17,T39QXG,,,
S2B_MSIL2A_20200117T070219_R063_T39QXG_20201002T195630_0001.jpg,S2B_MSIL2A_20200117T070219_R063_T39QXG_20201002T195630,0,0.1443674018146012,2020-01,2020-01-17,T39QXG,,,
S2A_MSIL2A_20200112T070241_R063_T39QXG_20201002T173508_0000.jpg,S2A_MSIL2A_20200112T070241_R063_T39QXG_20201002T173508,0,0.0255165558583559,2020-01,2020-01-12,T39QXG,,,
S2A_MSIL2A_20200112T070241_R063_T39QXG_20201002T173508_0001.jpg,S2A_MSIL2A_20200112T070241_R063_T39QXG_20201002T173508,0,0.0255165558583559,2020-01,2020-01-12,T39QXG,,,
S2B_MSIL2A_20200107T070249_R063_T39QXG_20201029T121541_0000.jpg,S2B_MSIL2A_20200107T070249_R063_T39QXG_20201029T121541,0,0.0239228222489673,2020-01,2020-01-07,T39QXG,,,
S2B_MSIL2A_20200107T070249_R063_T39QXG_20201029T121541_0001.jpg,S2B_MSIL2A_20200107T070249_R063_T39QXG_20201029T121541,0,0.0239228222489673,2020-01,2020-01-07,T39QXG,,,
S2A_MSIL2A_20200102T070301_R063_T39QXG_20201002T215142_0000.jpg,S2A_MSIL2A_20200102T070301_R063_T39QXG_20201002T215142,0,0.1496970962687511,2020-01,2020-01-02,T39QXG,,,
S2A_MSIL2A_20200102T070301_R063_T39QXG_20201002T215142_0001.jpg,S2A_MSIL2A_20200102T070301_R063_T39QXG_20201002T215142,0,0.1496970962687511,2020-01,2020-01-02,T39QXG,,,
S2A_MSIL2A_20210327T065621_R063_T39QXG_20210327T193611_0000.jpg,S2A_MSIL2A_20210327T065621_R063_T39QXG_20210327T193611,0,0.0154550465431762,2021-03,2021-03-27,T39QXG,,,
S2A_MSIL2A_20210327T065621_R063_T39QXG_20210327T193611_0001.jpg,S2A_MSIL2A_20210327T065621_R063_T39QXG_20210327T193611,0,0.0154550465431762,2021-03,2021-03-27,T39QXG,,,
S2B_MSIL2A_20210322T065619_R063_T39QXG_20210323T015515_0000.jpg,S2B_MSIL2A_20210322T065619_R063_T39QXG_20210323T015515,0,0.0095004089724556,2021-03,2021-03-22,T39QXG,,,
S2B_MSIL2A_20210322T065619_R063_T39QXG_20210323T015515_0001.jpg,S2B_MSIL2A_20210322T065619_R063_T39QXG_20210323T015515,0,0.0095004089724556,2021-03,2021-03-22,T39QXG,,,
S2A_MSIL2A_20210317T065621_R063_T39QXG_20210317T221928_0000.jpg,S2A_MSIL2A_20210317T065621_R063_T39QXG_20210317T221928,0,0.0183421176955831,2021-03,2021-03-17,T39QXG,,,
S2A_MSIL2A_20210317T065621_R063_T39QXG_20210317T221928_0001.jpg,S2A_MSIL2A_20210317T065621_R063_T39QXG_20210317T221928,0,0.0183421176955831,2021-03,2021-03-17,T39QXG,,,
S2B_MSIL2A_20210312T065659_R063_T39QXG_20210312T174530_0000.jpg,S2B_MSIL2A_20210312T065659_R063_T39QXG_20210312T174530,0,0.0014679079224821,2021-03,2021-03-12,T39QXG,,,
S2B_MSIL2A_20210312T065659_R063_T39QXG_20210312T174530_0001.jpg,S2B_MSIL2A_20210312T065659_R063_T39QXG_20210312T174530,0,0.0014679079224821,2021-03,2021-03-12,T39QXG,,,
S2A_MSIL2A_20210307T065731_R063_T39QXG_20210307T203727_0000.jpg,S2A_MSIL2A_20210307T065731_R063_T39QXG_20210307T203727,0,0.2619811800032803,2021-03,2021-03-07,T39QXG,,,
S2A_MSIL2A_20210307T065731_R063_T39QXG_20210307T203727_0001.jpg,S2A_MSIL2A_20210307T065731_R063_T39QXG_20210307T203727,0,0.2619811800032803,2021-03,2021-03-07,T39QXG,,,
S2B_MSIL2A_20210302T065809_R063_T39QXG_20210302T153932_0000.jpg,S2B_MSIL2A_20210302T065809_R063_T39QXG_20210302T153932,0,0.0137271876428737,2021-03,2021-03-02,T39QXG,,,
S2B_MSIL2A_20210302T065809_R063_T39QXG_20210302T153932_0001.jpg,S2B_MSIL2A_20210302T065809_R063_T39QXG_20210302T153932,0,0.0137271876428737,2021-03,2021-03-02,T39QXG,,,
S2A_MSIL2A_20210225T065851_R063_T39QXG_20210225T181931_0000.jpg,S2A_MSIL2A_20210225T065851_R063_T39QXG_20210225T181931,0,0.0206260734828318,2021-02,2021-02-25,T39QXG,0.9747042655944824,0.4642395973205566,0.8190670013427734
S2A_MSIL2A_20210225T065851_R063_T39QXG_20210225T181931_0001.jpg,S2A_MSIL2A_20210225T065851_R063_T39QXG_20210225T181931,0,0.0206260734828318,2021-02,2021-02-25,T39QXG,0.9747042655944824,0.4642395973205566,0.8190670013427734
S2A_MSIL2A_20210215T065951_R063_T39QXG_20210215T202348_0000.jpg,S2A_MSIL2A_20210215T065951_R063_T39QXG_20210215T202348,0,0.0902294076530034,2021-02,2021-02-15,T39QXG,0.9747042655944824,0.4642395973205566,0.8190670013427734
S2A_MSIL2A_20210215T065951_R063_T39QXG_20210215T202348_0001.jpg,S2A_MSIL2A_20210215T065951_R063_T39QXG_20210215T202348,0,0.0902294076530034,2021-02,2021-02-15,T39QXG,0.9747042655944824,0.4642395973205566,0.8190670013427734
S2A_MSIL2A_20210205T070051_R063_T39QXG_20210210T170018_0000.jpg,S2A_MSIL2A_20210205T070051_R063_T39QXG_20210210T170018,0,0.0049623778659423,2021-02,2021-02-05,T39QXG,0.9747042655944824,0.4642395973205566,0.8190670013427734
S2A_MSIL2A_20210205T070051_R063_T39QXG_20210210T170018_0001.jpg,S2A_MSIL2A_20210205T070051_R063_T39QXG_20210210T170018,0,0.0049623778659423,2021-02,2021-02-05,T39QXG,0.9747042655944824,0.4642395973205566,0.8190670013427734
S2B_MSIL2A_20210131T070119_R063_T39QXG_20210201T152028_0000.jpg,S2B_MSIL2A_20210131T070119_R063_T39QXG_20210201T152028,1,0.8504490079589525,2021-01,2021-01-31,T39QXG,,,
S2B_MSIL2A_20210131T070119_R063_T39QXG_20210201T152028_0001.jpg,S2B_MSIL2A_20210131T070119_R063_T39QXG_20210201T152028,1,0.8504490079589525,2021-01,2021-01-31,T39QXG,,,
S2A_MSIL2A_20210126T070151_R063_T39QXG_20210201T045017_0000.jpg,S2A_MSIL2A_20210126T070151_R063_T39QXG_20210201T045017,1,0.8484384818608975,2021-01,2021-01-26,T39QXG,,,
S2A_MSIL2A_20210126T070151_R063_T39QXG_20210201T045017_0001.jpg,S2A_MSIL2A_20210126T070151_R063_T39QXG_20210201T045017,1,0.8484384818608975,2021-01,2021-01-26,T39QXG,,,
S2B_MSIL2A_20210121T070209_R063_T39QXG_20210122T122053_0000.jpg,S2B_MSIL2A_20210121T070209_R063_T39QXG_20210122T122053,0,0.2621001352378203,2021-01,2021-01-21,T39QXG,,,
S2B_MSIL2A_20210121T070209_R063_T39QXG_20210122T122053_0001.jpg,S2B_MSIL2A_20210121T070209_R063_T39QXG_20210122T122053,0,0.2621001352378203,2021-01,2021-01-21,T39QXG,,,
S2A_MSIL2A_20210116T070231_R063_T39QXG_20210116T213026_0000.jpg,S2A_MSIL2A_20210116T070231_R063_T39QXG_20210116T213026,0,0.0271069055387521,2021-01,2021-01-16,T39QXG,,,
S2A_MSIL2A_20210116T070231_R063_T39QXG_20210116T213026_0001.jpg,S2A_MSIL2A_20210116T070231_R063_T39QXG_20210116T213026,0,0.0271069055387521,2021-01,2021-01-16,T39QXG,,,
S2B_MSIL2A_20210111T070249_R063_T39QXG_20210111T183409_0000.jpg,S2B_MSIL2A_20210111T070249_R063_T39QXG_20210111T183409,0,0.0221023820293146,2021-01,2021-01-11,T39QXG,,,
S2B_MSIL2A_20210111T070249_R063_T39QXG_20210111T183409_0001.jpg,S2B_MSIL2A_20210111T070249_R063_T39QXG_20210111T183409,0,0.0221023820293146,2021-01,2021-01-11,T39QXG,,,
S2B_MSIL2A_20220327T065619_R063_T39QXG_20220327T201724_0000.jpg,S2B_MSIL2A_20220327T065619_R063_T39QXG_20220327T201724,0,0.0010636746297069,2022-03,2022-03-27,T39QXG,0.9528538584709167,0.2414790987968444,0.6945462226867676
S2B_MSIL2A_20220327T065619_R063_T39QXG_20220327T201724_0001.jpg,S2B_MSIL2A_20220327T065619_R063_T39QXG_20220327T201724,0,0.0010636746297069,2022-03,2022-03-27,T39QXG,0.9528538584709167,0.2414790987968444,0.6945462226867676
S2A_MSIL2A_20220322T065631_R063_T39QXG_20240522T141858_0000.jpg,S2A_MSIL2A_20220322T065631_R063_T39QXG_20240522T141858,0,0.0037601727753132,2022-03,2022-03-22,T39QXG,0.9528538584709167,0.2414790987968444,0.6945462226867676
S2A_MSIL2A_20220322T065631_R063_T39QXG_20240522T141858_0001.jpg,S2A_MSIL2A_20220322T065631_R063_T39QXG_20240522T141858,0,0.0037601727753132,2022-03,2022-03-22,T39QXG,0.9528538584709167,0.2414790987968444,0.6945462226867676
S2A_MSIL2A_20220322T065631_R063_T39QXG_20220322T215023_0000.jpg,S2A_MSIL2A_20220322T065631_R063_T39QXG_20220322T215023,0,0.0002604618973398,2022-03,2022-03-22,T39QXG,0.9528538584709167,0.2414790987968444,0.6945462226867676
S2A_MSIL2A_20220322T065631_R063_T39QXG_20220322T215023_0001.jpg,S2A_MSIL2A_20220322T065631_R063_T39QXG_20220322T215023,0,0.0002604618973398,2022-03,2022-03-22,T39QXG,0.9528538584709167,0.2414790987968444,0.6945462226867676
S2B_MSIL2A_20220317T065619_R063_T39QXG_20240523T103231_0000.jpg,S2B_MSIL2A_20220317T065619_R063_T39QXG_20240523T103231,0,0.0039579004903295,2022-03,2022-03-17,T39QXG,0.9528538584709167,0.2414790987968444,0.6945462226867676
S2B_MSIL2A_20220317T065619_R063_T39QXG_20240523T103231_0001.jpg,S2B_MSIL2A_20220317T065619_R063_T39QXG_20240523T103231,0,0.0039579004903295,2022-03,2022-03-17,T39QXG,0.9528538584709167,0.2414790987968444,0.6945462226867676
S2B_MSIL2A_20220317T065619_R063_T39QXG_20220317T172218_0000.jpg,S2B_MSIL2A_20220317T065619_R063_T39QXG_20220317T172218,0,0.0007589203511561,2022-03,2022-03-17,T39QXG,0.9528538584709167,0.2414790987968444,0.6945462226867676
S2B_MSIL2A_20220317T065619_R063_T39QXG_20220317T172218_0001.jpg,S2B_MSIL2A_20220317T065619_R063_T39QXG_20220317T172218,0,0.0007589203511561,2022-03,2022-03-17,T39QXG,0.9528538584709167,0.2414790987968444,0.6945462226867676
S2A_MSIL2A_20220312T065701_R063_T39QXG_20240523T070747_0000.jpg,S2A_MSIL2A_20220312T065701_R063_T39QXG_20240523T070747,0,0.0010650621296246,2022-03,2022-03-12,T39QXG,0.9528538584709167,0.2414790987968444,0.6945462226867676
S2A_MSIL2A_20220312T065701_R063_T39QXG_20240523T070747_0001.jpg,S2A_MSIL2A_20220312T065701_R063_T39QXG_20240523T070747,0,0.0010650621296246,2022-03,2022-03-12,T39QXG,0.9528538584709167,0.2414790987968444,0.6945462226867676
S2A_MSIL2A_20220312T065701_R063_T39QXG_20220312T225303_0000.jpg,S2A_MSIL2A_20220312T065701_R063_T39QXG_20220312T225303,0,0.000470175814646,2022-03,2022-03-12,T39QXG,0.9528538584709167,0.2414790987968444,0.6945462226867676
S2A_MSIL2A_20220312T065701_R063_T39QXG_20220312T225303_0001.jpg,S2A_MSIL2A_20220312T065701_R063_T39QXG_20220312T225303,0,0.000470175814646,2022-03,2022-03-12,T39QXG,0.9528538584709167,0.2414790987968444,0.6945462226867676
S2B_MSIL2A_20220307T065729_R063_T39QXG_20240524T222725_0000.jpg,S2B_MSIL2A_20220307T065729_R063_T39QXG_20240524T222725,0,0.0034773454799272,2022-03,2022-03-07,T39QXG,0.9528538584709167,0.2414790987968444,0.6945462226867676
S2B_MSIL2A_20220307T065729_R063_T39QXG_20240524T222725_0001.jpg,S2B_MSIL2A_20220307T065729_R063_T39QXG_20240524T222725,0,0.0034773454799272,2022-03,2022-03-07,T39QXG,0.9528538584709167,0.2414790987968444,0.6945462226867676
S2B_MSIL2A_20220307T065729_R063_T39QXG_20220307T200029_0000.jpg,S2B_MSIL2A_20220307T065729_R063_T39QXG_20220307T200029,0,0.0083397312567677,2022-03,2022-03-07,T39QXG,0.9528538584709167,0.2414790987968444,0.6945462226867676
S2B_MSIL2A_20220307T065729_R063_T39QXG_20220307T200029_0001.jpg,S2B_MSIL2A_20220307T065729_R063_T39QXG_20220307T200029,0,0.0083397312567677,2022-03,2022-03-07,T39QXG,0.9528538584709167,0.2414790987968444,0.6945462226867676
S2A_MSIL2A_20220302T065811_R063_T39QXG_20240528T164922_0000.jpg,S2A_MSIL2A_20220302T065811_R063_T39QXG_20240528T164922,0,0.0136571175819765,2022-03,2022-03-02,T39QXG,0.9528538584709167,0.2414790987968444,0.6945462226867676
S2A_MSIL2A_20220302T065811_R063_T39QXG_20240528T164922_0001.jpg,S2A_MSIL2A_20220302T065811_R063_T39QXG_20240528T164922,0,0.0136571175819765,2022-03,2022-03-02,T39QXG,0.9528538584709167,0.2414790987968444,0.6945462226867676
S2A_MSIL2A_20220302T065811_R063_T39QXG_20220304T043204_0000.jpg,S2A_MSIL2A_20220302T065811_R063_T39QXG_20220304T043204,0,0.001966570936127,2022-03,2022-03-02,T39QXG,0.9528538584709167,0.2414790987968444,0.6945462226867676
S2A_MSIL2A_20220302T065811_R063_T39QXG_20220304T043204_0001.jpg,S2A_MSIL2A_20220302T065811_R063_T39QXG_20220304T043204,0,0.001966570936127,2022-03,2022-03-02,T39QXG,0.9528538584709167,0.2414790987968444,0.6945462226867676
S2B_MSIL2A_20220215T065949_R063_T39QXG_20220223T132730_0000.jpg,S2B_MSIL2A_20220215T065949_R063_T39QXG_20220223T132730,0,0.0332737750153042,2022-02,2022-02-15,T39QXG,,,
S2B_MSIL2A_20220215T065949_R063_T39QXG_20220223T132730_0001.jpg,S2B_MSIL2A_20220215T065949_R063_T39QXG_20220223T132730,0,0.0332737750153042,2022-02,2022-02-15,T39QXG,,,
S2A_MSIL2A_20220210T070031_R063_T39QXG_20220221T065843_0000.jpg,S2A_MSIL2A_20220210T070031_R063_T39QXG_20220221T065843,0,0.0602405516848537,2022-02,2022-02-10,T39QXG,,,
S2A_MSIL2A_20220210T070031_R063_T39QXG_20220221T065843_0001.jpg,S2A_MSIL2A_20220210T070031_R063_T39QXG_20220221T065843,0,0.0602405516848537,2022-02,2022-02-10,T39QXG,,,
S2B_MSIL2A_20230322T065629_R063_T39QXG_20240827T110952_0000.jpg,S2B_MSIL2A_20230322T065629_R063_T39QXG_20240827T110952,0,0.0004868920388384,2023-03,2023-03-22,T39QXG,,,
S2B_MSIL2A_20230322T065629_R063_T39QXG_20240827T110952_0001.jpg,S2B_MSIL2A_20230322T065629_R063_T39QXG_20240827T110952,0,0.0004868920388384,2023-03,2023-03-22,T39QXG,,,
S2B_MSIL2A_20230322T065629_R063_T39QXG_20230322T124101_0000.jpg,S2B_MSIL2A_20230322T065629_R063_T39QXG_20230322T124101,0,0.0001963773462028,2023-03,2023-03-22,T39QXG,,,
S2B_MSIL2A_20230322T065629_R063_T39QXG_20230322T124101_0001.jpg,S2B_MSIL2A_20230322T065629_R063_T39QXG_20230322T124101,0,0.0001963773462028,2023-03,2023-03-22,T39QXG,,,
S2A_MSIL2A_20230317T065621_R063_T39QXG_20230317T125717_0000.jpg,S2A_MSIL2A_20230317T065621_R063_T39QXG_20230317T125717,0,0.0062454730349109,2023-03,2023-03-17,T39QXG,,,
S2A_MSIL2A_20230317T065621_R063_T39QXG_20230317T125717_0001.jpg,S2A_MSIL2A_20230317T065621_R063_T39QXG_20230317T125717,0,0.0062454730349109,2023-03,2023-03-17,T39QXG,,,
S2B_MSIL2A_20230312T065709_R063_T39QXG_20240818T170744_0000.jpg,S2B_MSIL2A_20230312T065709_R063_T39QXG_20240818T170744,0,0.0020181812081997,2023-03,2023-03-12,T39QXG,,,
S2B_MSIL2A_20230312T065709_R063_T39QXG_20240818T170744_0001.jpg,S2B_MSIL2A_20230312T065709_R063_T39QXG_20240818T170744,0,0.0020181812081997,2023-03,2023-03-12,T39QXG,,,
S2B_MSIL2A_20230312T065709_R063_T39QXG_20230312T141426_0000.jpg,S2B_MSIL2A_20230312T065709_R063_T39QXG_20230312T141426,0,0.0515448569964784,2023-03,2023-03-12,T39QXG,,,
S2B_MSIL2A_20230312T065709_R063_T39QXG_20230312T141426_0001.jpg,S2B_MSIL2A_20230312T065709_R063_T39QXG_20230312T141426,0,0.0515448569964784,2023-03,2023-03-12,T39QXG,,,
S2A_MSIL2A_20230307T065731_R063_T39QXG_20240821T003413_0000.jpg,S2A_MSIL2A_20230307T065731_R063_T39QXG_20240821T003413,0,0.0232485670425799,2023-03,2023-03-07,T39QXG,,,
S2A_MSIL2A_20230307T065731_R063_T39QXG_20240821T003413_0001.jpg,S2A_MSIL2A_20230307T065731_R063_T39QXG_20240821T003413,0,0.0232485670425799,2023-03,2023-03-07,T39QXG,,,
S2A_MSIL2A_20230307T065731_R063_T39QXG_20230307T123902_0000.jpg,S2A_MSIL2A_20230307T065731_R063_T39QXG_20230307T123902,0,0.0038563975903402,2023-03,2023-03-07,T39QXG,,,
S2A_MSIL2A_20230307T065731_R063_T39QXG_20230307T123902_0001.jpg,S2A_MSIL2A_20230307T065731_R063_T39QXG_20230307T123902,0,0.0038563975903402,2023-03,2023-03-07,T39QXG,,,
S2A_MSIL2A_20230225T065851_R063_T39QXG_20230227T033301_0000.jpg,S2A_MSIL2A_20230225T065851_R063_T39QXG_20230227T033301,0,0.3304667408158587,2023-02,2023-02-25,T39QXG,0.9750441312789916,0.420430839061737,0.7670169472694397
S2A_MSIL2A_20230225T065851_R063_T39QXG_20230227T033301_0001.jpg,S2A_MSIL2A_20230225T065851_R063_T39QXG_20230227T033301,0,0.3304667408158587,2023-02,2023-02-25,T39QXG,0.9750441312789916,0.420430839061737,0.7670169472694397
S2B_MSIL2A_20230210T070029_R063_T39QXG_20240813T093046_0000.jpg,S2B_MSIL2A_20230210T070029_R063_T39QXG_20240813T093046,0,0.0111677869912047,2023-02,2023-02-10,T39QXG,0.9750441312789916,0.420430839061737,0.7670169472694397
S2B_MSIL2A_20230210T070029_R063_T39QXG_20240813T093046_0001.jpg,S2B_MSIL2A_20230210T070029_R063_T39QXG_20240813T093046,0,0.0111677869912047,2023-02,2023-02-10,T39QXG,0.9750441312789916,0.420430839061737,0.7670169472694397
S2B_MSIL2A_20230210T070029_R063_T39QXG_20230210T205643_0000.jpg,S2B_MSIL2A_20230210T070029_R063_T39QXG_20230210T205643,0,0.060047996819149,2023-02,2023-02-10,T39QXG,0.9750441312789916,0.420430839061737,0.7670169472694397
S2B_MSIL2A_20230210T070029_R063_T39QXG_20230210T205643_0001.jpg,S2B_MSIL2A_20230210T070029_R063_T39QXG_20230210T205643,0,0.060047996819149,2023-02,2023-02-10,T39QXG,0.9750441312789916,0.420430839061737,0.7670169472694397
S2A_MSIL2A_20230205T070101_R063_T39QXG_20240817T062535_0000.jpg,S2A_MSIL2A_20230205T070101_R063_T39QXG_20240817T062535,1,0.9418696852939934,2023-02,2023-02-05,T39QXG,0.9750441312789916,0.420430839061737,0.7670169472694397
S2A_MSIL2A_20230205T070101_R063_T39QXG_20240817T062535_0001.jpg,S2A_MSIL2A_20230205T070101_R063_T39QXG_20240817T062535,1,0.9418696852939934,2023-02,2023-02-05,T39QXG,0.9750441312789916,0.420430839061737,0.7670169472694397
S2A_MSIL2A_20230205T070101_R063_T39QXG_20230206T042309_0000.jpg,S2A_MSIL2A_20230205T070101_R063_T39QXG_20230206T042309,1,0.9089901569558044,2023-02,2023-02-05,T39QXG,0.9750441312789916,0.420430839061737,0.7670169472694397
S2A_MSIL2A_20230205T070101_R063_T39QXG_20230206T042309_0001.jpg,S2A_MSIL2A_20230205T070101_R063_T39QXG_20230206T042309,1,0.9089901569558044,2023-02,2023-02-05,T39QXG,0.9750441312789916,0.420430839061737,0.7670169472694397
S2B_MSIL2A_20230131T070119_R063_T39QXG_20230131T235314_0000.jpg,S2B_MSIL2A_20230131T070119_R063_T39QXG_20230131T235314,0,0.0424084946176345,2023-01,2023-01-31,T39QXG,0.9674692749977112,0.1165763437747955,0.611244797706604
S2B_MSIL2A_20230131T070119_R063_T39QXG_20230131T235314_0001.jpg,S2B_MSIL2A_20230131T070119_R063_T39QXG_20230131T235314,0,0.0424084946176345,2023-01,2023-01-31,T39QXG,0.9674692749977112,0.1165763437747955,0.611244797706604
S2B_MSIL2A_20240326T065619_R063_T39QXG_20240326T132139_0000.jpg,S2B_MSIL2A_20240326T065619_R063_T39QXG_20240326T132139,0,0.0020455420676943,2024-03,2024-03-26,T39QXG,0.9685680270195008,0.2952426075935364,0.6550579071044922
S2B_MSIL2A_20240326T065619_R063_T39QXG_20240326T132139_0001.jpg,S2B_MSIL2A_20240326T065619_R063_T39QXG_20240326T132139,0,0.0020455420676943,2024-03,2024-03-26,T39QXG,0.9685680270195008,0.2952426075935364,0.6550579071044922
S2A_MSIL2A_20240321T065621_R063_T39QXG_20240321T122014_0000.jpg,S2A_MSIL2A_20240321T065621_R063_T39QXG_20240321T122014,0,0.0081305752427628,2024-03,2024-03-21,T39QXG,0.9685680270195008,0.2952426075935364,0.6550579071044922
S2A_MSIL2A_20240321T065621_R063_T39QXG_20240321T122014_0001.jpg,S2A_MSIL2A_20240321T065621_R063_T39QXG_20240321T122014,0,0.0081305752427628,2024-03,2024-03-21,T39QXG,0.9685680270195008,0.2952426075935364,0.6550579071044922
S2B_MSIL2A_20240316T065629_R063_T39QXG_20240316T121959_0000.jpg,S2B_MSIL2A_20240316T065629_R063_T39QXG_20240316T121959,0,0.0001429051698929,2024-03,2024-03-16,T39QXG,0.9685680270195008,0.2952426075935364,0.6550579071044922
S2B_MSIL2A_20240316T065629_R063_T39QXG_20240316T121959_0001.jpg,S2B_MSIL2A_20240316T065629_R063_T39QXG_20240316T121959,0,0.0001429051698929,2024-03,2024-03-16,T39QXG,0.9685680270195008,0.2952426075935364,0.6550579071044922
S2A_MSIL2A_20240311T065701_R063_T39QXG_20240311T150535_0000.jpg,S2A_MSIL2A_20240311T065701_R063_T39QXG_20240311T150535,0,0.0016118205682087,2024-03,2024-03-11,T39QXG,0.9685680270195008,0.2952426075935364,0.6550579071044922
S2A_MSIL2A_20240311T065701_R063_T39QXG_20240311T150535_0001.jpg,S2A_MSIL2A_20240311T065701_R063_T39QXG_20240311T150535,0,0.0016118205682087,2024-03,2024-03-11,T39QXG,0.9685680270195008,0.2952426075935364,0.6550579071044922
S2B_MSIL2A_20240306T065739_R063_T39QXG_20240306T111016_0000.jpg,S2B_MSIL2A_20240306T065739_R063_T39QXG_20240306T111016,0,0.0027426989226302,2024-03,2024-03-06,T39QXG,0.9685680270195008,0.2952426075935364,0.6550579071044922
S2B_MSIL2A_20240306T065739_R063_T39QXG_20240306T111016_0001.jpg,S2B_MSIL2A_20240306T065739_R063_T39QXG_20240306T111016,0,0.0027426989226302,2024-03,2024-03-06,T39QXG,0.9685680270195008,0.2952426075935364,0.6550579071044922
S2A_MSIL2A_20240301T065821_R063_T39QXG_20240301T115335_0000.jpg,S2A_MSIL2A_20240301T065821_R063_T39QXG_20240301T115335,0,0.000137445080715,2024-03,2024-03-01,T39QXG,0.9685680270195008,0.2952426075935364,0.6550579071044922
S2A_MSIL2A_20240301T065821_R063_T39QXG_20240301T115335_0001.jpg,S2A_MSIL2A_20240301T065821_R063_T39QXG_20240301T115335,0,0.000137445080715,2024-03,2024-03-01,T39QXG,0.9685680270195008,0.2952426075935364,0.6550579071044922
S2A_MSIL2A_20240220T065921_R063_T39QXG_20240220T112915_0000.jpg,S2A_MSIL2A_20240220T065921_R063_T39QXG_20240220T112915,0,0.0148109913904146,2024-02,2024-02-20,T39QXG,0.7692483067512512,0.1802629232406616,0.4030987918376922
S2A_MSIL2A_20240220T065921_R063_T39QXG_20240220T112915_0001.jpg,S2A_MSIL2A_20240220T065921_R063_T39QXG_20240220T112915,0,0.0148109913904146,2024-02,2024-02-20,T39QXG,0.7692483067512512,0.1802629232406616,0.4030987918376922
S2B_MSIL2A_20240215T065959_R063_T39QXG_20240215T111952_0000.jpg,S2B_MSIL2A_20240215T065959_R063_T39QXG_20240215T111952,0,0.1083590399746695,2024-02,2024-02-15,T39QXG,0.7692483067512512,0.1802629232406616,0.4030987918376922
S2B_MSIL2A_20240215T065959_R063_T39QXG_20240215T111952_0001.jpg,S2B_MSIL2A_20240215T065959_R063_T39QXG_20240215T111952,0,0.1083590399746695,2024-02,2024-02-15,T39QXG,0.7692483067512512,0.1802629232406616,0.4030987918376922
S2A_MSIL2A_20240210T070031_R063_T39QXG_20240210T111914_0000.jpg,S2A_MSIL2A_20240210T070031_R063_T39QXG_20240210T111914,0,0.0095186974762408,2024-02,2024-02-10,T39QXG,0.7692483067512512,0.1802629232406616,0.4030987918376922
S2A_MSIL2A_20240210T070031_R063_T39QXG_20240210T111914_0001.jpg,S2A_MSIL2A_20240210T070031_R063_T39QXG_20240210T111914,0,0.0095186974762408,2024-02,2024-02-10,T39QXG,0.7692483067512512,0.1802629232406616,0.4030987918376922
S2A_MSIL2A_20240121T070211_R063_T39QXG_20240121T131026_0000.jpg,S2A_MSIL2A_20240121T070211_R063_T39QXG_20240121T131026,0,0.3702806944649812,2024-01,2024-01-21,T39QXG,,,
S2A_MSIL2A_20240121T070211_R063_T39QXG_20240121T131026_0001.jpg,S2A_MSIL2A_20240121T070211_R063_T39QXG_20240121T131026,0,0.3702806944649812,2024-01,2024-01-21,T39QXG,,,
S2A_MSIL2A_20240111T070241_R063_T39QXG_20240111T113149_0000.jpg,S2A_MSIL2A_20240111T070241_R063_T39QXG_20240111T113149,0,0.2266941437776701,2024-01,2024-01-11,T39QXG,,,
S2A_MSIL2A_20240111T070241_R063_T39QXG_20240111T113149_0001.jpg,S2A_MSIL2A_20240111T070241_R063_T39QXG_20240111T113149,0,0.2266941437776701,2024-01,2024-01-11,T39QXG,,,
S2B_MSIL2A_20240106T070259_R063_T39QXG_20240106T101530_0000.jpg,S2B_MSIL2A_20240106T070259_R063_T39QXG_20240106T101530,0,0.102739389805811,2024-01,2024-01-06,T39QXG,,,
S2B_MSIL2A_20240106T070259_R063_T39QXG_20240106T101530_0001.jpg,S2B_MSIL2A_20240106T070259_R063_T39QXG_20240106T101530,0,0.102739389805811,2024-01,2024-01-06,T39QXG,,,
S2A_MSIL2A_20240101T070301_R063_T39QXG_20240101T114458_0000.jpg,S2A_MSIL2A_20240101T070301_R063_T39QXG_20240101T114458,0,0.0659448128053979,2024-01,2024-01-01,T39QXG,,,
S2A_MSIL2A_20240101T070301_R063_T39QXG_20240101T114458_0001.jpg,S2A_MSIL2A_20240101T070301_R063_T39QXG_20240101T114458,0,0.0659448128053979,2024-01,2024-01-01,T39QXG,,,
S2B_MSIL2A_20231227T070309_R063_T39QXG_20231227T102112_0000.jpg,S2B_MSIL2A_20231227T070309_R063_T39QXG_20231227T102112,0,0.0824671532760371,2023-12,2023-12-27,T39QXG,0.9750342965126038,0.3285049498081207,0.6112419962882996
S2B_MSIL2A_20231227T070309_R063_T39QXG_20231227T102112_0001.jpg,S2B_MSIL2A_20231227T070309_R063_T39QXG_20231227T102112,0,0.0824671532760371,2023-12,2023-12-27,T39QXG,0.9750342965126038,0.3285049498081207,0.6112419962882996
S2C_MSIL2A_20250125T070221_R063_T39QXG_20250125T110112_0000.jpg,S2C_MSIL2A_20250125T070221_R063_T39QXG_20250125T110112,0,0.2523540251696592,2025-01,2025-01-25,T39QXG,0.945824384689331,0.4229849278926849,0.6854487657546997
S2C_MSIL2A_20250125T070221_R063_T39QXG_20250125T110112_0001.jpg,S2C_MSIL2A_20250125T070221_R063_T39QXG_20250125T110112,0,0.2523540251696592,2025-01,2025-01-25,T39QXG,0.945824384689331,0.4229849278926849,0.6854487657546997
S2A_MSIL2A_20250115T070231_R063_T39QXG_20250115T101359_0000.jpg,S2A_MSIL2A_20250115T070231_R063_T39QXG_20250115T101359,0,0.3108270745114087,2025-01,2025-01-15,T39QXG,0.945824384689331,0.4229849278926849,0.6854487657546997
S2A_MSIL2A_20250115T070231_R063_T39QXG_20250115T101359_0001.jpg,S2A_MSIL2A_20250115T070231_R063_T39QXG_20250115T101359,0,0.3108270745114087,2025-01,2025-01-15,T39QXG,0.945824384689331,0.4229849278926849,0.6854487657546997
S2B_MSIL2A_20250110T070149_R063_T39QXG_20250110T091744_0000.jpg,S2B_MSIL2A_20250110T070149_R063_T39QXG_20250110T091744,0,0.091363984481077,2025-01,2025-01-10,T39QXG,0.945824384689331,0.4229849278926849,0.6854487657546997
S2B_MSIL2A_20250110T070149_R063_T39QXG_20250110T091744_0001.jpg,S2B_MSIL2A_20250110T070149_R063_T39QXG_20250110T091744,0,0.091363984481077,2025-01,2025-01-10,T39QXG,0.945824384689331,0.4229849278926849,0.6854487657546997
S2A_MSIL2A_20250105T070301_R063_T39QXG_20250105T101308_0000.jpg,S2A_MSIL2A_20250105T070301_R063_T39QXG_20250105T101308,0,0.1378523439307149,2025-01,2025-01-05,T39QXG,0.945824384689331,0.4229849278926849,0.6854487657546997
S2A_MSIL2A_20250105T070301_R063_T39QXG_20250105T101308_0001.jpg,S2A_MSIL2A_20250105T070301_R063_T39QXG_20250105T101308,0,0.1378523439307149,2025-01,2025-01-05,T39QXG,0.945824384689331,0.4229849278926849,0.6854487657546997
S2A_MSIL2A_20241226T070311_R063_T39QXG_20241226T100152_0000.jpg,S2A_MSIL2A_20241226T070311_R063_T39QXG_20241226T100152,0,0.4359954992570209,2024-12,2024-12-26,T39QXG,0.955583930015564,0.3407657146453857,0.6122208833694458
S2A_MSIL2A_20241226T070311_R063_T39QXG_20241226T100152_0001.jpg,S2A_MSIL2A_20241226T070311_R063_T39QXG_20241226T100152,0,0.4359954992570209,2024-12,2024-12-26,T39QXG,0.955583930015564,0.3407657146453857,0.6122208833694458
