plant_id,month,n_chips,hab_mean,hab_p95,hab_max,frac_ge_05,frac_ge_08,risk
osm_way_449632054,2017-02,2,0.3541206880603397,0.3641541920777756,0.3652690258574907,0.0,0.0,low
osm_way_449632054,2017-04,2,0.3865394605123974,0.39145802264048535,0.3920045295436062,0.0,0.0,low
osm_way_449632054,2017-06,2,0.42389677904340795,0.43302951610774326,0.4340442646704472,0.0,0.0,medium
osm_way_449632054,2017-07,2,0.4211539207807129,0.4211539207807129,0.4211539207807129,0.0,0.0,medium
osm_way_449632054,2017-08,4,0.3799533508727669,0.41580079500397127,0.4182505092943596,0.0,0.0,medium
osm_way_449632054,2017-10,4,0.3816293996781799,0.39273670016234785,0.3948445341995593,0.0,0.0,medium
osm_way_449632054,2017-11,6,0.39190559801255714,0.40490304852608705,0.4068459465552435,0.0,0.0,medium
osm_way_449632054,2017-12,2,0.4604620119083112,0.46695164802977,0.4676727187099321,0.0,0.0,medium
osm_way_449632054,2018-01,4,0.3920708289578137,0.398494410499931,0.398494410499931,0.0,0.0,medium
osm_way_449632054,2018-02,4,0.43603258619589347,0.49650460618547576,0.4978309455134366,0.0,0.0,medium
osm_way_449632054,2018-03,2,0.3745494775553061,0.3784520786967735,0.3788857010458254,0.0,0.0,low
osm_way_449632054,2018-04,4,0.3846306315545829,0.4067148236746007,0.4080514779887755,0.0,0.0,medium
osm_way_449632054,2018-05,8,0.4389319169597931,0.5080768428862025,0.5080768428862025,0.25,0.0,medium
osm_way_449632054,2018-06,4,0.44573190813445956,0.4726969600427601,0.4750767929382913,0.0,0.0,medium
osm_way_449632054,2018-07,2,0.63707520312978,0.63707520312978,0.63707520312978,1.0,0.0,high
osm_way_449632054,2018-08,8,0.46578365571385294,0.5602672677861866,0.5602672677861866,0.375,0.0,high
osm_way_449632054,2018-09,6,0.3948405760517939,0.4118457062581223,0.4139133239972854,0.0,0.0,medium
osm_way_449632054,2018-10,4,0.37454322587705374,0.3854457022016003,0.3862954075080145,0.0,0.0,low
osm_way_449632054,2018-11,4,0.35065805238517406,0.37428354596615543,0.3768317244959377,0.0,0.0,low
osm_way_449632054,2018-12,2,0.4796059842538184,0.4796059842538184,0.4796059842538184,0.0,0.0,medium
osm_way_449632054,2019-01,4,0.40583081563222134,0.46278712412375467,0.4681526692823258,0.0,0.0,medium
osm_way_449632054,2019-02,4,0.3403731455641786,0.35136871805298087,0.3536601728282664,0.0,0.0,low
osm_way_449632054,2019-03,4,0.37337643049794716,0.38815656379358143,0.3897925983961266,0.0,0.0,low
osm_way_449632054,2019-04,6,0.38998902536930663,0.4139042024155341,0.4139042024155341,0.0,0.0,medium
osm_way_449632054,2019-05,4,0.3929800928978562,0.40446790978533237,0.4063176013439475,0.0,0.0,medium
osm_way_449632054,2019-06,6,0.4476994890886606,0.5174439897684763,0.5196528865587731,0.3333333333333333,0.0,medium
osm_way_449632054,2019-07,2,0.4855287340925427,0.5027791600780164,0.5046958740764024,0.5,0.0,medium
osm_way_449632054,2019-08,6,0.4294044520008531,0.5526519384847124,0.5629089656529638,0.3333333333333333,0.0,high
osm_way_449632054,2019-09,4,0.3927338205083647,0.4065980712166336,0.407811361258885,0.0,0.0,medium
osm_way_449632054,2019-10,6,0.3741180926832181,0.4039166231423521,0.4039166231423521,0.0,0.0,medium
osm_way_449632054,2019-11,2,0.4180360805434568,0.4180360805434568,0.4180360805434568,0.0,0.0,medium
osm_way_449632054,2019-12,2,0.3936629268784551,0.40091413680225857,0.4017198267937923,0.0,0.0,medium
osm_way_449632054,2020-01,2,0.4332321081263113,0.4332321081263113,0.4332321081263113,0.0,0.0,medium
osm_way_449632054,2020-03,6,0.3779208066748618,0.38705753764791506,0.3875604298936217,0.0,0.0,low
osm_way_449632054,2020-04,2,0.4056444135512249,0.41466074874420744,0.41566256376565,0.0,0.0,medium
osm_way_449632054,2020-05,8,0.42523456270306814,0.45083485645911936,0.4544947889503768,0.0,0.0,medium
osm_way_449632054,2020-06,4,0.40889727588242963,0.4283899984352848,0.4318848694961666,0.0,0.0,medium
osm_way_449632054,2020-07,4,0.43244062313645837,0.4621396796515178,0.4643909261346972,0.0,0.0,medium
osm_way_449632054,2020-08,4,0.4607249728522243,0.4892494080071313,0.4892494080071313,0.0,0.0,medium
osm_way_449632054,2020-09,8,0.41741593651488756,0.5081418178400553,0.5117051653832766,0.25,0.0,medium
osm_way_449632054,2020-10,4,0.391124408654158,0.4067824893455279,0.4074548026041214,0.0,0.0,medium
osm_way_449632054,2020-11,4,0.37998535657835497,0.390918646211886,0.3911382361642962,0.0,0.0,low
osm_way_449632054,2020-12,6,0.37416421706579617,0.38679508783605226,0.3871059423439204,0.0,0.0,low
osm_way_449632054,2021-01,4,0.4949882766637235,0.6087303358105027,0.6087303358105027,0.5,0.0,high
osm_way_449632054,2021-02,8,0.3927938152593402,0.45344438391636066,0.4617465628948005,0.0,0.0,medium
osm_way_449632054,2021-03,4,0.38785393618588415,0.40319765212451025,0.4054880293969889,0.0,0.0,medium
osm_way_449632054,2021-04,6,0.37707912457834486,0.38329079695190016,0.3839321662566809,0.0,0.0,low
osm_way_449632054,2021-05,4,0.4030846211652076,0.4237386644748916,0.4245257264069467,0.0,0.0,medium
osm_way_449632054,2021-06,6,0.4286577737095722,0.49164582723842953,0.502867969207572,0.16666666666666666,0.0,medium
osm_way_449632054,2021-07,2,0.3528498722343021,0.36157244552938456,0.3625416203399493,0.0,0.0,low
osm_way_449632054,2021-08,6,0.4507223050612677,0.5052303893262141,0.5077760097482408,0.16666666666666666,0.0,medium
osm_way_449632054,2021-09,4,0.41189323053767335,0.44538087380788666,0.4477500561183968,0.0,0.0,medium
osm_way_449632054,2021-10,6,0.36898723381999193,0.3836742702789199,0.3852152689438274,0.0,0.0,low
osm_way_449632054,2021-11,8,0.3826257666920075,0.39848485764362834,0.3990743544386179,0.0,0.0,medium
osm_way_449632054,2021-12,6,0.4043436601815355,0.4433029880491309,0.4477981078828805,0.0,0.0,medium
osm_way_449632054,2022-01,6,0.3564732805004182,0.3813191504395093,0.3813191504395093,0.0,0.0,low
osm_way_449632054,2022-02,6,0.33206456034148896,0.33893223004040485,0.3393763312436105,0.0,0.0,low
osm_way_449632054,2022-03,2,0.3927408198708747,0.4039571807459771,0.4052034430654329,0.0,0.0,medium
osm_way_449632054,2022-04,4,0.43847128650109596,0.5045606907059403,0.5045606907059403,0.5,0.0,medium
osm_way_449632054,2022-05,8,0.431699321351195,0.49324960511431315,0.5016324878019451,0.125,0.0,medium
osm_way_449632054,2022-06,6,0.3901049295230274,0.40295746600130616,0.4042494036918134,0.0,0.0,medium
osm_way_449632054,2022-07,6,0.4138195116795354,0.4892494080071313,0.4892494080071313,0.0,0.0,medium
osm_way_449632054,2022-08,4,0.40746215639579375,0.47630776613742754,0.4823419846741093,0.0,0.0,medium
osm_way_449632054,2022-09,6,0.3699224006179218,0.3799704122604079,0.3799704122604079,0.0,0.0,low
osm_way_449632054,2022-10,8,0.37583956190744,0.3965376981878177,0.4013225913693725,0.0,0.0,medium
osm_way_449632054,2022-11,2,0.4005139167942993,0.4012732935732268,0.4013576687708854,0.0,0.0,medium
osm_way_449632054,2022-12,2,0.38861486282125324,0.39642137545899236,0.3972887657520745,0.0,0.0,medium
osm_way_449632054,2023-01,2,0.4431228082062605,0.4431228082062605,0.4431228082062605,0.0,0.0,medium
osm_way_449632054,2023-03,2,0.3990199833248067,0.4030148980566696,0.4034587774713211,0.0,0.0,medium
osm_way_449632054,2023-04,4,0.3999291888493991,0.4171672886892298,0.4171672886892298,0.0,0.0,medium
osm_way_449632054,2023-05,6,0.41074200533339283,0.4295749214191607,0.4295749214191607,0.0,0.0,medium
osm_way_449632054,2023-06,4,0.4553694948559782,0.532407962804398,0.5354549376129764,0.5,0.0,medium
osm_way_449632054,2023-07,2,0.4435393015112903,0.4435393015112903,0.4435393015112903,0.0,0.0,medium
osm_way_449632054,2023-08,8,0.38065914852853305,0.414130024927095,0.4198527340689051,0.0,0.0,medium
osm_way_449632054,2023-09,8,0.38125731071423324,0.4046024324978493,0.4051948995623732,0.0,0.0,medium
osm_way_449632054,2023-10,2,0.3814578851449799,0.38846433864968083,0.3892428334835365,0.0,0.0,low
osm_way_449632054,2023-11,4,0.41405049932916616,0.4228494718495203,0.4240628311723824,0.0,0.0,medium
osm_way_449632054,2023-12,6,0.3993208788586728,0.4148112685513242,0.415795480286297,0.0,0.0,medium
osm_way_449632054,2024-01,4,0.43679332720899927,0.4896891028173116,0.4939114257091078,0.0,0.0,medium
osm_way_449632054,2024-02,4,0.3541739956503335,0.36748706435682127,0.3687115299978536,0.0,0.0,low
osm_way_449632054,2024-03,4,0.39415692559843846,0.39886320647884405,0.3999318776033795,0.0,0.0,medium
osm_way_449632054,2024-04,4,0.3911016501623755,0.4064158740262675,0.4077522085418251,0.0,0.0,medium
osm_way_449632054,2024-05,4,0.46343065591194066,0.5130334349525116,0.5130334349525116,0.5,0.0,medium
osm_way_449632054,2024-06,8,0.42860728643255996,0.5465873068690417,0.5490622783074953,0.25,0.0,high
osm_way_449632054,2024-07,2,0.625534273787622,0.625534273787622,0.625534273787622,1.0,0.0,high
osm_way_449632054,2024-08,4,0.5066606043595069,0.6170751070617408,0.6170751070617408,0.5,0.0,high
osm_way_449632054,2024-09,4,0.40372224514844407,0.42610241773346313,0.4287197367547585,0.0,0.0,medium
osm_way_449632054,2024-10,4,0.37294672821595665,0.4032343255134691,0.4054083277569374,0.0,0.0,medium
osm_way_449632054,2024-12,6,0.3865534187273036,0.3992454879609188,0.3992454879609188,0.0,0.0,medium
