tile,scene_id,hab_label,p_tab,datetime,date_key,month_key,region_key,frcnn_r50,frcnn_mb,frcnn_ssd
S2B_MSIL2A_20170909T065619_R063_T39QXG_20210201T223815_0000.jpg,S2B_MSIL2A_20170909T065619_R063_T39QXG_20210201T223815,1,0.5637064603578306,2017-09-09 06:56:19.027000+00:00,2017-09-09 06:56:19.027,2017-09,T39QXG,0.9754769206047058,0.3487369120121002,0.7956363558769226
S2A_MSIL2A_20170825T065621_R063_T39QXG_20210201T094547_0000.jpg,S2A_MSIL2A_20170825T065621_R063_T39QXG_20210201T094547,1,0.4079738158933425,2017-08-25 06:56:21.026000+00:00,2017-08-25 06:56:21.026,2017-08,T39QXG,0.39655571679274243,0.24321274459362027,0.45780391494433087
S2B_MSIL2A_20170820T065619_R063_T39QXG_20201015T042237_0000.jpg,S2B_MSIL2A_20170820T065619_R063_T39QXG_20201015T042237,0,0.4211006128073691,2017-08-20 06:56:19.027000+00:00,2017-08-20 06:56:19.027,2017-08,T39QXG,0.39655571679274243,0.24321274459362027,0.45780391494433087
S2A_MSIL2A_20170805T065621_R063_T39QXG_20210210T194556_0000.jpg,S2A_MSIL2A_20170805T065621_R063_T39QXG_20210210T194556,0,0.4046991096786643,2017-08-05 06:56:21.026000+00:00,2017-08-05 06:56:21.026,2017-08,T39QXG,0.39655571679274243,0.24321274459362027,0.45780391494433087
S2B_MSIL2A_20170731T065619_R063_T39QXG_20210210T172720_0000.jpg,S2B_MSIL2A_20170731T065619_R063_T39QXG_20210210T172720,1,0.436166637163638,2017-07-31 06:56:19.027000+00:00,2017-07-31 06:56:19.027,2017-07,T39QXG,0.7057780623435974,0.2137039750814438,0.385426789522171
S2A_MSIL2A_20170626T065621_R063_T39QXG_20210210T014612_0000.jpg,S2A_MSIL2A_20170626T065621_R063_T39QXG_20210210T014612,0,0.3853368995615804,2017-06-26 06:56:21.026000+00:00,2017-06-26 06:56:21.026,2017-06,T39QXG,0.68767149746418,0.20621932297945017,0.5244205519556999
S2A_MSIL2A_20170606T065621_R063_T39QXG_20210209T205041_0000.jpg,S2A_MSIL2A_20170606T065621_R063_T39QXG_20210209T205041,1,0.5060881066605246,2017-06-06 06:56:21.026000+00:00,2017-06-06 06:56:21.026,2017-06,T39QXG,0.68767149746418,0.20621932297945017,0.5244205519556999
S2A_MSIL2A_20180929T065651_R063_T39QXG_20201009T060705_0000.jpg,S2A_MSIL2A_20180929T065651_R063_T39QXG_20201009T060705,0,0.76449967286238,2018-09-29 06:56:51.024000+00:00,2018-09-29 06:56:51.024,2018-09,T39QXG,0.9810630679130554,0.3488015234470367,0.7660241723060608
S2B_MSIL2A_20180924T065619_R063_T39QXG_20201009T042750_0000.jpg,S2B_MSIL2A_20180924T065619_R063_T39QXG_20201009T042750,0,0.8334755984301307,2018-09-24 06:56:19.024000+00:00,2018-09-24 06:56:19.024,2018-09,T39QXG,0.9810630679130554,0.3488015234470367,0.7660241723060608
S2A_MSIL2A_20180919T065621_R063_T39QXG_20201009T024121_0000.jpg,S2A_MSIL2A_20180919T065621_R063_T39QXG_20201009T024121,0,0.7873454861325427,2018-09-19 06:56:21.024000+00:00,2018-09-19 06:56:21.024,2018-09,T39QXG,0.9810630679130554,0.3488015234470367,0.7660241723060608
S2B_MSIL2A_20180914T065619_R063_T39QXG_20201009T011434_0000.jpg,S2B_MSIL2A_20180914T065619_R063_T39QXG_20201009T011434,0,0.6739212185635337,2018-09-14 06:56:19.024000+00:00,2018-09-14 06:56:19.024,2018-09,T39QXG,0.9810630679130554,0.3488015234470367,0.7660241723060608
S2A_MSIL2A_20180909T065621_R063_T39QXG_20201008T231028_0000.jpg,S2A_MSIL2A_20180909T065621_R063_T39QXG_20201008T231028,1,0.6858248587432867,2018-09-09 06:56:21.024000+00:00,2018-09-09 06:56:21.024,2018-09,T39QXG,0.9810630679130554,0.3488015234470367,0.7660241723060608
S2B_MSIL2A_20180904T065619_R063_T39QXG_20201011T083613_0000.jpg,S2B_MSIL2A_20180904T065619_R063_T39QXG_20201011T083613,0,0.6952439430103513,2018-09-04 06:56:19.024000+00:00,2018-09-04 06:56:19.024,2018-09,T39QXG,0.9810630679130554,0.3488015234470367,0.7660241723060608
S2A_MSIL2A_20180830T065621_R063_T39QXG_20201103T141110_0000.jpg,S2A_MSIL2A_20180830T065621_R063_T39QXG_20201103T141110,1,0.4666560835602344,2018-08-30 06:56:21.024000+00:00,2018-08-30 06:56:21.024,2018-08,T39QXG,0.973641037940979,0.2011658996343612,0.4173726737499237
S2A_MSIL2A_20180820T065621_R063_T39QXG_20201011T042051_0000.jpg,S2A_MSIL2A_20180820T065621_R063_T39QXG_20201011T042051,0,0.4822073549959274,2018-08-20 06:56:21.024000+00:00,2018-08-20 06:56:21.024,2018-08,T39QXG,0.973641037940979,0.2011658996343612,0.4173726737499237
S2B_MSIL2A_20180815T065729_R063_T39QXG_20201011T021229_0000.jpg,S2B_MSIL2A_20180815T065729_R063_T39QXG_20201011T021229,0,0.513665392921504,2018-08-15 06:57:29.024000+00:00,2018-08-15 06:57:29.024,2018-08,T39QXG,0.973641037940979,0.2011658996343612,0.4173726737499237
S2B_MSIL2A_20180716T065619_R063_T39QXG_20201011T163441_0000.jpg,S2B_MSIL2A_20180716T065619_R063_T39QXG_20201011T163441,0,0.4936245889571261,2018-07-16 06:56:19.024000+00:00,2018-07-16 06:56:19.024,2018-07,T39QXG,0.4354408979415893,0.1199859753251075,0.3442471027374267
S2B_MSIL2A_20180706T065619_R063_T39QXG_20201011T124309_0000.jpg,S2B_MSIL2A_20180706T065619_R063_T39QXG_20201011T124309,0,0.5142933730956332,2018-07-06 06:56:19.024000+00:00,2018-07-06 06:56:19.024,2018-07,T39QXG,0.4354408979415893,0.1199859753251075,0.3442471027374267
S2A_MSIL2A_20180701T065621_R063_T39QXG_20201011T104015_0000.jpg,S2A_MSIL2A_20180701T065621_R063_T39QXG_20201011T104015,1,0.533017988557819,2018-07-01 06:56:21.024000+00:00,2018-07-01 06:56:21.024,2018-07,T39QXG,0.4354408979415893,0.1199859753251075,0.3442471027374267
S2A_MSIL2A_20190904T065621_R063_T39QXG_20201004T090539_0000.jpg,S2A_MSIL2A_20190904T065621_R063_T39QXG_20201004T090539,1,0.7713767848687021,2019-09-04 06:56:21.024000+00:00,2019-09-04 06:56:21.024,2019-09,T39QXG,0.9253124594688416,0.2490802928805351,0.7011986672878265
S2A_MSIL2A_20190825T065621_R063_T39QXG_20201005T043538_0000.jpg,S2A_MSIL2A_20190825T065621_R063_T39QXG_20201005T043538,1,0.6212190092692054,2019-08-25 06:56:21.024000+00:00,2019-08-25 06:56:21.024,2019-08,T39QXG,0.44847446680068964,0.14136074235041932,0.4373477101325988
S2A_MSIL2A_20190815T065631_R063_T39QXG_20201005T003451_0000.jpg,S2A_MSIL2A_20190815T065631_R063_T39QXG_20201005T003451,1,0.704102279105143,2019-08-15 06:56:31.024000+00:00,2019-08-15 06:56:31.024,2019-08,T39QXG,0.44847446680068964,0.14136074235041932,0.4373477101325988
S2B_MSIL2A_20190701T065629_R063_T39QXG_20201005T075203_0000.jpg,S2B_MSIL2A_20190701T065629_R063_T39QXG_20201005T075203,1,0.2609678503417251,2019-07-01 06:56:29.024000+00:00,2019-07-01 06:56:29.024,2019-07,T39QXG,0.294698566198349,0.2423093318939209,0.3788272738456726
S2A_MSIL2A_20200928T065651_R063_T39QXG_20201001T020408_0000.jpg,S2A_MSIL2A_20200928T065651_R063_T39QXG_20201001T020408,1,0.520781758537698,2020-09-28 06:56:51.024000+00:00,2020-09-28 06:56:51.024,2020-09,T39QXG,0.7355709075927734,0.1895338147878646,0.47685996691385907
S2B_MSIL2A_20200923T065629_R063_T39QXG_20201028T044418_0000.jpg,S2B_MSIL2A_20200923T065629_R063_T39QXG_20201028T044418,1,0.4741403777498101,2020-09-23 06:56:29.024000+00:00,2020-09-23 06:56:29.024,2020-09,T39QXG,0.7355709075927734,0.1895338147878646,0.47685996691385907
S2A_MSIL2A_20200918T065631_R063_T39QXG_20200921T101042_0000.jpg,S2A_MSIL2A_20200918T065631_R063_T39QXG_20200921T101042,1,0.460652328387521,2020-09-18 06:56:31.024000+00:00,2020-09-18 06:56:31.024,2020-09,T39QXG,0.7355709075927734,0.1895338147878646,0.47685996691385907
S2B_MSIL2A_20200913T065629_R063_T39QXG_20201027T093056_0000.jpg,S2B_MSIL2A_20200913T065629_R063_T39QXG_20201027T093056,1,0.4657104149801674,2020-09-13 06:56:29.024000+00:00,2020-09-13 06:56:29.024,2020-09,T39QXG,0.7355709075927734,0.1895338147878646,0.47685996691385907
S2A_MSIL2A_20200908T065631_R063_T39QXG_20201027T154720_0000.jpg,S2A_MSIL2A_20200908T065631_R063_T39QXG_20201027T154720,0,0.4732991275695747,2020-09-08 06:56:31.024000+00:00,2020-09-08 06:56:31.024,2020-09,T39QXG,0.7355709075927734,0.1895338147878646,0.47685996691385907
S2A_MSIL2A_20200730T065631_R063_T39QXG_20200818T030617_0000.jpg,S2A_MSIL2A_20200730T065631_R063_T39QXG_20200818T030617,1,0.6230043024444036,2020-07-30 06:56:31.024000+00:00,2020-07-30 06:56:31.024,2020-07,T39QXG,0.4597494304180145,0.3252763450145721,0.3841619491577148
S2B_MSIL2A_20200725T065629_R063_T39QXG_20200817T124238_0000.jpg,S2B_MSIL2A_20200725T065629_R063_T39QXG_20200817T124238,0,0.6634760492013403,2020-07-25 06:56:29.024000+00:00,2020-07-25 06:56:29.024,2020-07,T39QXG,0.4597494304180145,0.3252763450145721,0.3841619491577148
S2B_MSIL2A_20200715T065629_R063_T39QXG_20200919T085206_0000.jpg,S2B_MSIL2A_20200715T065629_R063_T39QXG_20200919T085206,0,0.5414844062801689,2020-07-15 06:56:29.024000+00:00,2020-07-15 06:56:29.024,2020-07,T39QXG,0.4597494304180145,0.3252763450145721,0.3841619491577148
S2A_MSIL2A_20200710T065631_R063_T39QXG_20200912T162127_0000.jpg,S2A_MSIL2A_20200710T065631_R063_T39QXG_20200912T162127,0,0.4958884768771762,2020-07-10 06:56:31.024000+00:00,2020-07-10 06:56:31.024,2020-07,T39QXG,0.4597494304180145,0.3252763450145721,0.3841619491577148
S2A_MSIL2A_20200630T065631_R063_T39QXG_20200824T160716_0000.jpg,S2A_MSIL2A_20200630T065631_R063_T39QXG_20200824T160716,1,0.4140980558464754,2020-06-30 06:56:31.024000+00:00,2020-06-30 06:56:31.024,2020-06,T39QXG,0.9655658304691315,0.2322789691388607,0.4972379505634308
S2B_MSIL2A_20210928T065649_R063_T39QXG_20210929T000956_0000.jpg,S2B_MSIL2A_20210928T065649_R063_T39QXG_20210929T000956,1,0.6279809496343469,2021-09-28 06:56:49.024000+00:00,2021-09-28 06:56:49.024,2021-09,T39QXG,0.6581440170605978,0.1708775460720062,0.42205163836479187
S2A_MSIL2A_20210923T065631_R063_T39QXG_20210924T013326_0000.jpg,S2A_MSIL2A_20210923T065631_R063_T39QXG_20210924T013326,1,0.5960071391793947,2021-09-23 06:56:31.024000+00:00,2021-09-23 06:56:31.024,2021-09,T39QXG,0.6581440170605978,0.1708775460720062,0.42205163836479187
S2B_MSIL2A_20210918T065619_R063_T39QXG_20210918T182437_0000.jpg,S2B_MSIL2A_20210918T065619_R063_T39QXG_20210918T182437,1,0.6568089086803692,2021-09-18 06:56:19.024000+00:00,2021-09-18 06:56:19.024,2021-09,T39QXG,0.6581440170605978,0.1708775460720062,0.42205163836479187
S2A_MSIL2A_20210913T065621_R063_T39QXG_20210913T211924_0000.jpg,S2A_MSIL2A_20210913T065621_R063_T39QXG_20210913T211924,0,0.5430893799594269,2021-09-13 06:56:21.024000+00:00,2021-09-13 06:56:21.024,2021-09,T39QXG,0.6581440170605978,0.1708775460720062,0.42205163836479187
S2B_MSIL2A_20210908T065619_R063_T39QXG_20210908T213712_0000.jpg,S2B_MSIL2A_20210908T065619_R063_T39QXG_20210908T213712,0,0.5347499491002734,2021-09-08 06:56:19.024000+00:00,2021-09-08 06:56:19.024,2021-09,T39QXG,0.6581440170605978,0.1708775460720062,0.42205163836479187
S2A_MSIL2A_20210903T065621_R063_T39QXG_20210903T164501_0000.jpg,S2A_MSIL2A_20210903T065621_R063_T39QXG_20210903T164501,0,0.4869381581964915,2021-09-03 06:56:21.024000+00:00,2021-09-03 06:56:21.024,2021-09,T39QXG,0.6581440170605978,0.1708775460720062,0.42205163836479187
S2B_MSIL2A_20210829T065619_R063_T39QXG_20210829T203957_0000.jpg,S2B_MSIL2A_20210829T065619_R063_T39QXG_20210829T203957,0,0.5461831200898313,2021-08-29 06:56:19.024000+00:00,2021-08-29 06:56:19.024,2021-08,T39QXG,0.5055291652679443,0.2209579199552536,0.4078102111816406
S2A_MSIL2A_20210824T065621_R063_T39QXG_20210824T155101_0000.jpg,S2A_MSIL2A_20210824T065621_R063_T39QXG_20210824T155101,0,0.557576977359784,2021-08-24 06:56:21.024000+00:00,2021-08-24 06:56:21.024,2021-08,T39QXG,0.5055291652679443,0.2209579199552536,0.4078102111816406
S2B_MSIL2A_20210819T065619_R063_T39QXG_20210819T181500_0000.jpg,S2B_MSIL2A_20210819T065619_R063_T39QXG_20210819T181500,0,0.4440497087198927,2021-08-19 06:56:19.024000+00:00,2021-08-19 06:56:19.024,2021-08,T39QXG,0.5055291652679443,0.2209579199552536,0.4078102111816406
S2A_MSIL2A_20210814T065631_R063_T39QXG_20210814T183828_0000.jpg,S2A_MSIL2A_20210814T065631_R063_T39QXG_20210814T183828,0,0.6066184437050547,2021-08-14 06:56:31.024000+00:00,2021-08-14 06:56:31.024,2021-08,T39QXG,0.5055291652679443,0.2209579199552536,0.4078102111816406
S2A_MSIL2A_20210804T065631_R063_T39QXG_20210804T174443_0000.jpg,S2A_MSIL2A_20210804T065631_R063_T39QXG_20210804T174443,1,0.5413863479546878,2021-08-04 06:56:31.024000+00:00,2021-08-04 06:56:31.024,2021-08,T39QXG,0.5055291652679443,0.2209579199552536,0.4078102111816406
S2B_MSIL2A_20210730T065629_R063_T39QXG_20210730T184548_0000.jpg,S2B_MSIL2A_20210730T065629_R063_T39QXG_20210730T184548,1,0.4694210710144492,2021-07-30 06:56:29.024000+00:00,2021-07-30 06:56:29.024,2021-07,T39QXG,0.1284322291612625,0.22887603938579554,0.42705485224723816
S2A_MSIL2A_20210725T065631_R063_T39QXG_20210726T051413_0000.jpg,S2A_MSIL2A_20210725T065631_R063_T39QXG_20210726T051413,0,0.5869706987662925,2021-07-25 06:56:31.024000+00:00,2021-07-25 06:56:31.024,2021-07,T39QXG,0.1284322291612625,0.22887603938579554,0.42705485224723816
S2B_MSIL2A_20210720T065629_R063_T39QXG_20210720T171952_0000.jpg,S2B_MSIL2A_20210720T065629_R063_T39QXG_20210720T171952,0,0.6930636317845276,2021-07-20 06:56:29.024000+00:00,2021-07-20 06:56:29.024,2021-07,T39QXG,0.1284322291612625,0.22887603938579554,0.42705485224723816
S2B_MSIL2A_20210630T065629_R063_T39QXG_20210701T040612_0000.jpg,S2B_MSIL2A_20210630T065629_R063_T39QXG_20210701T040612,1,0.4767065578616701,2021-06-30 06:56:29.024000+00:00,2021-06-30 06:56:29.024,2021-06,T39QXG,0.4322924241423607,0.28920630613962806,0.4896669884522756
S2A_MSIL2A_20220928T065651_R063_T39QXG_20240730T192859_0000.jpg,S2A_MSIL2A_20220928T065651_R063_T39QXG_20240730T192859,1,0.3050331569356711,2022-09-28 06:56:51.024000+00:00,2022-09-28 06:56:51.024,2022-09,T39QXG,0.6715758293867111,0.18440155684947968,0.5063762466112772
S2A_MSIL2A_20220928T065651_R063_T39QXG_20220928T234907_0000.jpg,S2A_MSIL2A_20220928T065651_R063_T39QXG_20220928T234907,1,0.4034366927949144,2022-09-28 06:56:51.024000+00:00,2022-09-28 06:56:51.024,2022-09,T39QXG,0.6715758293867111,0.18440155684947968,0.5063762466112772
S2B_MSIL2A_20220923T065629_R063_T39QXG_20240725T151945_0000.jpg,S2B_MSIL2A_20220923T065629_R063_T39QXG_20240725T151945,1,0.2120927849309025,2022-09-23 06:56:29.024000+00:00,2022-09-23 06:56:29.024,2022-09,T39QXG,0.6715758293867111,0.18440155684947968,0.5063762466112772
S2B_MSIL2A_20220923T065629_R063_T39QXG_20220924T000152_0000.jpg,S2B_MSIL2A_20220923T065629_R063_T39QXG_20220924T000152,1,0.3321287840262842,2022-09-23 06:56:29.024000+00:00,2022-09-23 06:56:29.024,2022-09,T39QXG,0.6715758293867111,0.18440155684947968,0.5063762466112772
S2A_MSIL2A_20220918T065631_R063_T39QXG_20240729T142658_0000.jpg,S2A_MSIL2A_20220918T065631_R063_T39QXG_20240729T142658,0,0.2049206886827196,2022-09-18 06:56:31.024000+00:00,2022-09-18 06:56:31.024,2022-09,T39QXG,0.6715758293867111,0.18440155684947968,0.5063762466112772
S2A_MSIL2A_20220918T065631_R063_T39QXG_20220919T032927_0000.jpg,S2A_MSIL2A_20220918T065631_R063_T39QXG_20220919T032927,0,0.3139727497817222,2022-09-18 06:56:31.024000+00:00,2022-09-18 06:56:31.024,2022-09,T39QXG,0.6715758293867111,0.18440155684947968,0.5063762466112772
S2B_MSIL2A_20220913T065629_R063_T39QXG_20240726T171436_0000.jpg,S2B_MSIL2A_20220913T065629_R063_T39QXG_20240726T171436,0,0.189314893715854,2022-09-13 06:56:29.024000+00:00,2022-09-13 06:56:29.024,2022-09,T39QXG,0.6715758293867111,0.18440155684947968,0.5063762466112772
S2B_MSIL2A_20220913T065629_R063_T39QXG_20220913T171218_0000.jpg,S2B_MSIL2A_20220913T065629_R063_T39QXG_20220913T171218,0,0.2615766750731101,2022-09-13 06:56:29.024000+00:00,2022-09-13 06:56:29.024,2022-09,T39QXG,0.6715758293867111,0.18440155684947968,0.5063762466112772
S2A_MSIL2A_20220908T065631_R063_T39QXG_20220911T052036_0000.jpg,S2A_MSIL2A_20220908T065631_R063_T39QXG_20220911T052036,0,0.1619015447669666,2022-09-08 06:56:31.024000+00:00,2022-09-08 06:56:31.024,2022-09,T39QXG,0.6715758293867111,0.18440155684947968,0.5063762466112772
S2B_MSIL2A_20220903T065629_R063_T39QXG_20220903T175254_0000.jpg,S2B_MSIL2A_20220903T065629_R063_T39QXG_20220903T175254,0,0.2078508141691596,2022-09-03 06:56:29.024000+00:00,2022-09-03 06:56:29.024,2022-09,T39QXG,0.6715758293867111,0.18440155684947968,0.5063762466112772
S2A_MSIL2A_20220829T065641_R063_T39QXG_20240718T033121_0000.jpg,S2A_MSIL2A_20220829T065641_R063_T39QXG_20240718T033121,0,0.143340843422288,2022-08-29 06:56:41.024000+00:00,2022-08-29 06:56:41.024,2022-08,T39QXG,0.35460705558458966,0.16225775579611457,0.4365438719590505
S2A_MSIL2A_20220829T065641_R063_T39QXG_20220830T225205_0000.jpg,S2A_MSIL2A_20220829T065641_R063_T39QXG_20220830T225205,0,0.2030812046139959,2022-08-29 06:56:41.024000+00:00,2022-08-29 06:56:41.024,2022-08,T39QXG,0.35460705558458966,0.16225775579611457,0.4365438719590505
S2B_MSIL2A_20220824T065619_R063_T39QXG_20220825T015302_0000.jpg,S2B_MSIL2A_20220824T065619_R063_T39QXG_20220825T015302,0,0.140705143113501,2022-08-24 06:56:19.024000+00:00,2022-08-24 06:56:19.024,2022-08,T39QXG,0.35460705558458966,0.16225775579611457,0.4365438719590505
S2A_MSIL2A_20220819T065641_R063_T39QXG_20240720T015827_0000.jpg,S2A_MSIL2A_20220819T065641_R063_T39QXG_20240720T015827,1,0.1920381787552024,2022-08-19 06:56:41.024000+00:00,2022-08-19 06:56:41.024,2022-08,T39QXG,0.35460705558458966,0.16225775579611457,0.4365438719590505
S2A_MSIL2A_20220819T065641_R063_T39QXG_20220819T215726_0000.jpg,S2A_MSIL2A_20220819T065641_R063_T39QXG_20220819T215726,1,0.2436174047624806,2022-08-19 06:56:41.024000+00:00,2022-08-19 06:56:41.024,2022-08,T39QXG,0.35460705558458966,0.16225775579611457,0.4365438719590505
S2B_MSIL2A_20220814T065629_R063_T39QXG_20240704T011425_0000.jpg,S2B_MSIL2A_20220814T065629_R063_T39QXG_20240704T011425,1,0.2035679548267583,2022-08-14 06:56:29.024000+00:00,2022-08-14 06:56:29.024,2022-08,T39QXG,0.35460705558458966,0.16225775579611457,0.4365438719590505
S2B_MSIL2A_20220814T065629_R063_T39QXG_20220814T151723_0000.jpg,S2B_MSIL2A_20220814T065629_R063_T39QXG_20220814T151723,1,0.3008547025507225,2022-08-14 06:56:29.024000+00:00,2022-08-14 06:56:29.024,2022-08,T39QXG,0.35460705558458966,0.16225775579611457,0.4365438719590505
S2B_MSIL2A_20230928T065649_R063_T39QXG_20241102T043937_0000.jpg,S2B_MSIL2A_20230928T065649_R063_T39QXG_20241102T043937,1,0.1893448843905689,2023-09-28 06:56:49.024000+00:00,2023-09-28 06:56:49.024,2023-09,T39QXG,0.4849143028259278,0.30392205715179443,0.5406022220849991
S2B_MSIL2A_20230928T065649_R063_T39QXG_20230928T122354_0000.jpg,S2B_MSIL2A_20230928T065649_R063_T39QXG_20230928T122354,1,0.3002077820930929,2023-09-28 06:56:49.024000+00:00,2023-09-28 06:56:49.024,2023-09,T39QXG,0.4849143028259278,0.30392205715179443,0.5406022220849991
S2A_MSIL2A_20230923T065621_R063_T39QXG_20241028T071613_0000.jpg,S2A_MSIL2A_20230923T065621_R063_T39QXG_20241028T071613,1,0.1120631848219328,2023-09-23 06:56:21.024000+00:00,2023-09-23 06:56:21.024,2023-09,T39QXG,0.4849143028259278,0.30392205715179443,0.5406022220849991
S2A_MSIL2A_20230923T065621_R063_T39QXG_20230923T121348_0000.jpg,S2A_MSIL2A_20230923T065621_R063_T39QXG_20230923T121348,1,0.1836467201626427,2023-09-23 06:56:21.024000+00:00,2023-09-23 06:56:21.024,2023-09,T39QXG,0.4849143028259278,0.30392205715179443,0.5406022220849991
S2B_MSIL2A_20230918T065629_R063_T39QXG_20241025T081232_0000.jpg,S2B_MSIL2A_20230918T065629_R063_T39QXG_20241025T081232,0,0.0676273461669999,2023-09-18 06:56:29.024000+00:00,2023-09-18 06:56:29.024,2023-09,T39QXG,0.4849143028259278,0.30392205715179443,0.5406022220849991
S2B_MSIL2A_20230918T065629_R063_T39QXG_20230918T153259_0000.jpg,S2B_MSIL2A_20230918T065629_R063_T39QXG_20230918T153259,0,0.2510095073671257,2023-09-18 06:56:29.024000+00:00,2023-09-18 06:56:29.024,2023-09,T39QXG,0.4849143028259278,0.30392205715179443,0.5406022220849991
S2A_MSIL2A_20230913T065631_R063_T39QXG_20241027T165012_0000.jpg,S2A_MSIL2A_20230913T065631_R063_T39QXG_20241027T165012,1,0.1183622583456351,2023-09-13 06:56:31.024000+00:00,2023-09-13 06:56:31.024,2023-09,T39QXG,0.4849143028259278,0.30392205715179443,0.5406022220849991
S2A_MSIL2A_20230913T065631_R063_T39QXG_20230913T132300_0000.jpg,S2A_MSIL2A_20230913T065631_R063_T39QXG_20230913T132300,1,0.2127146211919325,2023-09-13 06:56:31.024000+00:00,2023-09-13 06:56:31.024,2023-09,T39QXG,0.4849143028259278,0.30392205715179443,0.5406022220849991
S2B_MSIL2A_20230908T065629_R063_T39QXG_20241023T151834_0000.jpg,S2B_MSIL2A_20230908T065629_R063_T39QXG_20241023T151834,1,0.1633598755754688,2023-09-08 06:56:29.024000+00:00,2023-09-08 06:56:29.024,2023-09,T39QXG,0.4849143028259278,0.30392205715179443,0.5406022220849991
S2B_MSIL2A_20230908T065629_R063_T39QXG_20230908T143733_0000.jpg,S2B_MSIL2A_20230908T065629_R063_T39QXG_20230908T143733,1,0.2355708745579617,2023-09-08 06:56:29.024000+00:00,2023-09-08 06:56:29.024,2023-09,T39QXG,0.4849143028259278,0.30392205715179443,0.5406022220849991
S2A_MSIL2A_20230903T065631_R063_T39QXG_20241030T165920_0000.jpg,S2A_MSIL2A_20230903T065631_R063_T39QXG_20241030T165920,0,0.1124609929963281,2023-09-03 06:56:31.024000+00:00,2023-09-03 06:56:31.024,2023-09,T39QXG,0.4849143028259278,0.30392205715179443,0.5406022220849991
S2A_MSIL2A_20230903T065631_R063_T39QXG_20230903T134044_0000.jpg,S2A_MSIL2A_20230903T065631_R063_T39QXG_20230903T134044,0,0.1603888566487327,2023-09-03 06:56:31.024000+00:00,2023-09-03 06:56:31.024,2023-09,T39QXG,0.4849143028259278,0.30392205715179443,0.5406022220849991
S2B_MSIL2A_20230829T065629_R063_T39QXG_20241017T113451_0000.jpg,S2B_MSIL2A_20230829T065629_R063_T39QXG_20241017T113451,0,0.2104590533417611,2023-08-29 06:56:29.024000+00:00,2023-08-29 06:56:29.024,2023-08,T39QXG,0.9309780299663544,0.21653605252504343,0.531738817691803
S2B_MSIL2A_20230829T065629_R063_T39QXG_20230829T131134_0000.jpg,S2B_MSIL2A_20230829T065629_R063_T39QXG_20230829T131134,0,0.2102705741532141,2023-08-29 06:56:29.024000+00:00,2023-08-29 06:56:29.024,2023-08,T39QXG,0.9309780299663544,0.21653605252504343,0.531738817691803
S2A_MSIL2A_20230824T065631_R063_T39QXG_20241025T152112_0000.jpg,S2A_MSIL2A_20230824T065631_R063_T39QXG_20241025T152112,1,0.1961941401089729,2023-08-24 06:56:31.024000+00:00,2023-08-24 06:56:31.024,2023-08,T39QXG,0.9309780299663544,0.21653605252504343,0.531738817691803
S2A_MSIL2A_20230824T065631_R063_T39QXG_20230824T150407_0000.jpg,S2A_MSIL2A_20230824T065631_R063_T39QXG_20230824T150407,1,0.2687075543667636,2023-08-24 06:56:31.024000+00:00,2023-08-24 06:56:31.024,2023-08,T39QXG,0.9309780299663544,0.21653605252504343,0.531738817691803
S2A_MSIL2A_20240927T065641_R063_T39QXG_20240927T112652_0000.jpg,S2A_MSIL2A_20240927T065641_R063_T39QXG_20240927T112652,1,0.6625316588112938,2024-09-27 06:56:41.024000+00:00,2024-09-27 06:56:41.024,2024-09,T39QXG,0.749409057199955,0.22100927494466302,0.6889226585626602
S2B_MSIL2A_20240922T065619_R063_T39QXG_20240922T102739_0000.jpg,S2B_MSIL2A_20240922T065619_R063_T39QXG_20240922T102739,1,0.6580722498693315,2024-09-22 06:56:19.024000+00:00,2024-09-22 06:56:19.024,2024-09,T39QXG,0.749409057199955,0.22100927494466302,0.6889226585626602
S2B_MSIL2A_20240912T065619_R063_T39QXG_20240912T130211_0000.jpg,S2B_MSIL2A_20240912T065619_R063_T39QXG_20240912T130211,0,0.4836936331408759,2024-09-12 06:56:19.024000+00:00,2024-09-12 06:56:19.024,2024-09,T39QXG,0.749409057199955,0.22100927494466302,0.6889226585626602
S2A_MSIL2A_20240907T065621_R063_T39QXG_20240907T115459_0000.jpg,S2A_MSIL2A_20240907T065621_R063_T39QXG_20240907T115459,0,0.4780828441078014,2024-09-07 06:56:21.024000+00:00,2024-09-07 06:56:21.024,2024-09,T39QXG,0.749409057199955,0.22100927494466302,0.6889226585626602
S2B_MSIL2A_20240902T065629_R063_T39QXG_20240902T111143_0000.jpg,S2B_MSIL2A_20240902T065629_R063_T39QXG_20240902T111143,0,0.5476948018200042,2024-09-02 06:56:29.024000+00:00,2024-09-02 06:56:29.024,2024-09,T39QXG,0.749409057199955,0.22100927494466302,0.6889226585626602
S2A_MSIL2A_20240719T065621_R063_T39QXG_20240719T132007_0000.jpg,S2A_MSIL2A_20240719T065621_R063_T39QXG_20240719T132007,1,0.5453968903299944,2024-07-19 06:56:21.024000+00:00,2024-07-19 06:56:21.024,2024-07,T39QXG,0.7535458207130432,0.14487706124782557,0.5215644985437393
S2B_MSIL2A_20240714T065619_R063_T39QXG_20240714T115201_0000.jpg,S2B_MSIL2A_20240714T065619_R063_T39QXG_20240714T115201,1,0.6756320814180017,2024-07-14 06:56:19.024000+00:00,2024-07-14 06:56:19.024,2024-07,T39QXG,0.7535458207130432,0.14487706124782557,0.5215644985437393
S2B_MSIL2A_20240704T065629_R063_T39QXG_20240705T224349_0000.jpg,S2B_MSIL2A_20240704T065629_R063_T39QXG_20240705T224349,0,0.4556356052849454,2024-07-04 06:56:29.024000+00:00,2024-07-04 06:56:29.024,2024-07,T39QXG,0.7535458207130432,0.14487706124782557,0.5215644985437393
S2B_MSIL2A_20240624T065629_R063_T39QXG_20240624T103302_0000.jpg,S2B_MSIL2A_20240624T065629_R063_T39QXG_20240624T103302,1,0.6193035229799969,2024-06-24 06:56:29.024000+00:00,2024-06-24 06:56:29.024,2024-06,T39QXG,0.7223769649863243,0.24616308510303497,0.549387164413929
S2A_MSIL2A_20240619T065631_R063_T39QXG_20240619T131334_0000.jpg,S2A_MSIL2A_20240619T065631_R063_T39QXG_20240619T131334,1,0.5713268797096769,2024-06-19 06:56:31.024000+00:00,2024-06-19 06:56:31.024,2024-06,T39QXG,0.7223769649863243,0.24616308510303497,0.549387164413929
S2B_MSIL2A_20180328T065919_R063_T39QXG_20201013T154107_0000.jpg,S2B_MSIL2A_20180328T065919_R063_T39QXG_20201013T154107,0,0.3516408579867923,2018-03-28 06:59:19.027000+00:00,2018-03-28 06:59:19.027,2018-03,T39QXG,0.8830333948135376,0.2754085610310236,0.5622045695781708
S2A_MSIL2A_20180323T065621_R063_T39QXG_20201013T125706_0000.jpg,S2A_MSIL2A_20180323T065621_R063_T39QXG_20201013T125706,0,0.3255376240115563,2018-03-23 06:56:21.026000+00:00,2018-03-23 06:56:21.026,2018-03,T39QXG,0.8830333948135376,0.2754085610310236,0.5622045695781708
S2B_MSIL2A_20180318T065619_R063_T39QXG_20201013T105007_0000.jpg,S2B_MSIL2A_20180318T065619_R063_T39QXG_20201013T105007,0,0.2929533797763272,2018-03-18 06:56:19.027000+00:00,2018-03-18 06:56:19.027,2018-03,T39QXG,0.8830333948135376,0.2754085610310236,0.5622045695781708
S2A_MSIL2A_20180313T065651_R063_T39QXG_20201013T082101_0000.jpg,S2A_MSIL2A_20180313T065651_R063_T39QXG_20201013T082101,0,0.3838645775366257,2018-03-13 06:56:51.026000+00:00,2018-03-13 06:56:51.026,2018-03,T39QXG,0.8830333948135376,0.2754085610310236,0.5622045695781708
S2B_MSIL2A_20180308T065719_R063_T39QXG_20201013T080744_0000.jpg,S2B_MSIL2A_20180308T065719_R063_T39QXG_20201013T080744,0,0.4802555956423855,2018-03-08 06:57:19.027000+00:00,2018-03-08 06:57:19.027,2018-03,T39QXG,0.8830333948135376,0.2754085610310236,0.5622045695781708
S2A_MSIL2A_20180303T065801_R063_T39QXG_20201013T055226_0000.jpg,S2A_MSIL2A_20180303T065801_R063_T39QXG_20201013T055226,1,1.0,2018-03-03 06:58:01.026000+00:00,2018-03-03 06:58:01.026,2018-03,T39QXG,0.8830333948135376,0.2754085610310236,0.5622045695781708
S2B_MSIL2A_20180226T065829_R063_T39QXG_20201104T154320_0000.jpg,S2B_MSIL2A_20180226T065829_R063_T39QXG_20201104T154320,1,1.0,2018-02-26 06:58:29.027000+00:00,2018-02-26 06:58:29.027,2018-02,T39QXG,0.9443432539701462,0.2819485440850258,0.540355384349823
S2A_MSIL2A_20180221T065911_R063_T39QXG_20201013T234500_0000.jpg,S2A_MSIL2A_20180221T065911_R063_T39QXG_20201013T234500,1,0.996272800475545,2018-02-21 06:59:11.026000+00:00,2018-02-21 06:59:11.026,2018-02,T39QXG,0.9443432539701462,0.2819485440850258,0.540355384349823
S2B_MSIL2A_20180216T065929_R063_T39QXG_20201013T220228_0000.jpg,S2B_MSIL2A_20180216T065929_R063_T39QXG_20201013T220228,0,0.4980086983022875,2018-02-16 06:59:29.027000+00:00,2018-02-16 06:59:29.027,2018-02,T39QXG,0.9443432539701462,0.2819485440850258,0.540355384349823
S2A_MSIL2A_20180211T070021_R063_T39QXG_20201026T022414_0000.jpg,S2A_MSIL2A_20180211T070021_R063_T39QXG_20201026T022414,0,0.494953866702875,2018-02-11 07:00:21.026000+00:00,2018-02-11 07:00:21.026,2018-02,T39QXG,0.9443432539701462,0.2819485440850258,0.540355384349823
S2A_MSIL2A_20180201T070111_R063_T39QXG_20201013T174623_0000.jpg,S2A_MSIL2A_20180201T070111_R063_T39QXG_20201013T174623,1,0.7633726757378816,2018-02-01 07:01:11.026000+00:00,2018-02-01 07:01:11.026,2018-02,T39QXG,0.9443432539701462,0.2819485440850258,0.540355384349823
S2B_MSIL2A_20180127T070139_R063_T39QXG_20201014T091640_0000.jpg,S2B_MSIL2A_20180127T070139_R063_T39QXG_20201014T091640,1,0.6735058309664816,2018-01-27 07:01:39.027000+00:00,2018-01-27 07:01:39.027,2018-01,T39QXG,0.9281861484050751,0.22099663689732546,0.5537421181797981
S2B_MSIL2A_20180117T070219_R063_T39QXG_20201014T062903_0000.jpg,S2B_MSIL2A_20180117T070219_R063_T39QXG_20201014T062903,0,0.7485129048987782,2018-01-17 07:02:19.027000+00:00,2018-01-17 07:02:19.027,2018-01,T39QXG,0.9281861484050751,0.22099663689732546,0.5537421181797981
S2A_MSIL2A_20180112T070231_R063_T39QXG_20201014T050638_0000.jpg,S2A_MSIL2A_20180112T070231_R063_T39QXG_20201014T050638,0,0.585922912822163,2018-01-12 07:02:31.026000+00:00,2018-01-12 07:02:31.026,2018-01,T39QXG,0.9281861484050751,0.22099663689732546,0.5537421181797981
S2B_MSIL2A_20180107T070249_R063_T39QXG_20201014T040002_0000.jpg,S2B_MSIL2A_20180107T070249_R063_T39QXG_20201014T040002,0,0.6081508796604428,2018-01-07 07:02:49.027000+00:00,2018-01-07 07:02:49.027,2018-01,T39QXG,0.9281861484050751,0.22099663689732546,0.5537421181797981
S2B_MSIL2A_20171228T070259_R063_T39QXG_20201014T170056_0000.jpg,S2B_MSIL2A_20171228T070259_R063_T39QXG_20201014T170056,1,0.6372235914849196,2017-12-28 07:02:59.027000+00:00,2017-12-28 07:02:59.027,2017-12,T39QXG,0.9298080801963806,0.1693260048826535,0.4742773274580638
S2A_MSIL2A_20190318T065621_R063_T39QXG_20201007T074707_0000.jpg,S2A_MSIL2A_20190318T065621_R063_T39QXG_20201007T074707,1,0.065673135755687,2019-03-18 06:56:21.024000+00:00,2019-03-18 06:56:21.024,2019-03,T39QXG,0.8980495929718018,0.3591414093971252,0.6425658464431763
S2B_MSIL2A_20190313T065649_R063_T39QXG_20221118T122016_0000.jpg,S2B_MSIL2A_20190313T065649_R063_T39QXG_20221118T122016,0,0.2234036301228327,2019-03-13 06:56:49.024000+00:00,2019-03-13 06:56:49.024,2019-03,T39QXG,0.8980495929718018,0.3591414093971252,0.6425658464431763
S2B_MSIL2A_20190313T065649_R063_T39QXG_20201007T061904_0000.jpg,S2B_MSIL2A_20190313T065649_R063_T39QXG_20201007T061904,0,0.0925593156637184,2019-03-13 06:56:49.024000+00:00,2019-03-13 06:56:49.024,2019-03,T39QXG,0.8980495929718018,0.3591414093971252,0.6425658464431763
S2A_MSIL2A_20190308T065721_R063_T39QXG_20201007T042258_0000.jpg,S2A_MSIL2A_20190308T065721_R063_T39QXG_20201007T042258,0,0.0878255406432706,2019-03-08 06:57:21.024000+00:00,2019-03-08 06:57:21.024,2019-03,T39QXG,0.8980495929718018,0.3591414093971252,0.6425658464431763
S2B_MSIL2A_20190303T065809_R063_T39QXG_20201030T112946_0000.jpg,S2B_MSIL2A_20190303T065809_R063_T39QXG_20201030T112946,1,0.248443345110742,2019-03-03 06:58:09.024000+00:00,2019-03-03 06:58:09.024,2019-03,T39QXG,0.8980495929718018,0.3591414093971252,0.6425658464431763
S2A_MSIL2A_20190226T065841_R063_T39QXG_20201007T204648_0000.jpg,S2A_MSIL2A_20190226T065841_R063_T39QXG_20201007T204648,1,0.2352327214652141,2019-02-26 06:58:41.024000+00:00,2019-02-26 06:58:41.024,2019-02,T39QXG,0.9111023545265198,0.30562859773635864,0.6031317636370659
S2B_MSIL2A_20190221T065919_R063_T39QXG_20201007T191341_0000.jpg,S2B_MSIL2A_20190221T065919_R063_T39QXG_20201007T191341,0,0.134895236893238,2019-02-21 06:59:19.024000+00:00,2019-02-21 06:59:19.024,2019-02,T39QXG,0.9111023545265198,0.30562859773635864,0.6031317636370659
S2B_MSIL2A_20190211T070019_R063_T39QXG_20201007T155653_0000.jpg,S2B_MSIL2A_20190211T070019_R063_T39QXG_20201007T155653,0,0.4603759661320354,2019-02-11 07:00:19.024000+00:00,2019-02-11 07:00:19.024,2019-02,T39QXG,0.9111023545265198,0.30562859773635864,0.6031317636370659
S2A_MSIL2A_20190206T070051_R063_T39QXG_20201007T142408_0000.jpg,S2A_MSIL2A_20190206T070051_R063_T39QXG_20201007T142408,1,0.2075030505307479,2019-02-06 07:00:51.024000+00:00,2019-02-06 07:00:51.024,2019-02,T39QXG,0.9111023545265198,0.30562859773635864,0.6031317636370659
S2B_MSIL2A_20190201T070119_R063_T39QXG_20201029T235440_0000.jpg,S2B_MSIL2A_20190201T070119_R063_T39QXG_20201029T235440,0,0.6493138706020447,2019-02-01 07:01:19.024000+00:00,2019-02-01 07:01:19.024,2019-02,T39QXG,0.9111023545265198,0.30562859773635864,0.6031317636370659
S2A_MSIL2A_20190127T070141_R063_T39QXG_20201008T050026_0000.jpg,S2A_MSIL2A_20190127T070141_R063_T39QXG_20201008T050026,0,0.8257555647588728,2019-01-27 07:01:41.024000+00:00,2019-01-27 07:01:41.024,2019-01,T39QXG,0.9368167072534561,0.2517130300402641,0.5823433920741081
S2B_MSIL2A_20190122T070209_R063_T39QXG_20201008T034450_0000.jpg,S2B_MSIL2A_20190122T070209_R063_T39QXG_20201008T034450,1,0.5454741261245416,2019-01-22 07:02:09.024000+00:00,2019-01-22 07:02:09.024,2019-01,T39QXG,0.9368167072534561,0.2517130300402641,0.5823433920741081
S2A_MSIL2A_20190117T070221_R063_T39QXG_20201008T021414_0000.jpg,S2A_MSIL2A_20190117T070221_R063_T39QXG_20201008T021414,1,0.7007861095688523,2019-01-17 07:02:21.024000+00:00,2019-01-17 07:02:21.024,2019-01,T39QXG,0.9368167072534561,0.2517130300402641,0.5823433920741081
S2B_MSIL2A_20190112T070239_R063_T39QXG_20201008T005855_0000.jpg,S2B_MSIL2A_20190112T070239_R063_T39QXG_20201008T005855,0,0.945526307489686,2019-01-12 07:02:39.024000+00:00,2019-01-12 07:02:39.024,2019-01,T39QXG,0.9368167072534561,0.2517130300402641,0.5823433920741081
S2A_MSIL2A_20190107T070251_R063_T39QXG_20201007T232849_0000.jpg,S2A_MSIL2A_20190107T070251_R063_T39QXG_20201007T232849,0,0.501110081330132,2019-01-07 07:02:51.024000+00:00,2019-01-07 07:02:51.024,2019-01,T39QXG,0.9368167072534561,0.2517130300402641,0.5823433920741081
S2B_MSIL2A_20200327T065619_R063_T39QXG_20201027T114721_0000.jpg,S2B_MSIL2A_20200327T065619_R063_T39QXG_20201027T114721,0,0.1915847781393111,2020-03-27 06:56:19.024000+00:00,2020-03-27 06:56:19.024,2020-03,T39QXG,0.9542678197224935,0.27803582946459454,0.6055922706921896
S2A_MSIL2A_20200322T065621_R063_T39QXG_20201014T192405_0000.jpg,S2A_MSIL2A_20200322T065621_R063_T39QXG_20201014T192405,0,0.3640079642969108,2020-03-22 06:56:21.024000+00:00,2020-03-22 06:56:21.024,2020-03,T39QXG,0.9542678197224935,0.27803582946459454,0.6055922706921896
S2B_MSIL2A_20200317T065619_R063_T39QXG_20201010T111701_0000.jpg,S2B_MSIL2A_20200317T065619_R063_T39QXG_20201010T111701,1,0.3883808536059203,2020-03-17 06:56:19.024000+00:00,2020-03-17 06:56:19.024,2020-03,T39QXG,0.9542678197224935,0.27803582946459454,0.6055922706921896
S2A_MSIL2A_20200312T065651_R063_T39QXG_20201006T204613_0000.jpg,S2A_MSIL2A_20200312T065651_R063_T39QXG_20201006T204613,0,0.0616832874062271,2020-03-12 06:56:51.024000+00:00,2020-03-12 06:56:51.024,2020-03,T39QXG,0.9542678197224935,0.27803582946459454,0.6055922706921896
S2B_MSIL2A_20200307T065729_R063_T39QXG_20201003T195728_0000.jpg,S2B_MSIL2A_20200307T065729_R063_T39QXG_20201003T195728,0,0.0954453488792226,2020-03-07 06:57:29.024000+00:00,2020-03-07 06:57:29.024,2020-03,T39QXG,0.9542678197224935,0.27803582946459454,0.6055922706921896
S2A_MSIL2A_20200302T065801_R063_T39QXG_20200926T020245_0000.jpg,S2A_MSIL2A_20200302T065801_R063_T39QXG_20200926T020245,1,0.1782517579338642,2020-03-02 06:58:01.024000+00:00,2020-03-02 06:58:01.024,2020-03,T39QXG,0.9542678197224935,0.27803582946459454,0.6055922706921896
S2A_MSIL2A_20200221T065911_R063_T39QXG_20200927T132322_0000.jpg,S2A_MSIL2A_20200221T065911_R063_T39QXG_20200927T132322,0,0.8341909079968137,2020-02-21 06:59:11.024000+00:00,2020-02-21 06:59:11.024,2020-02,T39QXG,0.919612467288971,0.29185044268767035,0.6641411582628886
S2B_MSIL2A_20200216T065939_R063_T39QXG_20200929T114644_0000.jpg,S2B_MSIL2A_20200216T065939_R063_T39QXG_20200929T114644,0,0.3342041759685376,2020-02-16 06:59:39.024000+00:00,2020-02-16 06:59:39.024,2020-02,T39QXG,0.919612467288971,0.29185044268767035,0.6641411582628886
S2B_MSIL2A_20200206T070049_R063_T39QXG_20201001T025510_0000.jpg,S2B_MSIL2A_20200206T070049_R063_T39QXG_20201001T025510,1,0.5736177168441929,2020-02-06 07:00:49.024000+00:00,2020-02-06 07:00:49.024,2020-02,T39QXG,0.919612467288971,0.29185044268767035,0.6641411582628886
S2A_MSIL2A_20200201T070111_R063_T39QXG_20200930T073942_0000.jpg,S2A_MSIL2A_20200201T070111_R063_T39QXG_20200930T073942,0,0.4452393364189673,2020-02-01 07:01:11.024000+00:00,2020-02-01 07:01:11.024,2020-02,T39QXG,0.919612467288971,0.29185044268767035,0.6641411582628886
S2B_MSIL2A_20200127T070139_R063_T39QXG_20201002T124936_0000.jpg,S2B_MSIL2A_20200127T070139_R063_T39QXG_20201002T124936,0,0.3809579470596152,2020-01-27 07:01:39.024000+00:00,2020-01-27 07:01:39.024,2020-01,T39QXG,0.8887070566415787,0.2394280135631561,0.5953268706798553
S2A_MSIL2A_20200122T070201_R063_T39QXG_20201002T050518_0000.jpg,S2A_MSIL2A_20200122T070201_R063_T39QXG_20201002T050518,1,0.5448466423226783,2020-01-22 07:02:01.024000+00:00,2020-01-22 07:02:01.024,2020-01,T39QXG,0.8887070566415787,0.2394280135631561,0.5953268706798553
S2B_MSIL2A_20200117T070219_R063_T39QXG_20201002T195630_0000.jpg,S2B_MSIL2A_20200117T070219_R063_T39QXG_20201002T195630,1,0.3776071931189426,2020-01-17 07:02:19.024000+00:00,2020-01-17 07:02:19.024,2020-01,T39QXG,0.8887070566415787,0.2394280135631561,0.5953268706798553
S2A_MSIL2A_20200112T070241_R063_T39QXG_20201002T173508_0000.jpg,S2A_MSIL2A_20200112T070241_R063_T39QXG_20201002T173508,0,0.2064716531218929,2020-01-12 07:02:41.024000+00:00,2020-01-12 07:02:41.024,2020-01,T39QXG,0.8887070566415787,0.2394280135631561,0.5953268706798553
S2B_MSIL2A_20200107T070249_R063_T39QXG_20201029T121541_0000.jpg,S2B_MSIL2A_20200107T070249_R063_T39QXG_20201029T121541,1,0.4707413842435006,2020-01-07 07:02:49.024000+00:00,2020-01-07 07:02:49.024,2020-01,T39QXG,0.8887070566415787,0.2394280135631561,0.5953268706798553
S2A_MSIL2A_20200102T070301_R063_T39QXG_20201002T215142_0000.jpg,S2A_MSIL2A_20200102T070301_R063_T39QXG_20201002T215142,1,0.8321132834144739,2020-01-02 07:03:01.024000+00:00,2020-01-02 07:03:01.024,2020-01,T39QXG,0.8887070566415787,0.2394280135631561,0.5953268706798553
S2A_MSIL2A_20210327T065621_R063_T39QXG_20210327T193611_0000.jpg,S2A_MSIL2A_20210327T065621_R063_T39QXG_20210327T193611,0,0.2936192359111942,2021-03-27 06:56:21.024000+00:00,2021-03-27 06:56:21.024,2021-03,T39QXG,0.9564896027247111,0.3653293251991272,0.6482499043146769
S2B_MSIL2A_20210322T065619_R063_T39QXG_20210323T015515_0000.jpg,S2B_MSIL2A_20210322T065619_R063_T39QXG_20210323T015515,0,0.333747050636944,2021-03-22 06:56:19.024000+00:00,2021-03-22 06:56:19.024,2021-03,T39QXG,0.9564896027247111,0.3653293251991272,0.6482499043146769
S2A_MSIL2A_20210317T065621_R063_T39QXG_20210317T221928_0000.jpg,S2A_MSIL2A_20210317T065621_R063_T39QXG_20210317T221928,0,0.3660110054339929,2021-03-17 06:56:21.024000+00:00,2021-03-17 06:56:21.024,2021-03,T39QXG,0.9564896027247111,0.3653293251991272,0.6482499043146769
S2B_MSIL2A_20210312T065659_R063_T39QXG_20210312T174530_0000.jpg,S2B_MSIL2A_20210312T065659_R063_T39QXG_20210312T174530,0,0.3621601612399631,2021-03-12 06:56:59.024000+00:00,2021-03-12 06:56:59.024,2021-03,T39QXG,0.9564896027247111,0.3653293251991272,0.6482499043146769
S2A_MSIL2A_20210307T065731_R063_T39QXG_20210307T203727_0000.jpg,S2A_MSIL2A_20210307T065731_R063_T39QXG_20210307T203727,0,0.4333756672408128,2021-03-07 06:57:31.024000+00:00,2021-03-07 06:57:31.024,2021-03,T39QXG,0.9564896027247111,0.3653293251991272,0.6482499043146769
S2B_MSIL2A_20210302T065809_R063_T39QXG_20210302T153932_0000.jpg,S2B_MSIL2A_20210302T065809_R063_T39QXG_20210302T153932,1,0.4936150283099918,2021-03-02 06:58:09.024000+00:00,2021-03-02 06:58:09.024,2021-03,T39QXG,0.9564896027247111,0.3653293251991272,0.6482499043146769
S2A_MSIL2A_20210225T065851_R063_T39QXG_20210225T181931_0000.jpg,S2A_MSIL2A_20210225T065851_R063_T39QXG_20210225T181931,1,0.5864759708850209,2021-02-25 06:58:51.024000+00:00,2021-02-25 06:58:51.024,2021-02,T39QXG,0.942360371351242,0.28382460027933115,0.575027659535408
S2A_MSIL2A_20210215T065951_R063_T39QXG_20210215T202348_0000.jpg,S2A_MSIL2A_20210215T065951_R063_T39QXG_20210215T202348,0,0.3715576212808754,2021-02-15 06:59:51.024000+00:00,2021-02-15 06:59:51.024,2021-02,T39QXG,0.942360371351242,0.28382460027933115,0.575027659535408
S2A_MSIL2A_20210205T070051_R063_T39QXG_20210210T170018_0000.jpg,S2A_MSIL2A_20210205T070051_R063_T39QXG_20210210T170018,0,0.4594906297495384,2021-02-05 07:00:51.024000+00:00,2021-02-05 07:00:51.024,2021-02,T39QXG,0.942360371351242,0.28382460027933115,0.575027659535408
S2B_MSIL2A_20210131T070119_R063_T39QXG_20210201T152028_0000.jpg,S2B_MSIL2A_20210131T070119_R063_T39QXG_20210201T152028,1,0.569550879507093,2021-01-31 07:01:19.024000+00:00,2021-01-31 07:01:19.024,2021-01,T39QXG,0.8859131932258606,0.26393100619316096,0.5711910426616669
S2A_MSIL2A_20210126T070151_R063_T39QXG_20210201T045017_0000.jpg,S2A_MSIL2A_20210126T070151_R063_T39QXG_20210201T045017,1,0.7016610835729878,2021-01-26 07:01:51.024000+00:00,2021-01-26 07:01:51.024,2021-01,T39QXG,0.8859131932258606,0.26393100619316096,0.5711910426616669
S2B_MSIL2A_20210121T070209_R063_T39QXG_20210122T122053_0000.jpg,S2B_MSIL2A_20210121T070209_R063_T39QXG_20210122T122053,0,0.4397684528278534,2021-01-21 07:02:09.024000+00:00,2021-01-21 07:02:09.024,2021-01,T39QXG,0.8859131932258606,0.26393100619316096,0.5711910426616669
S2A_MSIL2A_20210116T070231_R063_T39QXG_20210116T213026_0000.jpg,S2A_MSIL2A_20210116T070231_R063_T39QXG_20210116T213026,0,0.4511808820265794,2021-01-16 07:02:31.024000+00:00,2021-01-16 07:02:31.024,2021-01,T39QXG,0.8859131932258606,0.26393100619316096,0.5711910426616669
S2B_MSIL2A_20210111T070249_R063_T39QXG_20210111T183409_0000.jpg,S2B_MSIL2A_20210111T070249_R063_T39QXG_20210111T183409,0,0.4489810002196616,2021-01-11 07:02:49.024000+00:00,2021-01-11 07:02:49.024,2021-01,T39QXG,0.8859131932258606,0.26393100619316096,0.5711910426616669
S2B_MSIL2A_20220327T065619_R063_T39QXG_20220327T201724_0000.jpg,S2B_MSIL2A_20220327T065619_R063_T39QXG_20220327T201724,0,0.1183716242070587,2022-03-27 06:56:19.024000+00:00,2022-03-27 06:56:19.024,2022-03,T39QXG,0.9218500057856241,0.22325302163759864,0.5369356175263723
S2A_MSIL2A_20220322T065631_R063_T39QXG_20240522T141858_0000.jpg,S2A_MSIL2A_20220322T065631_R063_T39QXG_20240522T141858,0,0.0683699286089307,2022-03-22 06:56:31.024000+00:00,2022-03-22 06:56:31.024,2022-03,T39QXG,0.9218500057856241,0.22325302163759864,0.5369356175263723
S2A_MSIL2A_20220322T065631_R063_T39QXG_20220322T215023_0000.jpg,S2A_MSIL2A_20220322T065631_R063_T39QXG_20220322T215023,0,0.1140183164002375,2022-03-22 06:56:31.024000+00:00,2022-03-22 06:56:31.024,2022-03,T39QXG,0.9218500057856241,0.22325302163759864,0.5369356175263723
S2B_MSIL2A_20220317T065619_R063_T39QXG_20240523T103231_0000.jpg,S2B_MSIL2A_20220317T065619_R063_T39QXG_20240523T103231,0,0.0564880056621762,2022-03-17 06:56:19.024000+00:00,2022-03-17 06:56:19.024,2022-03,T39QXG,0.9218500057856241,0.22325302163759864,0.5369356175263723
S2B_MSIL2A_20220317T065619_R063_T39QXG_20220317T172218_0000.jpg,S2B_MSIL2A_20220317T065619_R063_T39QXG_20220317T172218,0,0.108810657986673,2022-03-17 06:56:19.024000+00:00,2022-03-17 06:56:19.024,2022-03,T39QXG,0.9218500057856241,0.22325302163759864,0.5369356175263723
S2A_MSIL2A_20220312T065701_R063_T39QXG_20240523T070747_0000.jpg,S2A_MSIL2A_20220312T065701_R063_T39QXG_20240523T070747,1,0.0628524249753512,2022-03-12 06:57:01.024000+00:00,2022-03-12 06:57:01.024,2022-03,T39QXG,0.9218500057856241,0.22325302163759864,0.5369356175263723
S2A_MSIL2A_20220312T065701_R063_T39QXG_20220312T225303_0000.jpg,S2A_MSIL2A_20220312T065701_R063_T39QXG_20220312T225303,1,0.1051160955400273,2022-03-12 06:57:01.024000+00:00,2022-03-12 06:57:01.024,2022-03,T39QXG,0.9218500057856241,0.22325302163759864,0.5369356175263723
S2B_MSIL2A_20220307T065729_R063_T39QXG_20240524T222725_0000.jpg,S2B_MSIL2A_20220307T065729_R063_T39QXG_20240524T222725,1,0.0813235825565699,2022-03-07 06:57:29.024000+00:00,2022-03-07 06:57:29.024,2022-03,T39QXG,0.9218500057856241,0.22325302163759864,0.5369356175263723
S2B_MSIL2A_20220307T065729_R063_T39QXG_20220307T200029_0000.jpg,S2B_MSIL2A_20220307T065729_R063_T39QXG_20220307T200029,1,0.1294145663800258,2022-03-07 06:57:29.024000+00:00,2022-03-07 06:57:29.024,2022-03,T39QXG,0.9218500057856241,0.22325302163759864,0.5369356175263723
S2A_MSIL2A_20220302T065811_R063_T39QXG_20240528T164922_0000.jpg,S2A_MSIL2A_20220302T065811_R063_T39QXG_20240528T164922,1,0.0925497779477863,2022-03-02 06:58:11.024000+00:00,2022-03-02 06:58:11.024,2022-03,T39QXG,0.9218500057856241,0.22325302163759864,0.5369356175263723
S2A_MSIL2A_20220302T065811_R063_T39QXG_20220304T043204_0000.jpg,S2A_MSIL2A_20220302T065811_R063_T39QXG_20220304T043204,1,0.156224587305896,2022-03-02 06:58:11.024000+00:00,2022-03-02 06:58:11.024,2022-03,T39QXG,0.9218500057856241,0.22325302163759864,0.5369356175263723
S2B_MSIL2A_20220215T065949_R063_T39QXG_20220223T132730_0000.jpg,S2B_MSIL2A_20220215T065949_R063_T39QXG_20220223T132730,1,0.1708388983903919,2022-02-15 06:59:49.024000+00:00,2022-02-15 06:59:49.024,2022-02,T39QXG,0.9350898861885071,0.30799498160680133,0.5683964490890503
S2A_MSIL2A_20220210T070031_R063_T39QXG_20220221T065843_0000.jpg,S2A_MSIL2A_20220210T070031_R063_T39QXG_20220221T065843,1,0.2023376139070418,2022-02-10 07:00:31.024000+00:00,2022-02-10 07:00:31.024,2022-02,T39QXG,0.9350898861885071,0.30799498160680133,0.5683964490890503
S2B_MSIL2A_20230322T065629_R063_T39QXG_20240827T110952_0000.jpg,S2B_MSIL2A_20230322T065629_R063_T39QXG_20240827T110952,0,0.0974674783882628,2023-03-22 06:56:29.024000+00:00,2023-03-22 06:56:29.024,2023-03,T39QXG,0.9063328802585602,0.3121097981929779,0.5926617830991745
S2B_MSIL2A_20230322T065629_R063_T39QXG_20230322T124101_0000.jpg,S2B_MSIL2A_20230322T065629_R063_T39QXG_20230322T124101,0,0.1403048065149853,2023-03-22 06:56:29.024000+00:00,2023-03-22 06:56:29.024,2023-03,T39QXG,0.9063328802585602,0.3121097981929779,0.5926617830991745
S2A_MSIL2A_20230317T065621_R063_T39QXG_20230317T125717_0000.jpg,S2A_MSIL2A_20230317T065621_R063_T39QXG_20230317T125717,0,0.0071878911623408,2023-03-17 06:56:21.024000+00:00,2023-03-17 06:56:21.024,2023-03,T39QXG,0.9063328802585602,0.3121097981929779,0.5926617830991745
S2B_MSIL2A_20230312T065709_R063_T39QXG_20240818T170744_0000.jpg,S2B_MSIL2A_20230312T065709_R063_T39QXG_20240818T170744,1,0.1220776639475572,2023-03-12 06:57:09.025000+00:00,2023-03-12 06:57:09.025,2023-03,T39QXG,0.9063328802585602,0.3121097981929779,0.5926617830991745
S2B_MSIL2A_20230312T065709_R063_T39QXG_20230312T141426_0000.jpg,S2B_MSIL2A_20230312T065709_R063_T39QXG_20230312T141426,1,0.1949459870568864,2023-03-12 06:57:09.025000+00:00,2023-03-12 06:57:09.025,2023-03,T39QXG,0.9063328802585602,0.3121097981929779,0.5926617830991745
S2A_MSIL2A_20230307T065731_R063_T39QXG_20240821T003413_0000.jpg,S2A_MSIL2A_20230307T065731_R063_T39QXG_20240821T003413,1,0.1472641495373692,2023-03-07 06:57:31.024000+00:00,2023-03-07 06:57:31.024,2023-03,T39QXG,0.9063328802585602,0.3121097981929779,0.5926617830991745
S2A_MSIL2A_20230307T065731_R063_T39QXG_20230307T123902_0000.jpg,S2A_MSIL2A_20230307T065731_R063_T39QXG_20230307T123902,1,0.2047394023080594,2023-03-07 06:57:31.024000+00:00,2023-03-07 06:57:31.024,2023-03,T39QXG,0.9063328802585602,0.3121097981929779,0.5926617830991745
S2A_MSIL2A_20230225T065851_R063_T39QXG_20230227T033301_0000.jpg,S2A_MSIL2A_20230225T065851_R063_T39QXG_20230227T033301,0,0.3449652782511058,2023-02-25 06:58:51.024000+00:00,2023-02-25 06:58:51.024,2023-02,T39QXG,0.9307266771793365,0.25547972321510315,0.5683264806866646
S2B_MSIL2A_20230210T070029_R063_T39QXG_20240813T093046_0000.jpg,S2B_MSIL2A_20230210T070029_R063_T39QXG_20240813T093046,0,0.1869048836696663,2023-02-10 07:00:29.024000+00:00,2023-02-10 07:00:29.024,2023-02,T39QXG,0.9307266771793365,0.25547972321510315,0.5683264806866646
S2B_MSIL2A_20230210T070029_R063_T39QXG_20230210T205643_0000.jpg,S2B_MSIL2A_20230210T070029_R063_T39QXG_20230210T205643,0,0.3002308497735642,2023-02-10 07:00:29.024000+00:00,2023-02-10 07:00:29.024,2023-02,T39QXG,0.9307266771793365,0.25547972321510315,0.5683264806866646
S2A_MSIL2A_20230205T070101_R063_T39QXG_20240817T062535_0000.jpg,S2A_MSIL2A_20230205T070101_R063_T39QXG_20240817T062535,1,0.9158796489489424,2023-02-05 07:01:01.024000+00:00,2023-02-05 07:01:01.024,2023-02,T39QXG,0.9307266771793365,0.25547972321510315,0.5683264806866646
S2A_MSIL2A_20230205T070101_R063_T39QXG_20230206T042309_0000.jpg,S2A_MSIL2A_20230205T070101_R063_T39QXG_20230206T042309,1,0.972560126896701,2023-02-05 07:01:01.024000+00:00,2023-02-05 07:01:01.024,2023-02,T39QXG,0.9307266771793365,0.25547972321510315,0.5683264806866646
S2B_MSIL2A_20230131T070119_R063_T39QXG_20230131T235314_0000.jpg,S2B_MSIL2A_20230131T070119_R063_T39QXG_20230131T235314,1,0.3355119113100205,2023-01-31 07:01:19.024000+00:00,2023-01-31 07:01:19.024,2023-01,T39QXG,0.9234244426091512,0.20136656860510505,0.6083480417728424
S2B_MSIL2A_20240326T065619_R063_T39QXG_20240326T132139_0000.jpg,S2B_MSIL2A_20240326T065619_R063_T39QXG_20240326T132139,0,0.2587510174298339,2024-03-26 06:56:19.024000+00:00,2024-03-26 06:56:19.024,2024-03,T39QXG,0.9380014638106028,0.2823285559813182,0.5179284413655599
S2A_MSIL2A_20240321T065621_R063_T39QXG_20240321T122014_0000.jpg,S2A_MSIL2A_20240321T065621_R063_T39QXG_20240321T122014,0,0.2194997973035419,2024-03-21 06:56:21.024000+00:00,2024-03-21 06:56:21.024,2024-03,T39QXG,0.9380014638106028,0.2823285559813182,0.5179284413655599
S2B_MSIL2A_20240316T065629_R063_T39QXG_20240316T121959_0000.jpg,S2B_MSIL2A_20240316T065629_R063_T39QXG_20240316T121959,0,0.4422205521905571,2024-03-16 06:56:29.024000+00:00,2024-03-16 06:56:29.024,2024-03,T39QXG,0.9380014638106028,0.2823285559813182,0.5179284413655599
S2A_MSIL2A_20240311T065701_R063_T39QXG_20240311T150535_0000.jpg,S2A_MSIL2A_20240311T065701_R063_T39QXG_20240311T150535,1,0.3514182475973644,2024-03-11 06:57:01.024000+00:00,2024-03-11 06:57:01.024,2024-03,T39QXG,0.9380014638106028,0.2823285559813182,0.5179284413655599
S2B_MSIL2A_20240306T065739_R063_T39QXG_20240306T111016_0000.jpg,S2B_MSIL2A_20240306T065739_R063_T39QXG_20240306T111016,1,0.3792592489946,2024-03-06 06:57:39.024000+00:00,2024-03-06 06:57:39.024,2024-03,T39QXG,0.9380014638106028,0.2823285559813182,0.5179284413655599
S2A_MSIL2A_20240301T065821_R063_T39QXG_20240301T115335_0000.jpg,S2A_MSIL2A_20240301T065821_R063_T39QXG_20240301T115335,0,0.3600359887342654,2024-03-01 06:58:21.024000+00:00,2024-03-01 06:58:21.024,2024-03,T39QXG,0.9380014638106028,0.2823285559813182,0.5179284413655599
S2A_MSIL2A_20240220T065921_R063_T39QXG_20240220T112915_0000.jpg,S2A_MSIL2A_20240220T065921_R063_T39QXG_20240220T112915,0,0.3479983310143714,2024-02-20 06:59:21.024000+00:00,2024-02-20 06:59:21.024,2024-02,T39QXG,0.9023296435674032,0.2581621805826823,0.47149990995724994
S2B_MSIL2A_20240215T065959_R063_T39QXG_20240215T111952_0000.jpg,S2B_MSIL2A_20240215T065959_R063_T39QXG_20240215T111952,1,0.4222664039326806,2024-02-15 06:59:59.024000+00:00,2024-02-15 06:59:59.024,2024-02,T39QXG,0.9023296435674032,0.2581621805826823,0.47149990995724994
S2A_MSIL2A_20240210T070031_R063_T39QXG_20240210T111914_0000.jpg,S2A_MSIL2A_20240210T070031_R063_T39QXG_20240210T111914,1,0.4206924045873595,2024-02-10 07:00:31.024000+00:00,2024-02-10 07:00:31.024,2024-02,T39QXG,0.9023296435674032,0.2581621805826823,0.47149990995724994
S2A_MSIL2A_20240121T070211_R063_T39QXG_20240121T131026_0000.jpg,S2A_MSIL2A_20240121T070211_R063_T39QXG_20240121T131026,1,0.416593081071165,2024-01-21 07:02:11.024000+00:00,2024-01-21 07:02:11.024,2024-01,T39QXG,0.9069376786549886,0.27362516522407526,0.5113105575243632
S2A_MSIL2A_20240111T070241_R063_T39QXG_20240111T113149_0000.jpg,S2A_MSIL2A_20240111T070241_R063_T39QXG_20240111T113149,1,0.4687945233980315,2024-01-11 07:02:41.024000+00:00,2024-01-11 07:02:41.024,2024-01,T39QXG,0.9069376786549886,0.27362516522407526,0.5113105575243632
S2B_MSIL2A_20240106T070259_R063_T39QXG_20240106T101530_0000.jpg,S2B_MSIL2A_20240106T070259_R063_T39QXG_20240106T101530,0,0.4236140674311359,2024-01-06 07:02:59.024000+00:00,2024-01-06 07:02:59.024,2024-01,T39QXG,0.9069376786549886,0.27362516522407526,0.5113105575243632
S2A_MSIL2A_20240101T070301_R063_T39QXG_20240101T114458_0000.jpg,S2A_MSIL2A_20240101T070301_R063_T39QXG_20240101T114458,0,0.3511423541356238,2024-01-01 07:03:01.024000+00:00,2024-01-01 07:03:01.024,2024-01,T39QXG,0.9069376786549886,0.27362516522407526,0.5113105575243632
S2B_MSIL2A_20231227T070309_R063_T39QXG_20231227T102112_0000.jpg,S2B_MSIL2A_20231227T070309_R063_T39QXG_20231227T102112,1,0.424805534737671,2023-12-27 07:03:09.024000+00:00,2023-12-27 07:03:09.024,2023-12,T39QXG,0.8545714616775513,0.23969760537147522,0.4991869807243347
S2C_MSIL2A_20250125T070221_R063_T39QXG_20250125T110112_0000.jpg,S2C_MSIL2A_20250125T070221_R063_T39QXG_20250125T110112,1,0.431920777139743,2025-01-25 07:02:21.025000+00:00,2025-01-25 07:02:21.025,2025-01,T39QXG,0.8982308010260264,0.2662655040621757,0.5548610389232635
S2A_MSIL2A_20250115T070231_R063_T39QXG_20250115T101359_0000.jpg,S2A_MSIL2A_20250115T070231_R063_T39QXG_20250115T101359,1,0.4683248251739059,2025-01-15 07:02:31.024000+00:00,2025-01-15 07:02:31.024,2025-01,T39QXG,0.8982308010260264,0.2662655040621757,0.5548610389232635
S2B_MSIL2A_20250110T070149_R063_T39QXG_20250110T091744_0000.jpg,S2B_MSIL2A_20250110T070149_R063_T39QXG_20250110T091744,1,0.4516016199788794,2025-01-10 07:01:49.024000+00:00,2025-01-10 07:01:49.024,2025-01,T39QXG,0.8982308010260264,0.2662655040621757,0.5548610389232635
S2A_MSIL2A_20250105T070301_R063_T39QXG_20250105T101308_0000.jpg,S2A_MSIL2A_20250105T070301_R063_T39QXG_20250105T101308,1,0.4754353135903592,2025-01-05 07:03:01.024000+00:00,2025-01-05 07:03:01.024,2025-01,T39QXG,0.8982308010260264,0.2662655040621757,0.5548610389232635
S2A_MSIL2A_20241226T070311_R063_T39QXG_20241226T100152_0000.jpg,S2A_MSIL2A_20241226T070311_R063_T39QXG_20241226T100152,1,0.4542637626507109,2024-12-26 07:03:11.024000+00:00,2024-12-26 07:03:11.024,2024-12,T39QXG,0.9235469222068786,0.25167443156242364,0.5678490161895752
